<?xml version="1.0" encoding="UTF-8"?><component xmlns="http://www.wiley.com/namespaces/wiley" xmlns:wiley="http://www.wiley.com/namespaces/wiley/wiley" type="bookChapter" version="2.0" xml:id="w9781394236114c11" xml:lang="en">
           
    
    <header>
                      
        
        <publicationMeta level="product">
                                 
            
            <publisherInfo>
                                            
                
                <publisherName>John Wiley &amp; Sons, Inc.</publisherName>
                                            
                
                <publisherLoc>Hoboken, NJ, USA</publisherLoc>
                                         
            
            </publisherInfo>
                                 
            
            <doi origin="wiley" registered="yes">10.1002/9781394236145</doi>
                                 
            
            <isbn type="online-13">9781394236145</isbn>
                                 
            
            <isbn type="printCloth-13">9781394236114</isbn>
                                 
            
            <idGroup>
                                            
                
                <id type="product" value="N9781394236145"/>
                                         
            
            </idGroup>
                                 
            
            <titleGroup>
                                            
                
                <title sort="CHARACTERIZING BIOTHERAPEUTICS: ANALYTICAL METHODS FOR DIVERSE MODALITIES" type="main">Characterizing Biotherapeutics</title>
                                            
                
                <title type="subtitle">Analytical Methods for Diverse Modalities</title>
                                            
                
                <title type="tocForm">Characterizing Biotherapeutics: Analytical Methods for Diverse Modalities</title>
                                         
            
            </titleGroup>
                                 
            
            <copyright ownership="publisher">© 2025 John Wiley &amp; Sons, Inc.</copyright>
                                 
            
            <eventGroup>
                                            
                
                <event date="2025-06-17" type="publishedPrint"/>
                                         
            
            </eventGroup>
                                 
            
            <creators>
                                            
                
                <creator affiliationRef="#aff-0001" creatorRole="editor" xml:id="cr-0001">
                                                       
                    
                    <personName>
                                                                  
                        
                        <givenNames>Jennie R.</givenNames>
                                                                  
                        
                        <familyName>Lill</familyName>
                                                               
                    
                    </personName>
                                                    
                
                </creator>
                                            
                
                <creator affiliationRef="#aff-0002" creatorRole="editor" xml:id="cr-0002">
                                                       
                    
                    <personName>
                                                                  
                        
                        <givenNames>Wendy</givenNames>
                                                                  
                        
                        <familyName>Sandoval</familyName>
                                                               
                    
                    </personName>
                                                    
                
                </creator>
                                         
            
            </creators>
                                 
            
            <affiliationGroup>
                                            
                
                <affiliation countryCode="US" type="organization" xml:id="aff-0001">
                                                       
                    
                    <orgName>Nottingham Trent University</orgName>
                                                       
                    
                    <orgDiv>Protein Chemistry</orgDiv>
                                                       
                    
                    <address>
                                                                  
                        
                        <street>140 Blackurn Terrace</street>
                                                                  
                        
                        <city>Pacifica</city>
                                                                  
                        
                        <postCode>94044</postCode>
                                                                  
                        
                        <country>United States</country>
                                                               
                    
                    </address>
                                                    
                
                </affiliation>
                                            
                
                <affiliation countryCode="US" type="organization" xml:id="aff-0002">
                                                       
                    
                    <address>
                                                                  
                        
                        <street>1345 Tuolumne Rd,</street>
                                                                  
                        
                        <city>Millbrae</city>
                                                                  
                        
                        <postCode>94030</postCode>
                                                                  
                        
                        <country>United States</country>
                                                               
                    
                    </address>
                                                    
                
                </affiliation>
                                         
            
            </affiliationGroup>
                              
        
        </publicationMeta>
                      
        
        <publicationMeta level="part">
                                 
            
            <titleGroup>
                                            
                
                <title type="main">Part 4</title>
                                            
                
                <title type="name">Part</title>
                                         
            
            </titleGroup>
                                 
            
            <numberingGroup>
                                            
                
                <numbering number="4" type="main">4</numbering>
                                         
            
            </numberingGroup>
                              
        
        </publicationMeta>
                      
        
        <publicationMeta level="unit" position="120" type="chapter">
                                 
            
            <doi origin="wiley" registered="yes">10.1002/9781394236145.ch11</doi>
                                 
            
            <idGroup>
                                            
                
                <id type="unit" value="ch11"/>
                                            
                
                <id type="file" value="ch11"/>
                                         
            
            </idGroup>
                                 
            
            <countGroup>
                                            
                
                <count number="25" type="pageTotal"/>
                                         
            
            </countGroup>
                                 
            
            <copyright ownership="publisher">© 2025 John Wiley &amp; Sons, Inc.</copyright>
                                 
            
            <eventGroup><event agent="SPi Global" date="2025-06-05" type="xmlCreated"/><event date="2025-06-06" type="publishedOnlineFinalForm"/><event date="2025-06-06" type="firstOnline"/><event type="xmlConverted" agent="Converter:WML3G_To_WML3G version:1.9.3 mode:Header,remove_FC" date="2025-06-06"/></eventGroup>
                                 
            
            <numberingGroup>
                                            
                
                <numbering type="main">11</numbering>
                                            
                
                <numbering type="pageFirst">197</numbering>
                                            
                
                <numbering type="pageLast">221</numbering>
                                         
            
            </numberingGroup>
                                 
            
            <linkGroup>
                                            
                
                <link href="file:ch11.pdf" type="toTypesetVersion"/>
                                         
            
            </linkGroup>
                              
        
        </publicationMeta>
                      
        
        <contentMeta>
                                 
            
            <countGroup>
                                            
                
                <count number="6" type="figureTotal"/>
                                            
                
                <count number="1" type="tableTotal"/>
                                            
                
                <count number="145" type="referenceTotal"/>
                                         
            
            </countGroup>
                                 
            
            <titleGroup>
                                            
                
                <title type="main">Immunogenicity Profiling of Biotherapeutics (Wiley Book – Bioanalytical Characterization of New Therapeutic Modalities)</title>
                                         
            
            </titleGroup>
                                 
            
            <creators>
                                            
                
                <creator affiliationRef="#c11-aff-0001" creatorRole="author" currentRef="#c11-aff-0001" xml:id="c11-cr-0001">
                                                       
                    
                    <personName>
                                                                  
                        
                        <givenNames>Qui T.</givenNames>
                                                                  
                        
                        <familyName>Phung</familyName>
                                                               
                    
                    </personName>
                                                    
                
                </creator>
                                            
                
                <creator affiliationRef="#c11-aff-0002" creatorRole="author" xml:id="c11-cr-0002">
                                                       
                    
                    <personName>
                                                                  
                        
                        <givenNames>M. Violet</givenNames>
                                                                  
                        
                        <familyName>Lee</familyName>
                                                               
                    
                    </personName>
                                                    
                
                </creator>
                                            
                
                <creator affiliationRef="#c11-aff-0002" creatorRole="author" xml:id="c11-cr-0003">
                                                       
                    
                    <personName>
                                                                  
                        
                        <givenNames>Ola</givenNames>
                                                                  
                        
                        <familyName>Saad</familyName>
                                                               
                    
                    </personName>
                                                    
                
                </creator>
                                            
                
                <creator affiliationRef="#c11-aff-0002" creatorRole="author" xml:id="c11-cr-0004">
                                                       
                    
                    <personName>
                                                                  
                        
                        <givenNames>Sivan</givenNames>
                                                                  
                        
                        <familyName>Cohen</familyName>
                                                               
                    
                    </personName>
                                                    
                
                </creator>
                                            
                
                <creator affiliationRef="#c11-aff-0003" creatorRole="author" xml:id="c11-cr-0005">
                                                       
                    
                    <personName>
                                                                  
                        
                        <givenNames>Yinyin</givenNames>
                                                                  
                        
                        <familyName>Li</familyName>
                                                               
                    
                    </personName>
                                                    
                
                </creator>
                                            
                
                <creator affiliationRef="#c11-aff-0003" creatorRole="author" xml:id="c11-cr-0006">
                                                       
                    
                    <personName>
                                                                  
                        
                        <givenNames>Mercedesz</givenNames>
                                                                  
                        
                        <familyName>Balasz</familyName>
                                                               
                    
                    </personName>
                                                    
                
                </creator>
                                            
                
                <creator affiliationRef="#c11-aff-0004" creatorRole="author" xml:id="c11-cr-0007">
                                                       
                    
                    <personName>
                                                                  
                        
                        <givenNames>Jieming</givenNames>
                                                                  
                        
                        <familyName>Chen</familyName>
                                                               
                    
                    </personName>
                                                    
                
                </creator>
                                            
                
                <creator affiliationRef="#c11-aff-0002" creatorRole="author" xml:id="c11-cr-0008">
                                                       
                    
                    <personName>
                                                                  
                        
                        <givenNames>Zhaojun</givenNames>
                                                                  
                        
                        <familyName>Yin</familyName>
                                                               
                    
                    </personName>
                                                    
                
                </creator>
                                            
                
                <creator affiliationRef="#c11-aff-0001" creatorRole="author" xml:id="c11-cr-0009">
                                                       
                    
                    <personName>
                                                                  
                        
                        <givenNames>Zhenru</givenNames>
                                                                  
                        
                        <familyName>Zhou</familyName>
                                                               
                    
                    </personName>
                                                    
                
                </creator>
                                            
                
                <creator affiliationRef="#c11-aff-0001" creatorRole="author" currentRef="#c11-aff-0001" xml:id="c11-cr-0010">
                                                       
                    
                    <personName>
                                                                  
                        
                        <givenNames>Jennie R.</givenNames>
                                                                  
                        
                        <familyName>Lill</familyName>
                                                               
                    
                    </personName>
                                                    
                
                </creator>
                                         
            
            </creators>
                                 
            
            <affiliationGroup>
                                            
                
                <affiliation countryCode="US" type="organization" xml:id="c11-aff-0001">
                                                       
                    
                    <orgDiv>Proteomic and Genomic Technologies</orgDiv>
                                                       
                    
                    <orgName>Genentech</orgName>
                                                       
                    
                    <address>
                                                                  
                        
                        <city>South San Francisco</city>
                                                                  
                        
                        <countryPart>CA</countryPart>
                                                                  
                        
                        <country>USA</country>
                                                               
                    
                    </address>
                                                    
                
                </affiliation>
                                            
                
                <affiliation countryCode="US" type="organization" xml:id="c11-aff-0002">
                                                       
                    
                    <orgDiv>Bioanalytical Sciences</orgDiv>
                                                       
                    
                    <orgName>Genentech, Inc.</orgName>
                                                       
                    
                    <address>
                                                                  
                        
                        <city>South San Francisco</city>
                                                                  
                        
                        <countryPart>CA</countryPart>
                                                                  
                        
                        <country>USA</country>
                                                               
                    
                    </address>
                                                    
                
                </affiliation>
                                            
                
                <affiliation countryCode="US" type="organization" xml:id="c11-aff-0003">
                                                       
                    
                    <orgDiv>Biochemical and Cellular Pharmacology</orgDiv>
                                                       
                    
                    <orgName>Genentech</orgName>
                                                       
                    
                    <address>
                                                                  
                        
                        <city>South San Francisco</city>
                                                                  
                        
                        <countryPart>CA</countryPart>
                                                                  
                        
                        <country>USA</country>
                                                               
                    
                    </address>
                                                    
                
                </affiliation>
                                            
                
                <affiliation countryCode="US" type="organization" xml:id="c11-aff-0004">
                                                       
                    
                    <orgDiv>gRED Computational Sciences</orgDiv>
                                                       
                    
                    <orgName>Genentech</orgName>
                                                       
                    
                    <address>
                                                                  
                        
                        <city>South San Francisco</city>
                                                                  
                        
                        <countryPart>CA</countryPart>
                                                                  
                        
                        <country>USA</country>
                                                               
                    
                    </address>
                                                    
                
                </affiliation>
                                         
            
            </affiliationGroup>
                                 
            
            <keywordGroup type="author">
                                            
                
                <keyword xml:id="c11-kwd-0001">immunogenicity</keyword>
                                            
                
                <keyword xml:id="c11-kwd-0002">biotherapeutics</keyword>
                                            
                
                <keyword xml:id="c11-kwd-0003">anti‐drug antibody (ADA)</keyword>
                                            
                
                <keyword xml:id="c11-kwd-0004">T‐cell epitopes</keyword>
                                            
                
                <keyword xml:id="c11-kwd-0005">MHC class II</keyword>
                                            
                
                <keyword xml:id="c11-kwd-0006">dendritic cells (DCs)</keyword>
                                            
                
                <keyword xml:id="c11-kwd-0007">
                                                       
                    
                    <i>in silico</i>
                                         prediction
                
                </keyword>
                                            
                
                <keyword xml:id="c11-kwd-0008">mass spectrometry</keyword>
                                            
                
                <keyword xml:id="c11-kwd-0009">Major histocompatibility complex‐associated peptide proteomics (MAPPs)</keyword>
                                            
                
                <keyword xml:id="c11-kwd-0010">humanization</keyword>
                                         
            
            </keywordGroup>
                                 
            
            <abstractGroup>
                                            
                
                <abstract type="main">
                                                       
                    
                    <title type="main">Summary</title>
                                                       
                    
                    <p xml:id="c11-para-0001">
                                                As more highly engineered and sophisticated biotherapeutics enter the clinic, anti‐drug antibody (ADA) responses are becoming an increasing concern. ADA responses can lead to less efficacy and sometimes accelerated clearance and/or safety issues for the bioengineered therapeutic and in some cases can induce severe adverse effects to the patient. To identify potential T‐cell epitopes that can trigger unwanted immune reactions to protein therapeutics, a variety of tools have been developed. These consist of techniques to characterize immune cellular response in the presence of the therapeutic product, and 
                        
                        <i>in silico</i>
                                                 algorithms for pinpointing immunogenic “hotspots” in a protein sequence. These techniques include T‐cell assays, DC internalization assays, and mass spectrometric analyses, most notably using the “Major Histocompatibility Complex‐Associated Peptide Proteomics” (MAPPs) protocol. This section outlines recent protocols that empower researchers to either re‐engineer biotherapeutic components into a less immunogenic format or opt for the least immunogenic moiety for clinical trials when multiple lead candidate molecules are available.
                    
                    </p>
                                                    
                
                </abstract>
                                         
            
            </abstractGroup>
                              
        
        </contentMeta>
                      
        
        <noteGroup xml:id="c11-ntgp-0001">
                                 
            
            <note xml:id="c11-note-0001">
                                            
                
                <label>*</label>
                                Joint corresponding authors.
            
            </note>
                              
        
        </noteGroup>
                   
    
    </header>
           
    
    
        

</component>