<?xml version="1.0" encoding="UTF-8"?><component xmlns="http://www.wiley.com/namespaces/wiley" xmlns:wiley="http://www.wiley.com/namespaces/wiley/wiley" type="bookChapter" version="2.0" xml:id="w9781394236114c12" xml:lang="en">
           
    
    <header>
                      
        
        <publicationMeta level="product">
                                 
            
            <publisherInfo>
                                            
                
                <publisherName>John Wiley &amp; Sons, Inc.</publisherName>
                                            
                
                <publisherLoc>Hoboken, NJ, USA</publisherLoc>
                                         
            
            </publisherInfo>
                                 
            
            <doi origin="wiley" registered="yes">10.1002/9781394236145</doi>
                                 
            
            <isbn type="online-13">9781394236145</isbn>
                                 
            
            <isbn type="printCloth-13">9781394236114</isbn>
                                 
            
            <idGroup>
                                            
                
                <id type="product" value="N9781394236145"/>
                                         
            
            </idGroup>
                                 
            
            <titleGroup>
                                            
                
                <title sort="CHARACTERIZING BIOTHERAPEUTICS: ANALYTICAL METHODS FOR DIVERSE MODALITIES" type="main">Characterizing Biotherapeutics</title>
                                            
                
                <title type="subtitle">Analytical Methods for Diverse Modalities</title>
                                            
                
                <title type="tocForm">Characterizing Biotherapeutics: Analytical Methods for Diverse Modalities</title>
                                         
            
            </titleGroup>
                                 
            
            <copyright ownership="publisher">© 2025 John Wiley &amp; Sons, Inc.</copyright>
                                 
            
            <eventGroup>
                                            
                
                <event date="2025-06-17" type="publishedPrint"/>
                                         
            
            </eventGroup>
                                 
            
            <creators>
                                            
                
                <creator affiliationRef="#aff-0001" creatorRole="editor" xml:id="cr-0001">
                                                       
                    
                    <personName>
                                                                  
                        
                        <givenNames>Jennie R.</givenNames>
                                                                  
                        
                        <familyName>Lill</familyName>
                                                               
                    
                    </personName>
                                                    
                
                </creator>
                                            
                
                <creator affiliationRef="#aff-0002" creatorRole="editor" xml:id="cr-0002">
                                                       
                    
                    <personName>
                                                                  
                        
                        <givenNames>Wendy</givenNames>
                                                                  
                        
                        <familyName>Sandoval</familyName>
                                                               
                    
                    </personName>
                                                    
                
                </creator>
                                         
            
            </creators>
                                 
            
            <affiliationGroup>
                                            
                
                <affiliation countryCode="US" type="organization" xml:id="aff-0001">
                                                       
                    
                    <orgName>Nottingham Trent University</orgName>
                                                       
                    
                    <orgDiv>Protein Chemistry</orgDiv>
                                                       
                    
                    <address>
                                                                  
                        
                        <street>140 Blackurn Terrace</street>
                                                                  
                        
                        <city>Pacifica</city>
                                                                  
                        
                        <postCode>94044</postCode>
                                                                  
                        
                        <country>United States</country>
                                                               
                    
                    </address>
                                                    
                
                </affiliation>
                                            
                
                <affiliation countryCode="US" type="organization" xml:id="aff-0002">
                                                       
                    
                    <address>
                                                                  
                        
                        <street>1345 Tuolumne Rd,</street>
                                                                  
                        
                        <city>Millbrae</city>
                                                                  
                        
                        <postCode>94030</postCode>
                                                                  
                        
                        <country>United States</country>
                                                               
                    
                    </address>
                                                    
                
                </affiliation>
                                         
            
            </affiliationGroup>
                              
        
        </publicationMeta>
                      
        
        <publicationMeta level="part">
                                 
            
            <titleGroup>
                                            
                
                <title type="main">Part 4</title>
                                            
                
                <title type="name">Part</title>
                                         
            
            </titleGroup>
                                 
            
            <numberingGroup>
                                            
                
                <numbering number="4" type="main">4</numbering>
                                         
            
            </numberingGroup>
                              
        
        </publicationMeta>
                      
        
        <publicationMeta level="unit" position="130" type="chapter">
                                 
            
            <doi origin="wiley" registered="yes">10.1002/9781394236145.ch12</doi>
                                 
            
            <idGroup>
                                            
                
                <id type="unit" value="ch12"/>
                                            
                
                <id type="file" value="ch12"/>
                                         
            
            </idGroup>
                                 
            
            <countGroup>
                                            
                
                <count number="19" type="pageTotal"/>
                                         
            
            </countGroup>
                                 
            
            <copyright ownership="publisher">© 2025 John Wiley &amp; Sons, Inc.</copyright>
                                 
            
            <eventGroup><event agent="SPi Global" date="2025-06-05" type="xmlCreated"/><event date="2025-06-06" type="publishedOnlineFinalForm"/><event date="2025-06-06" type="firstOnline"/><event type="xmlConverted" agent="Converter:WML3G_To_WML3G version:1.9.3 mode:Header,remove_FC" date="2025-06-06"/></eventGroup>
                                 
            
            <numberingGroup>
                                            
                
                <numbering type="main">12</numbering>
                                            
                
                <numbering type="pageFirst">223</numbering>
                                            
                
                <numbering type="pageLast">241</numbering>
                                         
            
            </numberingGroup>
                                 
            
            <linkGroup>
                                            
                
                <link href="file:ch12.pdf" type="toTypesetVersion"/>
                                         
            
            </linkGroup>
                              
        
        </publicationMeta>
                      
        
        <contentMeta>
                                 
            
            <countGroup>
                                            
                
                <count number="8" type="figureTotal"/>
                                            
                
                <count number="145" type="referenceTotal"/>
                                         
            
            </countGroup>
                                 
            
            <titleGroup>
                                            
                
                <title type="main">High‐Throughput Biophysical Assays for Developability Assessment</title>
                                         
            
            </titleGroup>
                                 
            
            <creators>
                                            
                
                <creator affiliationRef="#c12-aff-0001" creatorRole="author" xml:id="c12-cr-0001">
                                                       
                    
                    <personName>
                                                                  
                        
                        <givenNames>Emma</givenNames>
                                                                  
                        
                        <familyName>Pelegri‐O'Day</familyName>
                                                               
                    
                    </personName>
                                                    
                
                </creator>
                                            
                
                <creator affiliationRef="#c12-aff-0002" creatorRole="author" xml:id="c12-cr-0002">
                                                       
                    
                    <personName>
                                                                  
                        
                        <givenNames>Nithya</givenNames>
                                                                  
                        
                        <familyName>Srinivasan</familyName>
                                                               
                    
                    </personName>
                                                    
                
                </creator>
                                         
            
            </creators>
                                 
            
            <affiliationGroup>
                                            
                
                <affiliation countryCode="US" type="organization" xml:id="c12-aff-0001">
                                                       
                    
                    <orgDiv>Amgen Research</orgDiv>
                                                       
                    
                    <orgName>Amgen Inc</orgName>
                                                       
                    
                    <address>
                                                                  
                        
                        <city>South San Francisco, CA</city>
                                                                  
                        
                        <country>USA</country>
                                                               
                    
                    </address>
                                                    
                
                </affiliation>
                                            
                
                <affiliation countryCode="US" type="organization" xml:id="c12-aff-0002">
                                                       
                    
                    <orgDiv>Amgen Research</orgDiv>
                                                       
                    
                    <orgName>Amgen Inc</orgName>
                                                       
                    
                    <address>
                                                                  
                        
                        <city>Thousand Oaks, CA</city>
                                                                  
                        
                        <country>USA</country>
                                                               
                    
                    </address>
                                                    
                
                </affiliation>
                                         
            
            </affiliationGroup>
                                 
            
            <keywordGroup type="author">
                                            
                
                <keyword xml:id="c12-kwd-0001">developability</keyword>
                                            
                
                <keyword xml:id="c12-kwd-0002">biophysical assays</keyword>
                                            
                
                <keyword xml:id="c12-kwd-0003">high throughput</keyword>
                                            
                
                <keyword xml:id="c12-kwd-0004">aggregation</keyword>
                                            
                
                <keyword xml:id="c12-kwd-0005">mass spectrometry (MS)</keyword>
                                            
                
                <keyword xml:id="c12-kwd-0006">hydrophobicity</keyword>
                                            
                
                <keyword xml:id="c12-kwd-0007">charge variants</keyword>
                                            
                
                <keyword xml:id="c12-kwd-0008">viscosity</keyword>
                                            
                
                <keyword xml:id="c12-kwd-0009">conformational stability</keyword>
                                            
                
                <keyword xml:id="c12-kwd-0010">chemical stability</keyword>
                                         
            
            </keywordGroup>
                                 
            
            <abstractGroup>
                                            
                
                <abstract type="main">
                                                       
                    
                    <title type="main">Summary</title>
                                                       
                    
                    <p xml:id="c12-para-0001">A high‐quality developability profile is a key feature for large molecule biological drugs and is typically assessed during the discovery stage of the molecule. Successful screening campaigns of large candidate panels to select a clinical lead utilize a suite of assays that can quickly select or exclude candidate molecules using a very limited amount of material. While there are many critical attributes that inform on developability, including suitable pharmacokinetic and pharmacodynamic profiles, biophysical properties, manufacturing productivity, and acceptable safety, in this chapter, we focus on the application of biophysical assays to assess molecule developability. This review chapter will outline emerging developability workflows with a focus on high‐throughput analytics and data processing strategies. An outlook on risk assessment and mitigation strategies to increase the likelihood of success in selecting a clinical lead will be provided.</p>
                                                    
                
                </abstract>
                                         
            
            </abstractGroup>
                              
        
        </contentMeta>
                   
    
    </header>
           
    
    
        

</component>