<?xml version="1.0" encoding="UTF-8"?><component xmlns="http://www.wiley.com/namespaces/wiley" xmlns:wiley="http://www.wiley.com/namespaces/wiley/wiley" type="bookChapter" version="2.0" xml:id="w9781394236114c13" xml:lang="en">
           
    
    <header>
                      
        
        <publicationMeta level="product">
                                 
            
            <publisherInfo>
                                            
                
                <publisherName>John Wiley &amp; Sons, Inc.</publisherName>
                                            
                
                <publisherLoc>Hoboken, NJ, USA</publisherLoc>
                                         
            
            </publisherInfo>
                                 
            
            <doi origin="wiley" registered="yes">10.1002/9781394236145</doi>
                                 
            
            <isbn type="online-13">9781394236145</isbn>
                                 
            
            <isbn type="printCloth-13">9781394236114</isbn>
                                 
            
            <idGroup>
                                            
                
                <id type="product" value="N9781394236145"/>
                                         
            
            </idGroup>
                                 
            
            <titleGroup>
                                            
                
                <title sort="CHARACTERIZING BIOTHERAPEUTICS: ANALYTICAL METHODS FOR DIVERSE MODALITIES" type="main">Characterizing Biotherapeutics</title>
                                            
                
                <title type="subtitle">Analytical Methods for Diverse Modalities</title>
                                            
                
                <title type="tocForm">Characterizing Biotherapeutics: Analytical Methods for Diverse Modalities</title>
                                         
            
            </titleGroup>
                                 
            
            <copyright ownership="publisher">© 2025 John Wiley &amp; Sons, Inc.</copyright>
                                 
            
            <eventGroup>
                                            
                
                <event date="2025-06-17" type="publishedPrint"/>
                                         
            
            </eventGroup>
                                 
            
            <creators>
                                            
                
                <creator affiliationRef="#aff-0001" creatorRole="editor" xml:id="cr-0001">
                                                       
                    
                    <personName>
                                                                  
                        
                        <givenNames>Jennie R.</givenNames>
                                                                  
                        
                        <familyName>Lill</familyName>
                                                               
                    
                    </personName>
                                                    
                
                </creator>
                                            
                
                <creator affiliationRef="#aff-0002" creatorRole="editor" xml:id="cr-0002">
                                                       
                    
                    <personName>
                                                                  
                        
                        <givenNames>Wendy</givenNames>
                                                                  
                        
                        <familyName>Sandoval</familyName>
                                                               
                    
                    </personName>
                                                    
                
                </creator>
                                         
            
            </creators>
                                 
            
            <affiliationGroup>
                                            
                
                <affiliation countryCode="US" type="organization" xml:id="aff-0001">
                                                       
                    
                    <orgName>Nottingham Trent University</orgName>
                                                       
                    
                    <orgDiv>Protein Chemistry</orgDiv>
                                                       
                    
                    <address>
                                                                  
                        
                        <street>140 Blackurn Terrace</street>
                                                                  
                        
                        <city>Pacifica</city>
                                                                  
                        
                        <postCode>94044</postCode>
                                                                  
                        
                        <country>United States</country>
                                                               
                    
                    </address>
                                                    
                
                </affiliation>
                                            
                
                <affiliation countryCode="US" type="organization" xml:id="aff-0002">
                                                       
                    
                    <address>
                                                                  
                        
                        <street>1345 Tuolumne Rd,</street>
                                                                  
                        
                        <city>Millbrae</city>
                                                                  
                        
                        <postCode>94030</postCode>
                                                                  
                        
                        <country>United States</country>
                                                               
                    
                    </address>
                                                    
                
                </affiliation>
                                         
            
            </affiliationGroup>
                              
        
        </publicationMeta>
                      
        
        <publicationMeta level="part">
                                 
            
            <titleGroup>
                                            
                
                <title type="main">Part 4</title>
                                            
                
                <title type="name">Part</title>
                                         
            
            </titleGroup>
                                 
            
            <numberingGroup>
                                            
                
                <numbering number="4" type="main">4</numbering>
                                         
            
            </numberingGroup>
                              
        
        </publicationMeta>
                      
        
        <publicationMeta level="unit" position="140" type="chapter">
                                 
            
            <doi origin="wiley" registered="yes">10.1002/9781394236145.ch13</doi>
                                 
            
            <idGroup>
                                            
                
                <id type="unit" value="ch13"/>
                                            
                
                <id type="file" value="ch13"/>
                                         
            
            </idGroup>
                                 
            
            <countGroup>
                                            
                
                <count number="17" type="pageTotal"/>
                                         
            
            </countGroup>
                                 
            
            <copyright ownership="publisher">© 2025 John Wiley &amp; Sons, Inc.</copyright>
                                 
            
            <eventGroup><event agent="SPi Global" date="2025-06-05" type="xmlCreated"/><event date="2025-06-06" type="publishedOnlineFinalForm"/><event date="2025-06-06" type="firstOnline"/><event type="xmlConverted" agent="Converter:WML3G_To_WML3G version:1.9.3 mode:Header,remove_FC" date="2025-06-06"/></eventGroup>
                                 
            
            <numberingGroup>
                                            
                
                <numbering type="main">13</numbering>
                                            
                
                <numbering type="pageFirst">243</numbering>
                                            
                
                <numbering type="pageLast">259</numbering>
                                         
            
            </numberingGroup>
                                 
            
            <linkGroup>
                                            
                
                <link href="file:ch13.pdf" type="toTypesetVersion"/>
                                         
            
            </linkGroup>
                              
        
        </publicationMeta>
                      
        
        <contentMeta>
                                 
            
            <countGroup>
                                            
                
                <count number="8" type="figureTotal"/>
                                            
                
                <count number="97" type="referenceTotal"/>
                                         
            
            </countGroup>
                                 
            
            <titleGroup>
                                            
                
                <title type="main">
                                        Establishing Analytical Methods for 
                    
                    <fc>RNA‐Based</fc>
                                         Therapeutics Characterization
                
                </title>
                                         
            
            </titleGroup>
                                 
            
            <creators>
                                            
                
                <creator affiliationRef="#c13-aff-0001" creatorRole="author" xml:id="c13-cr-0001">
                                                       
                    
                    <personName>
                                                                  
                        
                        <givenNames>Julien</givenNames>
                                                                  
                        
                        <familyName>Camperi</familyName>
                                                               
                    
                    </personName>
                                                    
                
                </creator>
                                            
                
                <creator affiliationRef="#c13-aff-0002" creatorRole="author" xml:id="c13-cr-0002">
                                                       
                    
                    <personName>
                                                                  
                        
                        <givenNames>Emily</givenNames>
                                                                  
                        
                        <familyName>Freund</familyName>
                                                               
                    
                    </personName>
                                                    
                
                </creator>
                                            
                
                <creator affiliationRef="#c13-aff-0002" creatorRole="author" xml:id="c13-cr-0003">
                                                       
                    
                    <personName>
                                                                  
                        
                        <givenNames>Carolina</givenNames>
                                                                  
                        
                        <familyName>Galan</familyName>
                                                               
                    
                    </personName>
                                                    
                
                </creator>
                                            
                
                <creator affiliationRef="#c13-aff-0003" creatorRole="author" xml:id="c13-cr-0004">
                                                       
                    
                    <personName>
                                                                  
                        
                        <givenNames>Axel</givenNames>
                                                                  
                        
                        <familyName>Guilbaud</familyName>
                                                               
                    
                    </personName>
                                                    
                
                </creator>
                                         
            
            </creators>
                                 
            
            <affiliationGroup>
                                            
                
                <affiliation countryCode="US" type="organization" xml:id="c13-aff-0001">
                                                       
                    
                    <orgDiv>Cell Therapy Engineering and Development</orgDiv>
                                                       
                    
                    <orgName>Genentech</orgName>
                                                       
                    
                    <address>
                                                                  
                        
                        <city>South San Francisco</city>
                                                                  
                        
                        <countryPart>CA</countryPart>
                                                                  
                        
                        <country>USA</country>
                                                               
                    
                    </address>
                                                    
                
                </affiliation>
                                            
                
                <affiliation countryCode="US" type="organization" xml:id="c13-aff-0002">
                                                       
                    
                    <orgDiv>Department of Molecular Biology</orgDiv>
                                                       
                    
                    <orgName>Genentech</orgName>
                                                       
                    
                    <address>
                                                                  
                        
                        <city>South San Francisco</city>
                                                                  
                        
                        <countryPart>CA</countryPart>
                                                                  
                        
                        <country>USA</country>
                                                               
                    
                    </address>
                                                    
                
                </affiliation>
                                            
                
                <affiliation countryCode="US" type="organization" xml:id="c13-aff-0003">
                                                       
                    
                    <orgDiv>Protein Analytical Chemistry</orgDiv>
                                                       
                    
                    <orgName>Genentech</orgName>
                                                       
                    
                    <address>
                                                                  
                        
                        <city>South San Francisco</city>
                                                                  
                        
                        <countryPart>CA</countryPart>
                                                                  
                        
                        <country>USA</country>
                                                               
                    
                    </address>
                                                    
                
                </affiliation>
                                         
            
            </affiliationGroup>
                                 
            
            <keywordGroup type="author">
                                            
                
                <keyword xml:id="c13-kwd-0001">RNA‐based therapeutics</keyword>
                                            
                
                <keyword xml:id="c13-kwd-0002">in vitro transcribed (IVT) mRNA</keyword>
                                            
                
                <keyword xml:id="c13-kwd-0003">drug development</keyword>
                                            
                
                <keyword xml:id="c13-kwd-0004">therapeutic proteins</keyword>
                                            
                
                <keyword xml:id="c13-kwd-0005">immune responses</keyword>
                                            
                
                <keyword xml:id="c13-kwd-0006">analytical challenges</keyword>
                                            
                
                <keyword xml:id="c13-kwd-0007">quality attributes</keyword>
                                            
                
                <keyword xml:id="c13-kwd-0008">purity</keyword>
                                            
                
                <keyword xml:id="c13-kwd-0009">mass spectrometry (MS)</keyword>
                                            
                
                <keyword xml:id="c13-kwd-0010">double‐stranded RNA (dsRNA)</keyword>
                                         
            
            </keywordGroup>
                                 
            
            <abstractGroup>
                                            
                
                <abstract type="main">
                                                       
                    
                    <title type="main">Summary</title>
                                                       
                    
                    <p xml:id="c13-para-0001">The development of RNA‐based therapeutics, particularly those utilizing in vitro transcribed (IVT) messenger RNA (mRNA), represents a significant advancement in drug development. These therapeutics offer the potential to direct cellular machinery to produce therapeutic proteins or trigger desired immune responses. The success of mRNA vaccines against COVID‐19 has highlighted the promise of mRNA as a new class of drugs, with applications extending to various diseases such as cardiovascular conditions, cancer, rabies, and cystic fibrosis. However, the characterization of RNA‐based therapeutics presents unique analytical challenges due to the inherent properties of RNA, including its susceptibility to degradation, structural heterogeneity, and the need for precise modifications. This chapter delves into the analytical methods essential for the characterization of RNA‐based therapeutics. It covers the critical quality attributes of mRNA, including RNA content, identity, integrity, purity, and functionality. Techniques such as UV spectroscopy, reverse transcription polymerase chain reaction (RT‐PCR), capillary electrophoresis (CE), high‐performance liquid chromatography (HPLC), and mass spectrometry (MS) are discussed in detail. These methods are crucial for ensuring the quality, efficacy, and safety of mRNA therapeutics. The chapter also addresses the challenges associated with in‐process‐related impurities, such as double‐stranded RNA (dsRNA), residual proteins, and plasmid DNA, which can affect the therapeutic efficacy and safety of mRNA products. Advanced purification techniques and sensitive detection methods are highlighted as essential tools for achieving high‐purity mRNA.</p>
                                                       
                    
                    <p xml:id="c13-para-0002">In conclusion, the chapter emphasizes the importance of continuous innovation and refinement of analytical methods to overcome existing challenges in the characterization of RNA‐based therapeutics. Ensuring the development of safe, effective, and high‐quality mRNA therapeutics is crucial for their successful application in modern medicine.</p>
                                                    
                
                </abstract>
                                         
            
            </abstractGroup>
                              
        
        </contentMeta>
                   
    
    </header>
           
    
    
        

</component>