<?xml version="1.0" encoding="UTF-8"?><component xmlns="http://www.wiley.com/namespaces/wiley" xmlns:wiley="http://www.wiley.com/namespaces/wiley/wiley" type="bookChapter" version="2.0" xml:id="w9781394236114c14" xml:lang="en">
           
    
    <header>
                      
        
        <publicationMeta level="product">
                                 
            
            <publisherInfo>
                                            
                
                <publisherName>John Wiley &amp; Sons, Inc.</publisherName>
                                            
                
                <publisherLoc>Hoboken, NJ, USA</publisherLoc>
                                         
            
            </publisherInfo>
                                 
            
            <doi origin="wiley" registered="yes">10.1002/9781394236145</doi>
                                 
            
            <isbn type="online-13">9781394236145</isbn>
                                 
            
            <isbn type="printCloth-13">9781394236114</isbn>
                                 
            
            <idGroup>
                                            
                
                <id type="product" value="N9781394236145"/>
                                         
            
            </idGroup>
                                 
            
            <titleGroup>
                                            
                
                <title sort="CHARACTERIZING BIOTHERAPEUTICS: ANALYTICAL METHODS FOR DIVERSE MODALITIES" type="main">Characterizing Biotherapeutics</title>
                                            
                
                <title type="subtitle">Analytical Methods for Diverse Modalities</title>
                                            
                
                <title type="tocForm">Characterizing Biotherapeutics: Analytical Methods for Diverse Modalities</title>
                                         
            
            </titleGroup>
                                 
            
            <copyright ownership="publisher">© 2025 John Wiley &amp; Sons, Inc.</copyright>
                                 
            
            <eventGroup>
                                            
                
                <event date="2025-06-17" type="publishedPrint"/>
                                         
            
            </eventGroup>
                                 
            
            <creators>
                                            
                
                <creator affiliationRef="#aff-0001" creatorRole="editor" xml:id="cr-0001">
                                                       
                    
                    <personName>
                                                                  
                        
                        <givenNames>Jennie R.</givenNames>
                                                                  
                        
                        <familyName>Lill</familyName>
                                                               
                    
                    </personName>
                                                    
                
                </creator>
                                            
                
                <creator affiliationRef="#aff-0002" creatorRole="editor" xml:id="cr-0002">
                                                       
                    
                    <personName>
                                                                  
                        
                        <givenNames>Wendy</givenNames>
                                                                  
                        
                        <familyName>Sandoval</familyName>
                                                               
                    
                    </personName>
                                                    
                
                </creator>
                                         
            
            </creators>
                                 
            
            <affiliationGroup>
                                            
                
                <affiliation countryCode="US" type="organization" xml:id="aff-0001">
                                                       
                    
                    <orgName>Nottingham Trent University</orgName>
                                                       
                    
                    <orgDiv>Protein Chemistry</orgDiv>
                                                       
                    
                    <address>
                                                                  
                        
                        <street>140 Blackurn Terrace</street>
                                                                  
                        
                        <city>Pacifica</city>
                                                                  
                        
                        <postCode>94044</postCode>
                                                                  
                        
                        <country>United States</country>
                                                               
                    
                    </address>
                                                    
                
                </affiliation>
                                            
                
                <affiliation countryCode="US" type="organization" xml:id="aff-0002">
                                                       
                    
                    <address>
                                                                  
                        
                        <street>1345 Tuolumne Rd,</street>
                                                                  
                        
                        <city>Millbrae</city>
                                                                  
                        
                        <postCode>94030</postCode>
                                                                  
                        
                        <country>United States</country>
                                                               
                    
                    </address>
                                                    
                
                </affiliation>
                                         
            
            </affiliationGroup>
                              
        
        </publicationMeta>
                      
        
        <publicationMeta level="part">
                                 
            
            <titleGroup>
                                            
                
                <title type="main">Part 4</title>
                                            
                
                <title type="name">Part</title>
                                         
            
            </titleGroup>
                                 
            
            <numberingGroup>
                                            
                
                <numbering number="4" type="main">4</numbering>
                                         
            
            </numberingGroup>
                              
        
        </publicationMeta>
                      
        
        <publicationMeta level="unit" position="150" type="chapter">
                                 
            
            <doi origin="wiley" registered="yes">10.1002/9781394236145.ch14</doi>
                                 
            
            <idGroup>
                                            
                
                <id type="unit" value="ch14"/>
                                            
                
                <id type="file" value="ch14"/>
                                         
            
            </idGroup>
                                 
            
            <countGroup>
                                            
                
                <count number="9" type="pageTotal"/>
                                         
            
            </countGroup>
                                 
            
            <copyright ownership="publisher">© 2025 John Wiley &amp; Sons, Inc.</copyright>
                                 
            
            <eventGroup><event agent="SPi Global" date="2025-06-05" type="xmlCreated"/><event date="2025-06-06" type="publishedOnlineFinalForm"/><event date="2025-06-06" type="firstOnline"/><event type="xmlConverted" agent="Converter:WML3G_To_WML3G version:1.9.3 mode:Header,remove_FC" date="2025-06-06"/></eventGroup>
                                 
            
            <numberingGroup>
                                            
                
                <numbering type="main">14</numbering>
                                            
                
                <numbering type="pageFirst">261</numbering>
                                            
                
                <numbering type="pageLast">269</numbering>
                                         
            
            </numberingGroup>
                                 
            
            <linkGroup>
                                            
                
                <link href="file:ch14.pdf" type="toTypesetVersion"/>
                                         
            
            </linkGroup>
                              
        
        </publicationMeta>
                      
        
        <contentMeta>
                                 
            
            <countGroup>
                                            
                
                <count number="2" type="figureTotal"/>
                                            
                
                <count number="2" type="tableTotal"/>
                                            
                
                <count number="33" type="referenceTotal"/>
                                         
            
            </countGroup>
                                 
            
            <titleGroup>
                                            
                
                <title type="main">Analytical Methods Shaping Cell Therapy Characterization</title>
                                         
            
            </titleGroup>
                                 
            
            <creators>
                                            
                
                <creator affiliationRef="#c14-aff-0001" creatorRole="author" xml:id="c14-cr-0001">
                                                       
                    
                    <personName>
                                                                  
                        
                        <familyName>Amritha</familyName>
                                                 
                  
                        
                        <givenNames>Lewis</givenNames>
                                                               
                    
                    </personName>
                                                    
                
                </creator>
                                            
                
                <creator affiliationRef="#c14-aff-0001" creatorRole="author" xml:id="c14-cr-0002">
                                                       
                    
                    <personName>
                                                                  
                        
                        <familyName>Sudeshna</familyName>
                                                 
                  
                        
                        <givenNames>Sadhu</givenNames>
                                                               
                    
                    </personName>
                                                    
                
                </creator>
                                            
                
                <creator affiliationRef="#c14-aff-0001" creatorRole="author" xml:id="c14-cr-0003">
                                                       
                    
                    <personName>
                                                                  
                        
                        <familyName>Rebecca</familyName>
                                                 
                  
                        
                        <givenNames>Melmon</givenNames>
                                                               
                    
                    </personName>
                                                    
                
                </creator>
                                            
                
                <creator affiliationRef="#c14-aff-0001" creatorRole="author" xml:id="c14-cr-0004">
                                                       
                    
                    <personName>
                                                                  
                        
                        <familyName>Rahamthulla</familyName>
                                                 
                  
                        
                        <givenNames>Shaik</givenNames>
                                                               
                    
                    </personName>
                                                    
                
                </creator>
                                            
                
                <creator affiliationRef="#c14-aff-0001" creatorRole="author" xml:id="c14-cr-0005">
                                                       
                    
                    <personName>
                                                                  
                        
                        <familyName>Egemen</familyName>
                                                 
                  
                        
                        <givenNames>Tutuncuoglu</givenNames>
                                                               
                    
                    </personName>
                                                    
                
                </creator>
                                            
                
                <creator affiliationRef="#c14-aff-0001" creatorRole="author" xml:id="c14-cr-0006">
                                                       
                    
                    <personName>
                                                                  
                        
                        <familyName>Amy</familyName>
                                                 
                  
                        
                        <givenNames>Gilbert</givenNames>
                                                               
                    
                    </personName>
                                                    
                
                </creator>
                                         
            
            </creators>
                                 
            
            <affiliationGroup>
                                            
                
                <affiliation countryCode="US" type="private" xml:id="c14-aff-0001">
                                                       
                    
                    <orgName>Adaptive Biotechnologies</orgName>
                                                       
                    
                    <address>
                                                                  
                        
                        <city>Seattle</city>
                                                                  
                        
                        <countryPart>WA</countryPart>
                                                                  
                        
                        <country>USA</country>
                                                               
                    
                    </address>
                                                    
                
                </affiliation>
                                         
            
            </affiliationGroup>
                                 
            
            <keywordGroup type="author">
                                            
                
                <keyword xml:id="c14-kwd-0001">cell therapy</keyword>
                                            
                
                <keyword xml:id="c14-kwd-0002">T cells</keyword>
                                            
                
                <keyword xml:id="c14-kwd-0003">flow cytometry</keyword>
                                            
                
                <keyword xml:id="c14-kwd-0004">gene expression</keyword>
                                            
                
                <keyword xml:id="c14-kwd-0005">functional assays</keyword>
                                            
                
                <keyword xml:id="c14-kwd-0006">immune receptors</keyword>
                                            
                
                <keyword xml:id="c14-kwd-0007">CAR T cells</keyword>
                                            
                
                <keyword xml:id="c14-kwd-0008">immunoSEQ</keyword>
                                            
                
                <keyword xml:id="c14-kwd-0009">analytical methods</keyword>
                                            
                
                <keyword xml:id="c14-kwd-0010">immune monitoring</keyword>
                                         
            
            </keywordGroup>
                                 
            
            <abstractGroup>
                                            
                
                <abstract type="main">
                                                       
                    
                    <title type="main">Summary</title>
                                                       
                    
                    <p xml:id="c14-para-0001">Cell therapy has emerged as a transformative approach in treating diseases such as cancer and autoimmune disorders. This chapter explores the critical role of analytical methods in the characterization of cell therapies, particularly T‐cell‐based therapies. Techniques such as flow cytometry, gene expression analysis, functional assays, and immune receptor sequencing are essential for ensuring the safety, efficacy, and understanding of therapeutic cells. The chapter delves into the preclinical and clinical stages of cell therapy development, highlighting the importance of immune monitoring and the challenges posed by the biological variability of living cells. By leveraging advanced analytical techniques, we can optimize therapeutic strategies and improve patient outcomes in the evolving field of cell therapy.</p>
                                                    
                
                </abstract>
                                         
            
            </abstractGroup>
                              
        
        </contentMeta>
                   
    
    </header>
           
    
    
        

</component>