<?xml version="1.0" encoding="UTF-8"?><component xmlns="http://www.wiley.com/namespaces/wiley" xmlns:wiley="http://www.wiley.com/namespaces/wiley/wiley" type="bookChapter" version="2.0" xml:id="w9781394236114c15" xml:lang="en">
           
    
    <header>
                      
        
        <publicationMeta level="product">
                                 
            
            <publisherInfo>
                                            
                
                <publisherName>John Wiley &amp; Sons, Inc.</publisherName>
                                            
                
                <publisherLoc>Hoboken, NJ, USA</publisherLoc>
                                         
            
            </publisherInfo>
                                 
            
            <doi origin="wiley" registered="yes">10.1002/9781394236145</doi>
                                 
            
            <isbn type="online-13">9781394236145</isbn>
                                 
            
            <isbn type="printCloth-13">9781394236114</isbn>
                                 
            
            <idGroup>
                                            
                
                <id type="product" value="N9781394236145"/>
                                         
            
            </idGroup>
                                 
            
            <titleGroup>
                                            
                
                <title sort="CHARACTERIZING BIOTHERAPEUTICS: ANALYTICAL METHODS FOR DIVERSE MODALITIES" type="main">Characterizing Biotherapeutics</title>
                                            
                
                <title type="subtitle">Analytical Methods for Diverse Modalities</title>
                                            
                
                <title type="tocForm">Characterizing Biotherapeutics: Analytical Methods for Diverse Modalities</title>
                                         
            
            </titleGroup>
                                 
            
            <copyright ownership="publisher">© 2025 John Wiley &amp; Sons, Inc.</copyright>
                                 
            
            <eventGroup>
                                            
                
                <event date="2025-06-17" type="publishedPrint"/>
                                         
            
            </eventGroup>
                                 
            
            <creators>
                                            
                
                <creator affiliationRef="#aff-0001" creatorRole="editor" xml:id="cr-0001">
                                                       
                    
                    <personName>
                                                                  
                        
                        <givenNames>Jennie R.</givenNames>
                                                                  
                        
                        <familyName>Lill</familyName>
                                                               
                    
                    </personName>
                                                    
                
                </creator>
                                            
                
                <creator affiliationRef="#aff-0002" creatorRole="editor" xml:id="cr-0002">
                                                       
                    
                    <personName>
                                                                  
                        
                        <givenNames>Wendy</givenNames>
                                                                  
                        
                        <familyName>Sandoval</familyName>
                                                               
                    
                    </personName>
                                                    
                
                </creator>
                                         
            
            </creators>
                                 
            
            <affiliationGroup>
                                            
                
                <affiliation countryCode="US" type="organization" xml:id="aff-0001">
                                                       
                    
                    <orgName>Nottingham Trent University</orgName>
                                                       
                    
                    <orgDiv>Protein Chemistry</orgDiv>
                                                       
                    
                    <address>
                                                                  
                        
                        <street>140 Blackurn Terrace</street>
                                                                  
                        
                        <city>Pacifica</city>
                                                                  
                        
                        <postCode>94044</postCode>
                                                                  
                        
                        <country>United States</country>
                                                               
                    
                    </address>
                                                    
                
                </affiliation>
                                            
                
                <affiliation countryCode="US" type="organization" xml:id="aff-0002">
                                                       
                    
                    <address>
                                                                  
                        
                        <street>1345 Tuolumne Rd,</street>
                                                                  
                        
                        <city>Millbrae</city>
                                                                  
                        
                        <postCode>94030</postCode>
                                                                  
                        
                        <country>United States</country>
                                                               
                    
                    </address>
                                                    
                
                </affiliation>
                                         
            
            </affiliationGroup>
                              
        
        </publicationMeta>
                      
        
        <publicationMeta level="part">
                                 
            
            <titleGroup>
                                            
                
                <title type="main">Part 4</title>
                                            
                
                <title type="name">Part</title>
                                         
            
            </titleGroup>
                                 
            
            <numberingGroup>
                                            
                
                <numbering number="4" type="main">4</numbering>
                                         
            
            </numberingGroup>
                              
        
        </publicationMeta>
                      
        
        <publicationMeta level="unit" position="160" type="chapter">
                                 
            
            <doi origin="wiley" registered="yes">10.1002/9781394236145.ch15</doi>
                                 
            
            <idGroup>
                                            
                
                <id type="unit" value="ch15"/>
                                            
                
                <id type="file" value="ch15"/>
                                         
            
            </idGroup>
                                 
            
            <countGroup>
                                            
                
                <count number="17" type="pageTotal"/>
                                         
            
            </countGroup>
                                 
            
            <copyright ownership="publisher">© 2025 John Wiley &amp; Sons, Inc.</copyright>
                                 
            
            <eventGroup><event agent="SPi Global" date="2025-06-05" type="xmlCreated"/><event date="2025-06-06" type="publishedOnlineFinalForm"/><event date="2025-06-06" type="firstOnline"/><event type="xmlConverted" agent="Converter:WML3G_To_WML3G version:1.9.3 mode:Header,remove_FC" date="2025-06-06"/></eventGroup>
                                 
            
            <numberingGroup>
                                            
                
                <numbering type="main">15</numbering>
                                            
                
                <numbering type="pageFirst">271</numbering>
                                            
                
                <numbering type="pageLast">287</numbering>
                                         
            
            </numberingGroup>
                                 
            
            <linkGroup>
                                            
                
                <link href="file:ch15.pdf" type="toTypesetVersion"/>
                                         
            
            </linkGroup>
                              
        
        </publicationMeta>
                      
        
        <contentMeta>
                                 
            
            <countGroup>
                                            
                
                <count number="4" type="figureTotal"/>
                                            
                
                <count number="133" type="referenceTotal"/>
                                         
            
            </countGroup>
                                 
            
            <titleGroup>
                                            
                
                <title type="main">
                                        Characterizing Nucleic Acid‐, Gene‐, and 
                    
                    <fc>Cell‐Based</fc>
                                         Therapeutics with Sequencing Technologies
                
                </title>
                                         
            
            </titleGroup>
                                 
            
            <creators>
                                            
                
                <creator affiliationRef="#c15-aff-0001" creatorRole="author" xml:id="c15-cr-0001">
                                                       
                    
                    <personName>
                                                                  
                        
                        <givenNames>Hayley M.</givenNames>
                                                                  
                        
                        <familyName>Bennett</familyName>
                                                               
                    
                    </personName>
                                                    
                
                </creator>
                                            
                
                <creator affiliationRef="#c15-aff-0001" creatorRole="author" xml:id="c15-cr-0002">
                                                       
                    
                    <personName>
                                                                  
                        
                        <givenNames>Ashley</givenNames>
                                                                  
                        
                        <familyName>Byrne</familyName>
                                                               
                    
                    </personName>
                                                    
                
                </creator>
                                            
                
                <creator affiliationRef="#c15-aff-0001" creatorRole="author" xml:id="c15-cr-0003">
                                                       
                    
                    <personName>
                                                                  
                        
                        <givenNames>William</givenNames>
                                                                  
                        
                        <familyName>Stephenson</familyName>
                                                               
                    
                    </personName>
                                                    
                
                </creator>
                                            
                
                <creator affiliationRef="#c15-aff-0001" creatorRole="author" xml:id="c15-cr-0004">
                                                       
                    
                    <personName>
                                                                  
                        
                        <givenNames>Zora</givenNames>
                                                                  
                        
                        <familyName>Modrusan</familyName>
                                                               
                    
                    </personName>
                                                    
                
                </creator>
                                         
            
            </creators>
                                 
            
            <affiliationGroup>
                                            
                
                <affiliation countryCode="US" type="organization" xml:id="c15-aff-0001">
                                                       
                    
                    <orgDiv>Department of Proteomic and Genomic Technologies</orgDiv>
                                                       
                    
                    <orgName>Genentech Research and Early Development</orgName>
                                                       
                    
                    <address>
                                                                  
                        
                        <city>South San Francisco</city>
                                                                  
                        
                        <countryPart>CA</countryPart>
                                                                  
                        
                        <country>USA</country>
                                                               
                    
                    </address>
                                                    
                
                </affiliation>
                                         
            
            </affiliationGroup>
                                 
            
            <keywordGroup>
                                            
                
                <keyword xml:id="ch15-kwd-0001">anti‐sense oligonucleotides</keyword>
                                            
                
                <keyword xml:id="ch15-kwd-0002">gene‐based therapies</keyword>
                                            
                
                <keyword xml:id="ch15-kwd-0003">next‐generation sequencing</keyword>
                                            
                
                <keyword xml:id="ch15-kwd-0004">nucleic acid‐based therapeutics</keyword>
                                            
                
                <keyword xml:id="ch15-kwd-0005">Sanger sequencing</keyword>
                                            
                
                <keyword xml:id="ch15-kwd-0006">small interfering ribonucleic acids</keyword>
                                            
                
                <keyword xml:id="ch15-kwd-0007">T‐cell‐based therapies</keyword>
                                         
            
            </keywordGroup>
                                 
            
            <abstractGroup>
                                            
                
                <abstract type="main">
                                                       
                    
                    <title type="main">Summary</title>
                                                       
                    
                    <p>This chapter introduces a variety of common sequencing technologies and their application in the characterization of therapeutic agents. Sanger sequencing is a well‐established and widely used technique for characterizing a targeted region of deoxyribonucleic acid. The term next‐generation sequencing was coined in response to the high throughput parallel sequencing capabilities introduced by technologies like sequencing by synthesis. Anti‐sense oligonucleotides and small interfering ribonucleic acids (RNAs) are short, synthetic nucleic acid‐based therapeutics that specifically target RNA transcripts via hybridization to modulate gene expression, protein synthesis, and ultimately, therapeutic outcomes. Sequencing technology provides a comprehensive toolkit for developing gene‐based therapies. The immune system provides a valuable resource for mining potential therapeutics. T‐cell receptor sequences from high‐avidity, high‐specificity tum or infiltrating lymphocytes can be engineered into T‐cell‐based therapies directed against cancer.</p>
                                                    
                
                </abstract>
                                         
            
            </abstractGroup>
                              
        
        </contentMeta>
                   
    
    </header>
           
    
    
        

</component>