<?xml version="1.0" encoding="UTF-8"?><component xmlns="http://www.wiley.com/namespaces/wiley" xmlns:wiley="http://www.wiley.com/namespaces/wiley/wiley" type="bookChapter" version="2.0" xml:id="w9781394236114c16" xml:lang="en">
           
    
    <header>
                      
        
        <publicationMeta level="product">
                                 
            
            <publisherInfo>
                                            
                
                <publisherName>John Wiley &amp; Sons, Inc.</publisherName>
                                            
                
                <publisherLoc>Hoboken, NJ, USA</publisherLoc>
                                         
            
            </publisherInfo>
                                 
            
            <doi origin="wiley" registered="yes">10.1002/9781394236145</doi>
                                 
            
            <isbn type="online-13">9781394236145</isbn>
                                 
            
            <isbn type="printCloth-13">9781394236114</isbn>
                                 
            
            <idGroup>
                                            
                
                <id type="product" value="N9781394236145"/>
                                         
            
            </idGroup>
                                 
            
            <titleGroup>
                                            
                
                <title sort="CHARACTERIZING BIOTHERAPEUTICS: ANALYTICAL METHODS FOR DIVERSE MODALITIES" type="main">Characterizing Biotherapeutics</title>
                                            
                
                <title type="subtitle">Analytical Methods for Diverse Modalities</title>
                                            
                
                <title type="tocForm">Characterizing Biotherapeutics: Analytical Methods for Diverse Modalities</title>
                                         
            
            </titleGroup>
                                 
            
            <copyright ownership="publisher">© 2025 John Wiley &amp; Sons, Inc.</copyright>
                                 
            
            <eventGroup>
                                            
                
                <event date="2025-06-17" type="publishedPrint"/>
                                         
            
            </eventGroup>
                                 
            
            <creators>
                                            
                
                <creator affiliationRef="#aff-0001" creatorRole="editor" xml:id="cr-0001">
                                                       
                    
                    <personName>
                                                                  
                        
                        <givenNames>Jennie R.</givenNames>
                                                                  
                        
                        <familyName>Lill</familyName>
                                                               
                    
                    </personName>
                                                    
                
                </creator>
                                            
                
                <creator affiliationRef="#aff-0002" creatorRole="editor" xml:id="cr-0002">
                                                       
                    
                    <personName>
                                                                  
                        
                        <givenNames>Wendy</givenNames>
                                                                  
                        
                        <familyName>Sandoval</familyName>
                                                               
                    
                    </personName>
                                                    
                
                </creator>
                                         
            
            </creators>
                                 
            
            <affiliationGroup>
                                            
                
                <affiliation countryCode="US" type="organization" xml:id="aff-0001">
                                                       
                    
                    <orgName>Nottingham Trent University</orgName>
                                                       
                    
                    <orgDiv>Protein Chemistry</orgDiv>
                                                       
                    
                    <address>
                                                                  
                        
                        <street>140 Blackurn Terrace</street>
                                                                  
                        
                        <city>Pacifica</city>
                                                                  
                        
                        <postCode>94044</postCode>
                                                                  
                        
                        <country>United States</country>
                                                               
                    
                    </address>
                                                    
                
                </affiliation>
                                            
                
                <affiliation countryCode="US" type="organization" xml:id="aff-0002">
                                                       
                    
                    <address>
                                                                  
                        
                        <street>1345 Tuolumne Rd,</street>
                                                                  
                        
                        <city>Millbrae</city>
                                                                  
                        
                        <postCode>94030</postCode>
                                                                  
                        
                        <country>United States</country>
                                                               
                    
                    </address>
                                                    
                
                </affiliation>
                                         
            
            </affiliationGroup>
                              
        
        </publicationMeta>
                      
        
        <publicationMeta level="part">
                                 
            
            <titleGroup>
                                            
                
                <title type="main">Part 4</title>
                                            
                
                <title type="name">Part</title>
                                         
            
            </titleGroup>
                                 
            
            <numberingGroup>
                                            
                
                <numbering number="4" type="main">4</numbering>
                                         
            
            </numberingGroup>
                              
        
        </publicationMeta>
                      
        
        <publicationMeta level="unit" position="170" type="chapter">
                                 
            
            <doi origin="wiley" registered="yes">10.1002/9781394236145.ch16</doi>
                                 
            
            <idGroup>
                                            
                
                <id type="unit" value="ch16"/>
                                            
                
                <id type="file" value="ch16"/>
                                         
            
            </idGroup>
                                 
            
            <countGroup>
                                            
                
                <count number="32" type="pageTotal"/>
                                         
            
            </countGroup>
                                 
            
            <copyright ownership="publisher">© 2025 John Wiley &amp; Sons, Inc.</copyright>
                                 
            
            <eventGroup><event agent="SPi Global" date="2025-06-05" type="xmlCreated"/><event date="2025-06-06" type="publishedOnlineFinalForm"/><event date="2025-06-06" type="firstOnline"/><event type="xmlConverted" agent="Converter:WML3G_To_WML3G version:1.9.3 mode:Header,remove_FC" date="2025-06-06"/></eventGroup>
                                 
            
            <numberingGroup>
                                            
                
                <numbering type="main">16</numbering>
                                            
                
                <numbering type="pageFirst">289</numbering>
                                            
                
                <numbering type="pageLast">320</numbering>
                                         
            
            </numberingGroup>
                                 
            
            <linkGroup>
                                            
                
                <link href="file:ch16.pdf" type="toTypesetVersion"/>
                                         
            
            </linkGroup>
                              
        
        </publicationMeta>
                      
        
        <contentMeta>
                                 
            
            <countGroup>
                                            
                
                <count number="4" type="figureTotal"/>
                                            
                
                <count number="322" type="referenceTotal"/>
                                         
            
            </countGroup>
                                 
            
            <titleGroup>
                                            
                
                <title type="main">Mass Spectrometry‐Based Methods to Investigate Protein–Protein Interactions in Cells and Their Application in Drug Discovery</title>
                                         
            
            </titleGroup>
                                 
            
            <creators>
                                            
                
                <creator affiliationRef="#c16-aff-0001" creatorRole="author" xml:id="c16-cr-0001">
                                                       
                    
                    <personName>
                                                                  
                        
                        <givenNames>Tess</givenNames>
                                                                  
                        
                        <familyName>Branon</familyName>
                                                               
                    
                    </personName>
                                                    
                
                </creator>
                                         
            
            </creators>
                                 
            
            <affiliationGroup>
                                            
                
                <affiliation countryCode="US" type="organization" xml:id="c16-aff-0001">
                                                       
                    
                    <orgDiv>Proteomic &amp; Genomic Technologies Department</orgDiv>
                                                       
                    
                    <orgName>Genentech Inc</orgName>
                                                       
                    
                    <address>
                                                                  
                        
                        <city>South San Francisco</city>
                                                                  
                        
                        <countryPart>CA</countryPart>
                                                                  
                        
                        <country>USA</country>
                                                               
                    
                    </address>
                                                    
                
                </affiliation>
                                         
            
            </affiliationGroup>
                                 
            
            <keywordGroup type="author">
                                            
                
                <keyword xml:id="c16-kwd-0001">mass spectrometry</keyword>
                                            
                
                <keyword xml:id="c16-kwd-0002">protein–protein interactions</keyword>
                                            
                
                <keyword xml:id="c16-kwd-0003">affinity purification</keyword>
                                            
                
                <keyword xml:id="c16-kwd-0004">cross‐linking</keyword>
                                            
                
                <keyword xml:id="c16-kwd-0005">proximity labeling</keyword>
                                            
                
                <keyword xml:id="c16-kwd-0006">drug discovery</keyword>
                                            
                
                <keyword xml:id="c16-kwd-0007">cellular context</keyword>
                                            
                
                <keyword xml:id="c16-kwd-0008">therapeutic targets</keyword>
                                            
                
                <keyword xml:id="c16-kwd-0009">experimental advancements</keyword>
                                            
                
                <keyword xml:id="c16-kwd-0010">computational advancements</keyword>
                                         
            
            </keywordGroup>
                                 
            
            <abstractGroup>
                                            
                
                <abstract type="main">
                                                       
                    
                    <title type="main">Summary</title>
                                                       
                    
                    <p xml:id="c16-para-0001">Protein interaction networks are fundamental to understanding cellular biology, disease mechanisms, and therapeutic strategies. By studying these networks, researchers can identify new drug targets and develop more effective therapies, ultimately improving health outcomes for patients. This chapter discusses various techniques for investigating protein–protein interaction (PPI) networks, focusing primarily on mass spectrometry‐based techniques such as affinity purification, cross‐linking, and proximity labeling, which are indispensable for studying protein interaction networks in their native cellular context. We will discuss the basic concepts of these approaches, their advantages and limitations, as well as their applications in drug discovery. We will end with a discussion of the experimental and computational advancements that will allow these techniques to be applied more broadly at the scale required for drug discovery, as well as briefly discuss other PPI assays that are used in drug discovery research. By the end of the chapter, readers will have a comprehensive understanding of the current landscape of PPI interrogation methods, their applications in drug discovery, and future directions in this field.</p>
                                                    
                
                </abstract>
                                         
            
            </abstractGroup>
                              
        
        </contentMeta>
                   
    
    </header>
           
    
    
        

</component>