<?xml version="1.0" encoding="UTF-8"?><component xmlns="http://www.wiley.com/namespaces/wiley" xmlns:wiley="http://www.wiley.com/namespaces/wiley/wiley" type="bookChapter" version="2.0" xml:id="w9781394236114c17" xml:lang="en">
           
    
    <header>
                      
        
        <publicationMeta level="product">
                                 
            
            <publisherInfo>
                                            
                
                <publisherName>John Wiley &amp; Sons, Inc.</publisherName>
                                            
                
                <publisherLoc>Hoboken, NJ, USA</publisherLoc>
                                         
            
            </publisherInfo>
                                 
            
            <doi origin="wiley" registered="yes">10.1002/9781394236145</doi>
                                 
            
            <isbn type="online-13">9781394236145</isbn>
                                 
            
            <isbn type="printCloth-13">9781394236114</isbn>
                                 
            
            <idGroup>
                                            
                
                <id type="product" value="N9781394236145"/>
                                         
            
            </idGroup>
                                 
            
            <titleGroup>
                                            
                
                <title sort="CHARACTERIZING BIOTHERAPEUTICS: ANALYTICAL METHODS FOR DIVERSE MODALITIES" type="main">Characterizing Biotherapeutics</title>
                                            
                
                <title type="subtitle">Analytical Methods for Diverse Modalities</title>
                                            
                
                <title type="tocForm">Characterizing Biotherapeutics: Analytical Methods for Diverse Modalities</title>
                                         
            
            </titleGroup>
                                 
            
            <copyright ownership="publisher">© 2025 John Wiley &amp; Sons, Inc.</copyright>
                                 
            
            <eventGroup>
                                            
                
                <event date="2025-06-17" type="publishedPrint"/>
                                         
            
            </eventGroup>
                                 
            
            <creators>
                                            
                
                <creator affiliationRef="#aff-0001" creatorRole="editor" xml:id="cr-0001">
                                                       
                    
                    <personName>
                                                                  
                        
                        <givenNames>Jennie R.</givenNames>
                                                                  
                        
                        <familyName>Lill</familyName>
                                                               
                    
                    </personName>
                                                    
                
                </creator>
                                            
                
                <creator affiliationRef="#aff-0002" creatorRole="editor" xml:id="cr-0002">
                                                       
                    
                    <personName>
                                                                  
                        
                        <givenNames>Wendy</givenNames>
                                                                  
                        
                        <familyName>Sandoval</familyName>
                                                               
                    
                    </personName>
                                                    
                
                </creator>
                                         
            
            </creators>
                                 
            
            <affiliationGroup>
                                            
                
                <affiliation countryCode="US" type="organization" xml:id="aff-0001">
                                                       
                    
                    <orgName>Nottingham Trent University</orgName>
                                                       
                    
                    <orgDiv>Protein Chemistry</orgDiv>
                                                       
                    
                    <address>
                                                                  
                        
                        <street>140 Blackurn Terrace</street>
                                                                  
                        
                        <city>Pacifica</city>
                                                                  
                        
                        <postCode>94044</postCode>
                                                                  
                        
                        <country>United States</country>
                                                               
                    
                    </address>
                                                    
                
                </affiliation>
                                            
                
                <affiliation countryCode="US" type="organization" xml:id="aff-0002">
                                                       
                    
                    <address>
                                                                  
                        
                        <street>1345 Tuolumne Rd,</street>
                                                                  
                        
                        <city>Millbrae</city>
                                                                  
                        
                        <postCode>94030</postCode>
                                                                  
                        
                        <country>United States</country>
                                                               
                    
                    </address>
                                                    
                
                </affiliation>
                                         
            
            </affiliationGroup>
                              
        
        </publicationMeta>
                      
        
        <publicationMeta level="part">
                                 
            
            <titleGroup>
                                            
                
                <title type="main">Part 4</title>
                                            
                
                <title type="name">Part</title>
                                         
            
            </titleGroup>
                                 
            
            <numberingGroup>
                                            
                
                <numbering number="4" type="main">4</numbering>
                                         
            
            </numberingGroup>
                              
        
        </publicationMeta>
                      
        
        <publicationMeta level="unit" position="180" type="chapter">
                                 
            
            <doi origin="wiley" registered="yes">10.1002/9781394236145.ch17</doi>
                                 
            
            <idGroup>
                                            
                
                <id type="unit" value="ch17"/>
                                            
                
                <id type="file" value="ch17"/>
                                         
            
            </idGroup>
                                 
            
            <countGroup>
                                            
                
                <count number="20" type="pageTotal"/>
                                         
            
            </countGroup>
                                 
            
            <copyright ownership="publisher">© 2025 John Wiley &amp; Sons, Inc.</copyright>
                                 
            
            <eventGroup><event agent="SPi Global" date="2025-06-05" type="xmlCreated"/><event date="2025-06-06" type="publishedOnlineFinalForm"/><event date="2025-06-06" type="firstOnline"/><event type="xmlConverted" agent="Converter:WML3G_To_WML3G version:1.9.3 mode:Header,remove_FC" date="2025-06-06"/></eventGroup>
                                 
            
            <numberingGroup>
                                            
                
                <numbering type="main">17</numbering>
                                            
                
                <numbering type="pageFirst">321</numbering>
                                            
                
                <numbering type="pageLast">340</numbering>
                                         
            
            </numberingGroup>
                                 
            
            <linkGroup>
                                            
                
                <link href="file:ch17.pdf" type="toTypesetVersion"/>
                                         
            
            </linkGroup>
                              
        
        </publicationMeta>
                      
        
        <contentMeta>
                                 
            
            <countGroup>
                                            
                
                <count number="3" type="figureTotal"/>
                                            
                
                <count number="163" type="referenceTotal"/>
                                         
            
            </countGroup>
                                 
            
            <titleGroup>
                                            
                
                <title type="main">Receptomics and Extracellular Interactomics for Biotherapeutic Characterization</title>
                                         
            
            </titleGroup>
                                 
            
            <creators>
                                            
                
                <creator affiliationRef="#c17-aff-0002" creatorRole="author" xml:id="c17-cr-0001">
                                                       
                    
                    <personName>
                                                                  
                        
                        <givenNames>Naincy R.</givenNames>
                                                                  
                        
                        <familyName>Chandan</familyName>
                                                               
                    
                    </personName>
                                                    
                
                </creator>
                                            
                
                <creator affiliationRef="#c17-aff-0003" creatorRole="author" xml:id="c17-cr-0002">
                                                       
                    
                    <personName>
                                                                  
                        
                        <givenNames>Abel</givenNames>
                                                                  
                        
                        <familyName>Ferrel</familyName>
                                                               
                    
                    </personName>
                                                    
                
                </creator>
                                            
                
                <creator affiliationRef="#c17-aff-0001" creatorRole="author" xml:id="c17-cr-0003">
                                                       
                    
                    <personName>
                                                                  
                        
                        <givenNames>Shengya</givenNames>
                                                                  
                        
                        <familyName>Cao</familyName>
                                                               
                    
                    </personName>
                                                    
                
                </creator>
                                         
            
            </creators>
                                 
            
            <affiliationGroup>
                                            
                
                <affiliation countryCode="US" type="organization" xml:id="c17-aff-0001">
                                                       
                    
                    <orgDiv>Development</orgDiv>
                                                       
                    
                    <orgName>Inceptive</orgName>
                                                       
                    
                    <address>
                                                                  
                        
                        <city>Palo Alto</city>
                                                                  
                        
                        <countryPart>CA</countryPart>
                                                                  
                        
                        <country>USA</country>
                                                               
                    
                    </address>
                                                    
                
                </affiliation>
                                            
                
                <affiliation countryCode="US" type="organization" xml:id="c17-aff-0002">
                                                       
                    
                    <orgDiv>Discovery Technology</orgDiv>
                                                       
                    
                    <orgName>Nurix Therapeutics, Inc</orgName>
                                                       
                    
                    <address>
                                                                  
                        
                        <city>San Francisco</city>
                                                                  
                        
                        <countryPart>CA</countryPart>
                                                                  
                        
                        <country>USA</country>
                                                               
                    
                    </address>
                                                    
                
                </affiliation>
                                            
                
                <affiliation countryCode="US" type="private" xml:id="c17-aff-0003">
                                                       
                    
                    <orgName>Independent Researcher</orgName>
                                                       
                    
                    <address>
                                                                  
                        
                        <city>San Francisco</city>
                                                                  
                        
                        <countryPart>CA</countryPart>
                                                                  
                        
                        <country>USA</country>
                                                               
                    
                    </address>
                                                    
                
                </affiliation>
                                         
            
            </affiliationGroup>
                                 
            
            <keywordGroup type="author">
                                            
                
                <keyword xml:id="c17-kwd-0001">receptomics</keyword>
                                            
                
                <keyword xml:id="c17-kwd-0002">extracellular interactomics</keyword>
                                            
                
                <keyword xml:id="c17-kwd-0003">biotherapeutics</keyword>
                                            
                
                <keyword xml:id="c17-kwd-0004">protein–protein interactions</keyword>
                                            
                
                <keyword xml:id="c17-kwd-0005">affinity purification</keyword>
                                            
                
                <keyword xml:id="c17-kwd-0006">proximity labeling</keyword>
                                            
                
                <keyword xml:id="c17-kwd-0007">protein‐fragment complementation</keyword>
                                            
                
                <keyword xml:id="c17-kwd-0008">interaction screening</keyword>
                                            
                
                <keyword xml:id="c17-kwd-0009">antibodies</keyword>
                                            
                
                <keyword xml:id="c17-kwd-0010">lipid nanoparticles</keyword>
                                            
                
                <keyword xml:id="c17-kwd-0011">extracellular vesicles</keyword>
                                            
                
                <keyword xml:id="c17-kwd-0012">virus‐like particles</keyword>
                                            
                
                <keyword xml:id="c17-kwd-0013">cell therapies</keyword>
                                         
            
            </keywordGroup>
                                 
            
            <abstractGroup>
                                            
                
                <abstract type="main">
                                                       
                    
                    <title type="main">Summary</title>
                                                       
                    
                    <p xml:id="c17-para-0001">Biotherapeutics have revolutionized the treatment of various diseases, offering unprecedented therapeutic potential. However, their complexity poses significant biological and financial risks. This chapter delves into the emerging field of receptomics and extracellular interactomics, which focuses on identifying and characterizing the extracellular protein interactions of biotherapeutics. These interactions are crucial for understanding the mechanisms of action, safety, and efficacy of biotherapeutics. The chapter provides an overview of key technologies and methodologies used in receptomics and extracellular interactomics, including biochemical fractionation, affinity purification, proximity‐based covalent modification, protein‐fragment complementation, and interaction screening. Specific use cases are discussed for different biotherapeutic modalities, such as natural products, peptides, antibodies, lipid nanoparticles (LNPs), extracellular vesicles (EVs), virus‐like particles (VLPs), viruses, and cell therapies. By leveraging these advanced analytical techniques, researchers can better design and optimize biotherapeutics, ultimately improving patient outcomes.</p>
                                                    
                
                </abstract>
                                         
            
            </abstractGroup>
                              
        
        </contentMeta>
                   
    
    </header>
           
    
    
        

</component>