<?xml version="1.0" encoding="UTF-8"?><component xmlns="http://www.wiley.com/namespaces/wiley" xmlns:wiley="http://www.wiley.com/namespaces/wiley/wiley" type="bookChapter" version="2.0" xml:id="w9781394236114c18" xml:lang="en">
           
    
    <header>
                      
        
        <publicationMeta level="product">
                                 
            
            <publisherInfo>
                                            
                
                <publisherName>John Wiley &amp; Sons, Inc.</publisherName>
                                            
                
                <publisherLoc>Hoboken, NJ, USA</publisherLoc>
                                         
            
            </publisherInfo>
                                 
            
            <doi origin="wiley" registered="yes">10.1002/9781394236145</doi>
                                 
            
            <isbn type="online-13">9781394236145</isbn>
                                 
            
            <isbn type="printCloth-13">9781394236114</isbn>
                                 
            
            <idGroup>
                                            
                
                <id type="product" value="N9781394236145"/>
                                         
            
            </idGroup>
                                 
            
            <titleGroup>
                                            
                
                <title sort="CHARACTERIZING BIOTHERAPEUTICS: ANALYTICAL METHODS FOR DIVERSE MODALITIES" type="main">Characterizing Biotherapeutics</title>
                                            
                
                <title type="subtitle">Analytical Methods for Diverse Modalities</title>
                                            
                
                <title type="tocForm">Characterizing Biotherapeutics: Analytical Methods for Diverse Modalities</title>
                                         
            
            </titleGroup>
                                 
            
            <copyright ownership="publisher">© 2025 John Wiley &amp; Sons, Inc.</copyright>
                                 
            
            <eventGroup>
                                            
                
                <event date="2025-06-17" type="publishedPrint"/>
                                         
            
            </eventGroup>
                                 
            
            <creators>
                                            
                
                <creator affiliationRef="#aff-0001" creatorRole="editor" xml:id="cr-0001">
                                                       
                    
                    <personName>
                                                                  
                        
                        <givenNames>Jennie R.</givenNames>
                                                                  
                        
                        <familyName>Lill</familyName>
                                                               
                    
                    </personName>
                                                    
                
                </creator>
                                            
                
                <creator affiliationRef="#aff-0002" creatorRole="editor" xml:id="cr-0002">
                                                       
                    
                    <personName>
                                                                  
                        
                        <givenNames>Wendy</givenNames>
                                                                  
                        
                        <familyName>Sandoval</familyName>
                                                               
                    
                    </personName>
                                                    
                
                </creator>
                                         
            
            </creators>
                                 
            
            <affiliationGroup>
                                            
                
                <affiliation countryCode="US" type="organization" xml:id="aff-0001">
                                                       
                    
                    <orgName>Nottingham Trent University</orgName>
                                                       
                    
                    <orgDiv>Protein Chemistry</orgDiv>
                                                       
                    
                    <address>
                                                                  
                        
                        <street>140 Blackurn Terrace</street>
                                                                  
                        
                        <city>Pacifica</city>
                                                                  
                        
                        <postCode>94044</postCode>
                                                                  
                        
                        <country>United States</country>
                                                               
                    
                    </address>
                                                    
                
                </affiliation>
                                            
                
                <affiliation countryCode="US" type="organization" xml:id="aff-0002">
                                                       
                    
                    <address>
                                                                  
                        
                        <street>1345 Tuolumne Rd,</street>
                                                                  
                        
                        <city>Millbrae</city>
                                                                  
                        
                        <postCode>94030</postCode>
                                                                  
                        
                        <country>United States</country>
                                                               
                    
                    </address>
                                                    
                
                </affiliation>
                                         
            
            </affiliationGroup>
                              
        
        </publicationMeta>
                      
        
        <publicationMeta level="part">
                                 
            
            <titleGroup>
                                            
                
                <title type="main">Part 4</title>
                                            
                
                <title type="name">Part</title>
                                         
            
            </titleGroup>
                                 
            
            <numberingGroup>
                                            
                
                <numbering number="4" type="main">4</numbering>
                                         
            
            </numberingGroup>
                              
        
        </publicationMeta>
                      
        
        <publicationMeta level="unit" position="190" type="chapter">
                                 
            
            <doi origin="wiley" registered="yes">10.1002/9781394236145.ch18</doi>
                                 
            
            <idGroup>
                                            
                
                <id type="unit" value="ch18"/>
                                            
                
                <id type="file" value="ch18"/>
                                         
            
            </idGroup>
                                 
            
            <countGroup>
                                            
                
                <count number="23" type="pageTotal"/>
                                         
            
            </countGroup>
                                 
            
            <copyright ownership="publisher">© 2025 John Wiley &amp; Sons, Inc.</copyright>
                                 
            
            <eventGroup><event agent="SPi Global" date="2025-06-05" type="xmlCreated"/><event date="2025-06-06" type="publishedOnlineFinalForm"/><event date="2025-06-06" type="firstOnline"/><event type="xmlConverted" agent="Converter:WML3G_To_WML3G version:1.9.3 mode:Header,remove_FC" date="2025-06-06"/></eventGroup>
                                 
            
            <numberingGroup>
                                            
                
                <numbering type="main">18</numbering>
                                            
                
                <numbering type="pageFirst">341</numbering>
                                            
                
                <numbering type="pageLast">363</numbering>
                                         
            
            </numberingGroup>
                                 
            
            <linkGroup>
                                            
                
                <link href="file:ch18.pdf" type="toTypesetVersion"/>
                                         
            
            </linkGroup>
                              
        
        </publicationMeta>
                      
        
        <contentMeta>
                                 
            
            <countGroup>
                                            
                
                <count number="6" type="figureTotal"/>
                                            
                
                <count number="1" type="tableTotal"/>
                                            
                
                <count number="218" type="referenceTotal"/>
                                         
            
            </countGroup>
                                 
            
            <titleGroup>
                                            
                
                <title type="main">Membrane Proteins: Challenging Biotherapeutic Targets</title>
                                         
            
            </titleGroup>
                                 
            
            <creators>
                                            
                
                <creator affiliationRef="#c18-aff-0001" creatorRole="author" xml:id="c18-cr-0001">
                                                       
                    
                    <personName>
                                                                  
                        
                        <givenNames>Hiruni S.</givenNames>
                                                                  
                        
                        <familyName>Jayasekera</familyName>
                                                               
                    
                    </personName>
                                                    
                
                </creator>
                                            
                
                <creator affiliationRef="#c18-aff-0001" creatorRole="author" xml:id="c18-cr-0002">
                                                       
                    
                    <personName>
                                                                  
                        
                        <givenNames>Farhana Afrin</givenNames>
                                                                  
                        
                        <familyName>Mohona</familyName>
                                                               
                    
                    </personName>
                                                    
                
                </creator>
                                            
                
                <creator affiliationRef="#c18-aff-0001" creatorRole="author" xml:id="c18-cr-0003">
                                                       
                    
                    <personName>
                                                                  
                        
                        <givenNames>Michael T.</givenNames>
                                                                  
                        
                        <familyName>Marty</familyName>
                                                               
                    
                    </personName>
                                                    
                
                </creator>
                                         
            
            </creators>
                                 
            
            <affiliationGroup>
                                            
                
                <affiliation countryCode="US" type="organization" xml:id="c18-aff-0001">
                                                       
                    
                    <orgDiv>Department of Chemistry and Biochemistry</orgDiv>
                                                       
                    
                    <orgName>The University of Arizona</orgName>
                                                       
                    
                    <address>
                                                                  
                        
                        <city>Tucson</city>
                                                                  
                        
                        <countryPart>AZ</countryPart>
                                                                  
                        
                        <country>USA</country>
                                                               
                    
                    </address>
                                                    
                
                </affiliation>
                                         
            
            </affiliationGroup>
                                 
            
            <keywordGroup type="author">
                                            
                
                <keyword xml:id="c18-kwd-0001">membrane proteins</keyword>
                                            
                
                <keyword xml:id="c18-kwd-0002">biotherapeutics</keyword>
                                            
                
                <keyword xml:id="c18-kwd-0003">G protein‐coupled receptors (GPCRs)</keyword>
                                            
                
                <keyword xml:id="c18-kwd-0004">receptor tyrosine kinases (RTKs)</keyword>
                                            
                
                <keyword xml:id="c18-kwd-0005">ion channels</keyword>
                                            
                
                <keyword xml:id="c18-kwd-0006">detergents</keyword>
                                            
                
                <keyword xml:id="c18-kwd-0007">nanodiscs</keyword>
                                            
                
                <keyword xml:id="c18-kwd-0008">mass spectrometry (MS)</keyword>
                                            
                
                <keyword xml:id="c18-kwd-0009">hydrogen‐deuterium exchange (HDX‐MS)</keyword>
                                            
                
                <keyword xml:id="c18-kwd-0010">cross‐linking mass spectrometry (XL‐MS)</keyword>
                                         
            
            </keywordGroup>
                                 
            
            <abstractGroup>
                                            
                
                <abstract type="main">
                                                       
                    
                    <title type="main">Summary</title>
                                                       
                    
                    <p xml:id="c18-para-0001">Membrane proteins are about 30% of the human proteome and serve important physiological roles, including chemical transport, cell signaling, and energy transduction. Consequently, they represent about half of all drug targets. Small molecule drugs have been most commonly used to target membrane proteins, particularly G protein‐coupled receptors and ion channels. However, these small molecules can lack selectivity and produce side effects. Biotherapeutics offer the potential to target specific conformations of proteins, thereby improving potency and selectivity. However, membrane proteins present significant challenges for biotherapeutic development, especially because of their instability, insolubility, and limited expression levels. In this chapter, we explore biotherapeutic targeting of different families of membrane proteins, strategies to solubilize and stabilize membrane proteins for analysis, and mass spectrometry (MS) approaches to study their structure and interactions. Our focus will be primarily on biotherapeutic applications, but we will draw on promising, emerging technologies that have been used in structural biology.</p>
                                                    
                
                </abstract>
                                         
            
            </abstractGroup>
                              
        
        </contentMeta>
                   
    
    </header>
           
    
    
        

</component>