<?xml version="1.0" encoding="UTF-8"?><component xmlns="http://www.wiley.com/namespaces/wiley" xmlns:wiley="http://www.wiley.com/namespaces/wiley/wiley" type="bookChapter" version="2.0" xml:id="w9781394236114c19" xml:lang="en">
           
    
    <header>
                      
        
        <publicationMeta level="product">
                                 
            
            <publisherInfo>
                                            
                
                <publisherName>John Wiley &amp; Sons, Inc.</publisherName>
                                            
                
                <publisherLoc>Hoboken, NJ, USA</publisherLoc>
                                         
            
            </publisherInfo>
                                 
            
            <doi origin="wiley" registered="yes">10.1002/9781394236145</doi>
                                 
            
            <isbn type="online-13">9781394236145</isbn>
                                 
            
            <isbn type="printCloth-13">9781394236114</isbn>
                                 
            
            <idGroup>
                                            
                
                <id type="product" value="N9781394236145"/>
                                         
            
            </idGroup>
                                 
            
            <titleGroup>
                                            
                
                <title sort="CHARACTERIZING BIOTHERAPEUTICS: ANALYTICAL METHODS FOR DIVERSE MODALITIES" type="main">Characterizing Biotherapeutics</title>
                                            
                
                <title type="subtitle">Analytical Methods for Diverse Modalities</title>
                                            
                
                <title type="tocForm">Characterizing Biotherapeutics: Analytical Methods for Diverse Modalities</title>
                                         
            
            </titleGroup>
                                 
            
            <copyright ownership="publisher">© 2025 John Wiley &amp; Sons, Inc.</copyright>
                                 
            
            <eventGroup>
                                            
                
                <event date="2025-06-17" type="publishedPrint"/>
                                         
            
            </eventGroup>
                                 
            
            <creators>
                                            
                
                <creator affiliationRef="#aff-0001" creatorRole="editor" xml:id="cr-0001">
                                                       
                    
                    <personName>
                                                                  
                        
                        <givenNames>Jennie R.</givenNames>
                                                                  
                        
                        <familyName>Lill</familyName>
                                                               
                    
                    </personName>
                                                    
                
                </creator>
                                            
                
                <creator affiliationRef="#aff-0002" creatorRole="editor" xml:id="cr-0002">
                                                       
                    
                    <personName>
                                                                  
                        
                        <givenNames>Wendy</givenNames>
                                                                  
                        
                        <familyName>Sandoval</familyName>
                                                               
                    
                    </personName>
                                                    
                
                </creator>
                                         
            
            </creators>
                                 
            
            <affiliationGroup>
                                            
                
                <affiliation countryCode="US" type="organization" xml:id="aff-0001">
                                                       
                    
                    <orgName>Nottingham Trent University</orgName>
                                                       
                    
                    <orgDiv>Protein Chemistry</orgDiv>
                                                       
                    
                    <address>
                                                                  
                        
                        <street>140 Blackurn Terrace</street>
                                                                  
                        
                        <city>Pacifica</city>
                                                                  
                        
                        <postCode>94044</postCode>
                                                                  
                        
                        <country>United States</country>
                                                               
                    
                    </address>
                                                    
                
                </affiliation>
                                            
                
                <affiliation countryCode="US" type="organization" xml:id="aff-0002">
                                                       
                    
                    <address>
                                                                  
                        
                        <street>1345 Tuolumne Rd,</street>
                                                                  
                        
                        <city>Millbrae</city>
                                                                  
                        
                        <postCode>94030</postCode>
                                                                  
                        
                        <country>United States</country>
                                                               
                    
                    </address>
                                                    
                
                </affiliation>
                                         
            
            </affiliationGroup>
                              
        
        </publicationMeta>
                      
        
        <publicationMeta level="part">
                                 
            
            <titleGroup>
                                            
                
                <title type="main">Part 4</title>
                                            
                
                <title type="name">Part</title>
                                         
            
            </titleGroup>
                                 
            
            <numberingGroup>
                                            
                
                <numbering number="4" type="main">4</numbering>
                                         
            
            </numberingGroup>
                              
        
        </publicationMeta>
                      
        
        <publicationMeta level="unit" position="200" type="chapter">
                                 
            
            <doi origin="wiley" registered="yes">10.1002/9781394236145.ch19</doi>
                                 
            
            <idGroup>
                                            
                
                <id type="unit" value="ch19"/>
                                            
                
                <id type="file" value="ch19"/>
                                         
            
            </idGroup>
                                 
            
            <countGroup>
                                            
                
                <count number="20" type="pageTotal"/>
                                         
            
            </countGroup>
                                 
            
            <copyright ownership="publisher">© 2025 John Wiley &amp; Sons, Inc.</copyright>
                                 
            
            <eventGroup><event agent="SPi Global" date="2025-06-05" type="xmlCreated"/><event date="2025-06-06" type="publishedOnlineFinalForm"/><event date="2025-06-06" type="firstOnline"/><event type="xmlConverted" agent="Converter:WML3G_To_WML3G version:1.9.3 mode:Header,remove_FC" date="2025-06-06"/></eventGroup>
                                 
            
            <numberingGroup>
                                            
                
                <numbering type="main">19</numbering>
                                            
                
                <numbering type="pageFirst">365</numbering>
                                            
                
                <numbering type="pageLast">384</numbering>
                                         
            
            </numberingGroup>
                                 
            
            <linkGroup>
                                            
                
                <link href="file:ch19.pdf" type="toTypesetVersion"/>
                                         
            
            </linkGroup>
                              
        
        </publicationMeta>
                      
        
        <contentMeta>
                                 
            
            <countGroup>
                                            
                
                <count number="5" type="figureTotal"/>
                                            
                
                <count number="141" type="referenceTotal"/>
                                         
            
            </countGroup>
                                 
            
            <titleGroup>
                                            
                
                <title type="main">Chemoproteomics Approaches for Diverse Modalities</title>
                                         
            
            </titleGroup>
                                 
            
            <creators>
                                            
                
                <creator affiliationRef="#c19-aff-0001" creatorRole="author" xml:id="c19-cr-0001">
                                                       
                    
                    <personName>
                                                                  
                        
                        <givenNames>H. Christian</givenNames>
                                                                  
                        
                        <familyName>Eberl</familyName>
                                                               
                    
                    </personName>
                                                    
                
                </creator>
                                            
                
                <creator affiliationRef="#c19-aff-0001" creatorRole="author" xml:id="c19-cr-0002">
                                                       
                    
                    <personName>
                                                                  
                        
                        <givenNames>Sascha</givenNames>
                                                                  
                        
                        <familyName>Knecht</familyName>
                                                               
                    
                    </personName>
                                                    
                
                </creator>
                                            
                
                <creator affiliationRef="#c19-aff-0002" creatorRole="author" xml:id="c19-cr-0003">
                                                       
                    
                    <personName>
                                                                  
                        
                        <givenNames>Markus A.</givenNames>
                                                                  
                        
                        <familyName>Queisser</familyName>
                                                               
                    
                    </personName>
                                                    
                
                </creator>
                                            
                
                <creator affiliationRef="#c19-aff-0001 #c19-aff-0003" creatorRole="author" xml:id="c19-cr-0004">
                                                       
                    
                    <personName>
                                                                  
                        
                        <givenNames>Marcus</givenNames>
                                                                  
                        
                        <familyName>Bantscheff</familyName>
                                                               
                    
                    </personName>
                                                    
                
                </creator>
                                         
            
            </creators>
                                 
            
            <affiliationGroup>
                                            
                
                <affiliation countryCode="DE" type="organization" xml:id="c19-aff-0001">
                                                       
                    
                    <orgDiv>Target Discovery</orgDiv>
                                                       
                    
                    <orgName>GSK</orgName>
                                                       
                    
                    <address>
                                                                  
                        
                        <postCode>Heidelberg</postCode>
                                                                  
                        
                        <country>Germany</country>
                                                               
                    
                    </address>
                                                    
                
                </affiliation>
                                            
                
                <affiliation countryCode="GB" type="organization" xml:id="c19-aff-0002">
                                                       
                    
                    <orgDiv>Modality Platform Technologies</orgDiv>
                                                       
                    
                    <orgName>GSK, Medicines Research Centre</orgName>
                                                       
                    
                    <address>
                                                                  
                        
                        <city>Stevenage</city>
                                                                  
                        
                        <country>UK</country>
                                                               
                    
                    </address>
                                                    
                
                </affiliation>
                                            
                
                <affiliation countryCode="CH" type="private" xml:id="c19-aff-0003">
                                                       
                    
                    <orgName>Research and Early Development, Roche Pharma</orgName>
                                                       
                    
                    <address>
                                                                  
                        
                        <city>Basel</city>
                                                                  
                        
                        <country>Switzerland</country>
                                                               
                    
                    </address>
                                                    
                
                </affiliation>
                                         
            
            </affiliationGroup>
                                 
            
            <keywordGroup type="author">
                                            
                
                <keyword xml:id="c19-kwd-0001">chemoproteomics</keyword>
                                            
                
                <keyword xml:id="c19-kwd-0002">covalent drugs</keyword>
                                            
                
                <keyword xml:id="c19-kwd-0003">PROTACs</keyword>
                                            
                
                <keyword xml:id="c19-kwd-0004">molecular glues</keyword>
                                            
                
                <keyword xml:id="c19-kwd-0005">activity‐based protein profiling</keyword>
                                            
                
                <keyword xml:id="c19-kwd-0006">mPDP</keyword>
                                            
                
                <keyword xml:id="c19-kwd-0007">protein turnover</keyword>
                                            
                
                <keyword xml:id="c19-kwd-0008">targeted protein degradation</keyword>
                                            
                
                <keyword xml:id="c19-kwd-0009">IMIDs</keyword>
                                            
                
                <keyword xml:id="c19-kwd-0010">ADCs</keyword>
                                         
            
            </keywordGroup>
                                 
            
            <abstractGroup>
                                            
                
                <abstract type="main">
                                                       
                    
                    <title type="main">Summary</title>
                                                       
                    
                    <p xml:id="c19-para-0001">Chemoproteomic methods explore the interactions between proteins and bioactive molecules across the proteome. These methods significantly impact drug discovery by aiding in target deconvolution and validation, target engagement, mechanism of action studies, off‐target profiling, and identifying drug repurposing opportunities. Initially, the focus was on characterizing small molecules with drug‐like properties that compete with endogenous ligands for target binding. Recently, the field has diversified, showing renewed interest in covalent modalities, the emergence of small‐molecule degraders, and advancements in biologics and oligonucleotides. This chapter summarizes key chemoproteomics methodologies and their applications across different modalities.</p>
                                                    
                
                </abstract>
                                         
            
            </abstractGroup>
                              
        
        </contentMeta>
                   
    
    </header>
           
    
    
        

</component>