<?xml version="1.0" encoding="UTF-8"?><component xmlns="http://www.wiley.com/namespaces/wiley" xmlns:wiley="http://www.wiley.com/namespaces/wiley/wiley" type="bookChapter" version="2.0" xml:id="w9781394236114c20" xml:lang="en">
           
    
    <header>
                      
        
        <publicationMeta level="product">
                                 
            
            <publisherInfo>
                                            
                
                <publisherName>John Wiley &amp; Sons, Inc.</publisherName>
                                            
                
                <publisherLoc>Hoboken, NJ, USA</publisherLoc>
                                         
            
            </publisherInfo>
                                 
            
            <doi origin="wiley" registered="yes">10.1002/9781394236145</doi>
                                 
            
            <isbn type="online-13">9781394236145</isbn>
                                 
            
            <isbn type="printCloth-13">9781394236114</isbn>
                                 
            
            <idGroup>
                                            
                
                <id type="product" value="N9781394236145"/>
                                         
            
            </idGroup>
                                 
            
            <titleGroup>
                                            
                
                <title sort="CHARACTERIZING BIOTHERAPEUTICS: ANALYTICAL METHODS FOR DIVERSE MODALITIES" type="main">Characterizing Biotherapeutics</title>
                                            
                
                <title type="subtitle">Analytical Methods for Diverse Modalities</title>
                                            
                
                <title type="tocForm">Characterizing Biotherapeutics: Analytical Methods for Diverse Modalities</title>
                                         
            
            </titleGroup>
                                 
            
            <copyright ownership="publisher">© 2025 John Wiley &amp; Sons, Inc.</copyright>
                                 
            
            <eventGroup>
                                            
                
                <event date="2025-06-17" type="publishedPrint"/>
                                         
            
            </eventGroup>
                                 
            
            <creators>
                                            
                
                <creator affiliationRef="#aff-0001" creatorRole="editor" xml:id="cr-0001">
                                                       
                    
                    <personName>
                                                                  
                        
                        <givenNames>Jennie R.</givenNames>
                                                                  
                        
                        <familyName>Lill</familyName>
                                                               
                    
                    </personName>
                                                    
                
                </creator>
                                            
                
                <creator affiliationRef="#aff-0002" creatorRole="editor" xml:id="cr-0002">
                                                       
                    
                    <personName>
                                                                  
                        
                        <givenNames>Wendy</givenNames>
                                                                  
                        
                        <familyName>Sandoval</familyName>
                                                               
                    
                    </personName>
                                                    
                
                </creator>
                                         
            
            </creators>
                                 
            
            <affiliationGroup>
                                            
                
                <affiliation countryCode="US" type="organization" xml:id="aff-0001">
                                                       
                    
                    <orgName>Nottingham Trent University</orgName>
                                                       
                    
                    <orgDiv>Protein Chemistry</orgDiv>
                                                       
                    
                    <address>
                                                                  
                        
                        <street>140 Blackurn Terrace</street>
                                                                  
                        
                        <city>Pacifica</city>
                                                                  
                        
                        <postCode>94044</postCode>
                                                                  
                        
                        <country>United States</country>
                                                               
                    
                    </address>
                                                    
                
                </affiliation>
                                            
                
                <affiliation countryCode="US" type="organization" xml:id="aff-0002">
                                                       
                    
                    <address>
                                                                  
                        
                        <street>1345 Tuolumne Rd,</street>
                                                                  
                        
                        <city>Millbrae</city>
                                                                  
                        
                        <postCode>94030</postCode>
                                                                  
                        
                        <country>United States</country>
                                                               
                    
                    </address>
                                                    
                
                </affiliation>
                                         
            
            </affiliationGroup>
                              
        
        </publicationMeta>
                      
        
        <publicationMeta level="part">
                                 
            
            <titleGroup>
                                            
                
                <title type="main">Part 4</title>
                                            
                
                <title type="name">Part</title>
                                         
            
            </titleGroup>
                                 
            
            <numberingGroup>
                                            
                
                <numbering number="4" type="main">4</numbering>
                                         
            
            </numberingGroup>
                              
        
        </publicationMeta>
                      
        
        <publicationMeta level="unit" position="210" type="chapter">
                                 
            
            <doi origin="wiley" registered="yes">10.1002/9781394236145.ch20</doi>
                                 
            
            <idGroup>
                                            
                
                <id type="unit" value="ch20"/>
                                            
                
                <id type="file" value="ch20"/>
                                         
            
            </idGroup>
                                 
            
            <countGroup>
                                            
                
                <count number="54" type="pageTotal"/>
                                         
            
            </countGroup>
                                 
            
            <copyright ownership="publisher">© 2025 John Wiley &amp; Sons, Inc.</copyright>
                                 
            
            <eventGroup><event agent="SPi Global" date="2025-06-05" type="xmlCreated"/><event date="2025-06-06" type="publishedOnlineFinalForm"/><event date="2025-06-06" type="firstOnline"/><event type="xmlConverted" agent="Converter:WML3G_To_WML3G version:1.9.3 mode:Header,remove_FC" date="2025-06-06"/></eventGroup>
                                 
            
            <numberingGroup>
                                            
                
                <numbering type="main">20</numbering>
                                            
                
                <numbering type="pageFirst">385</numbering>
                                            
                
                <numbering type="pageLast">438</numbering>
                                         
            
            </numberingGroup>
                                 
            
            <linkGroup>
                                            
                
                <link href="file:ch20.pdf" type="toTypesetVersion"/>
                                         
            
            </linkGroup>
                              
        
        </publicationMeta>
                      
        
        <contentMeta>
                                 
            
            <countGroup>
                                            
                
                <count number="14" type="figureTotal"/>
                                            
                
                <count number="8" type="tableTotal"/>
                                            
                
                <count number="407" type="referenceTotal"/>
                                         
            
            </countGroup>
                                 
            
            <titleGroup>
                                            
                
                <title type="main">Drug Delivery Modalities and Mechanisms</title>
                                         
            
            </titleGroup>
                                 
            
            <creators>
                                            
                
                <creator affiliationRef="#c20-aff-0001" creatorRole="author" xml:id="c20-cr-0001">
                                                       
                    
                    <personName>
                                                                  
                        
                        <givenNames>Yu Tong</givenNames>
                                                                  
                        
                        <familyName>Tam</familyName>
                                                               
                    
                    </personName>
                                                    
                
                </creator>
                                            
                
                <creator affiliationRef="#c20-aff-0001" creatorRole="author" xml:id="c20-cr-0002">
                                                       
                    
                    <personName>
                                                                  
                        
                        <givenNames>Madyson</givenNames>
                                                                  
                        
                        <familyName>Migliozzi</familyName>
                                                               
                    
                    </personName>
                                                    
                
                </creator>
                                            
                
                <creator affiliationRef="#c20-aff-0001" creatorRole="author" xml:id="c20-cr-0003">
                                                       
                    
                    <personName>
                                                                  
                        
                        <givenNames>Devin B.</givenNames>
                                                                  
                        
                        <familyName>Tesar</familyName>
                                                               
                    
                    </personName>
                                                    
                
                </creator>
                                            
                
                <creator affiliationRef="#c20-aff-0002" creatorRole="author" xml:id="c20-cr-0004">
                                                       
                    
                    <personName>
                                                                  
                        
                        <givenNames>Amin</givenNames>
                                                                  
                        
                        <familyName>Famili</familyName>
                                                               
                    
                    </personName>
                                                    
                
                </creator>
                                            
                
                <creator affiliationRef="#c20-aff-0003" creatorRole="author" xml:id="c20-cr-0005">
                                                       
                    
                    <personName>
                                                                  
                        
                        <givenNames>Aaron T.</givenNames>
                                                                  
                        
                        <familyName>Wecksler</familyName>
                                                               
                    
                    </personName>
                                                    
                
                </creator>
                                            
                
                <creator affiliationRef="#c20-aff-0004" creatorRole="author" xml:id="c20-cr-0006">
                                                       
                    
                    <personName>
                                                                  
                        
                        <givenNames>Sara</givenNames>
                                                                  
                        
                        <familyName>Wichner</familyName>
                                                               
                    
                    </personName>
                                                    
                
                </creator>
                                            
                
                <creator affiliationRef="#c20-aff-0001" creatorRole="author" xml:id="c20-cr-0007">
                                                       
                    
                    <personName>
                                                                  
                        
                        <givenNames>Alavattam</givenNames>
                                                                  
                        
                        <familyName>Sreedhara</familyName>
                                                               
                    
                    </personName>
                                                    
                
                </creator>
                                            
                
                <creator affiliationRef="#c20-aff-0001" creatorRole="author" xml:id="c20-cr-0008">
                                                       
                    
                    <personName>
                                                                  
                        
                        <givenNames>Whitney</givenNames>
                                                                  
                        
                        <familyName>Shatz‐Binder</familyName>
                                                               
                    
                    </personName>
                                                    
                
                </creator>
                                         
            
            </creators>
                                 
            
            <affiliationGroup>
                                            
                
                <affiliation countryCode="US" type="organization" xml:id="c20-aff-0001">
                                                       
                    
                    <orgDiv>Department of Pharmaceutical Development</orgDiv>
                                                       
                    
                    <orgName>Genentech</orgName>
                                                       
                    
                    <address>
                                                                  
                        
                        <city>South San Francisco</city>
                                                                  
                        
                        <countryPart>CA</countryPart>
                                                                  
                        
                        <country>USA</country>
                                                               
                    
                    </address>
                                                    
                
                </affiliation>
                                            
                
                <affiliation countryCode="US" type="organization" xml:id="c20-aff-0002">
                                                       
                    
                    <orgDiv>Department of Synthetic Molecule Analytical Chemistry</orgDiv>
                                                       
                    
                    <orgName>Genentech</orgName>
                                                       
                    
                    <address>
                                                                  
                        
                        <city>South San Francisco</city>
                                                                  
                        
                        <countryPart>CA</countryPart>
                                                                  
                        
                        <country>USA</country>
                                                               
                    
                    </address>
                                                    
                
                </affiliation>
                                            
                
                <affiliation countryCode="US" type="organization" xml:id="c20-aff-0003">
                                                       
                    
                    <orgDiv>Department of Protein Analytical Chemistry</orgDiv>
                                                       
                    
                    <orgName>Genentech</orgName>
                                                       
                    
                    <address>
                                                                  
                        
                        <city>South San Francisco</city>
                                                                  
                        
                        <countryPart>CA</countryPart>
                                                                  
                        
                        <country>USA</country>
                                                               
                    
                    </address>
                                                    
                
                </affiliation>
                                            
                
                <affiliation countryCode="US" type="organization" xml:id="c20-aff-0004">
                                                       
                    
                    <orgDiv>Department of Protein Chemistry</orgDiv>
                                                       
                    
                    <orgName>Genentech</orgName>
                                                       
                    
                    <address>
                                                                  
                        
                        <city>South San Francisco</city>
                                                                  
                        
                        <countryPart>CA</countryPart>
                                                                  
                        
                        <country>USA</country>
                                                               
                    
                    </address>
                                                    
                
                </affiliation>
                                         
            
            </affiliationGroup>
                                 
            
            <keywordGroup type="author">
                                            
                
                <keyword xml:id="c20-kwd-0001">drug‐delivery system (DDS)</keyword>
                                            
                
                <keyword xml:id="c20-kwd-0002">pharmacokinetics (PK)</keyword>
                                            
                
                <keyword xml:id="c20-kwd-0003">biotherapeutics</keyword>
                                            
                
                <keyword xml:id="c20-kwd-0004">parenteral administration</keyword>
                                            
                
                <keyword xml:id="c20-kwd-0005">intravitreal (IVT) injection</keyword>
                                            
                
                <keyword xml:id="c20-kwd-0006">cytokine release syndrome</keyword>
                                            
                
                <keyword xml:id="c20-kwd-0007">glucagon‐like peptide‐1 (GLP‐1) agonists</keyword>
                                            
                
                <keyword xml:id="c20-kwd-0008">polyethylene glycol (PEGylation)</keyword>
                                            
                
                <keyword xml:id="c20-kwd-0009">lipidation</keyword>
                                            
                
                <keyword xml:id="c20-kwd-0010">neonatal fragment crystallizable receptor (FcRn); monoclonal antibodies; nucleic acid‐based medicine</keyword>
                                         
            
            </keywordGroup>
                                 
            
            <abstractGroup>
                                            
                
                <abstract type="main">
                                                       
                    
                    <title type="main">Summary</title>
                                                       
                    
                    <p xml:id="c20-para-0001">The development of non‐smallmolecule therapeutics has significantly advanced the pharmaceutical industry, leading to the need for novel drug‐delivery systems (DDSs) and strategies. Key advancements include the development of long‐acting insulin analogs, glucagon‐like peptide‐1 (GLP‐1) agonists, monoclonal antibodies and protein‐polymer conjugates, which have revolutionized disease treatment. Because of the hurdles associated with oral administration of  protein and peptide therapeutics, parenteral routes such as intravenous (IV), subcutaneous (SC), and intramuscular (IM) injections have provided the most effective path forward. However, patient safety and compliance remain challenges. This chapter explores drug delivery modalities and mechanisms at various stages in development, with a focus on modulation of pharmacokinetic (PK) properties, the impact of administration routes, and the metabolism and excretion of biotherapeutics. It also describes the expansion of DDS applications beyond biologics, including nucleic acid‐based medicines and cell‐based therapies, and the challenges they present. The chapter concludes with a discussion of analytical methods for characterizing biotherapeutics and the future of drug‐delivery technologies.</p>
                                                    
                
                </abstract>
                                         
            
            </abstractGroup>
                              
        
        </contentMeta>
                   
    
    </header>
           
    
    
        

</component>