<?xml version="1.0" encoding="UTF-8"?><component xmlns="http://www.wiley.com/namespaces/wiley" xmlns:wiley="http://www.wiley.com/namespaces/wiley/wiley" type="bookChapter" version="2.0" xml:id="w9781394236114c3" xml:lang="en">
           
    
    <header>
                      
        
        <publicationMeta level="product">
                                 
            
            <publisherInfo>
                                            
                
                <publisherName>John Wiley &amp; Sons, Inc.</publisherName>
                                            
                
                <publisherLoc>Hoboken, NJ, USA</publisherLoc>
                                         
            
            </publisherInfo>
                                 
            
            <doi origin="wiley" registered="yes">10.1002/9781394236145</doi>
                                 
            
            <isbn type="online-13">9781394236145</isbn>
                                 
            
            <isbn type="printCloth-13">9781394236114</isbn>
                                 
            
            <idGroup>
                                            
                
                <id type="product" value="N9781394236145"/>
                                         
            
            </idGroup>
                                 
            
            <titleGroup>
                                            
                
                <title sort="CHARACTERIZING BIOTHERAPEUTICS: ANALYTICAL METHODS FOR DIVERSE MODALITIES" type="main">Characterizing Biotherapeutics</title>
                                            
                
                <title type="subtitle">Analytical Methods for Diverse Modalities</title>
                                            
                
                <title type="tocForm">Characterizing Biotherapeutics: Analytical Methods for Diverse Modalities</title>
                                         
            
            </titleGroup>
                                 
            
            <copyright ownership="publisher">© 2025 John Wiley &amp; Sons, Inc.</copyright>
                                 
            
            <eventGroup>
                                            
                
                <event date="2025-06-17" type="publishedPrint"/>
                                         
            
            </eventGroup>
                                 
            
            <creators>
                                            
                
                <creator affiliationRef="#aff-0001" creatorRole="editor" xml:id="cr-0001">
                                                       
                    
                    <personName>
                                                                  
                        
                        <givenNames>Jennie R.</givenNames>
                                                                  
                        
                        <familyName>Lill</familyName>
                                                               
                    
                    </personName>
                                                    
                
                </creator>
                                            
                
                <creator affiliationRef="#aff-0002" creatorRole="editor" xml:id="cr-0002">
                                                       
                    
                    <personName>
                                                                  
                        
                        <givenNames>Wendy</givenNames>
                                                                  
                        
                        <familyName>Sandoval</familyName>
                                                               
                    
                    </personName>
                                                    
                
                </creator>
                                         
            
            </creators>
                                 
            
            <affiliationGroup>
                                            
                
                <affiliation countryCode="US" type="organization" xml:id="aff-0001">
                                                       
                    
                    <orgName>Nottingham Trent University</orgName>
                                                       
                    
                    <orgDiv>Protein Chemistry</orgDiv>
                                                       
                    
                    <address>
                                                                  
                        
                        <street>140 Blackurn Terrace</street>
                                                                  
                        
                        <city>Pacifica</city>
                                                                  
                        
                        <postCode>94044</postCode>
                                                                  
                        
                        <country>United States</country>
                                                               
                    
                    </address>
                                                    
                
                </affiliation>
                                            
                
                <affiliation countryCode="US" type="organization" xml:id="aff-0002">
                                                       
                    
                    <address>
                                                                  
                        
                        <street>1345 Tuolumne Rd,</street>
                                                                  
                        
                        <city>Millbrae</city>
                                                                  
                        
                        <postCode>94030</postCode>
                                                                  
                        
                        <country>United States</country>
                                                               
                    
                    </address>
                                                    
                
                </affiliation>
                                         
            
            </affiliationGroup>
                              
        
        </publicationMeta>
                      
        
        <publicationMeta level="part">
                                 
            
            <titleGroup>
                                            
                
                <title type="main">Part 4</title>
                                            
                
                <title type="name">Part</title>
                                         
            
            </titleGroup>
                                 
            
            <numberingGroup>
                                            
                
                <numbering number="4" type="main">4</numbering>
                                         
            
            </numberingGroup>
                              
        
        </publicationMeta>
                      
        
        <publicationMeta level="unit" position="40" type="chapter">
                                 
            
            <doi origin="wiley" registered="yes">10.1002/9781394236145.ch3</doi>
                                 
            
            <idGroup>
                                            
                
                <id type="unit" value="ch3"/>
                                            
                
                <id type="file" value="ch3"/>
                                         
            
            </idGroup>
                                 
            
            <countGroup>
                                            
                
                <count number="26" type="pageTotal"/>
                                         
            
            </countGroup>
                                 
            
            <copyright ownership="publisher">© 2025 John Wiley &amp; Sons, Inc.</copyright>
                                 
            
            <eventGroup><event agent="SPi Global" date="2025-06-05" type="xmlCreated"/><event date="2025-06-06" type="publishedOnlineFinalForm"/><event date="2025-06-06" type="firstOnline"/><event type="xmlConverted" agent="Converter:WML3G_To_WML3G version:1.9.3 mode:Header,remove_FC" date="2025-06-06"/></eventGroup>
                                 
            
            <numberingGroup>
                                            
                
                <numbering type="main">3</numbering>
                                            
                
                <numbering type="pageFirst">29</numbering>
                                            
                
                <numbering type="pageLast">54</numbering>
                                         
            
            </numberingGroup>
                                 
            
            <linkGroup>
                                            
                
                <link href="file:ch3.pdf" type="toTypesetVersion"/>
                                         
            
            </linkGroup>
                              
        
        </publicationMeta>
                      
        
        <contentMeta>
                                 
            
            <countGroup>
                                            
                
                <count number="6" type="figureTotal"/>
                                            
                
                <count number="1" type="tableTotal"/>
                                            
                
                <count number="167" type="referenceTotal"/>
                                         
            
            </countGroup>
                                 
            
            <titleGroup>
                                            
                
                <title type="main">
                                        Analytical Challenges in Analyzing 
                    
                    <fc>IgM</fc>
                                         Biotherapeutics
                
                </title>
                                         
            
            </titleGroup>
                                 
            
            <creators>
                                            
                
                <creator affiliationRef="#c03-aff-0001 #c03-aff-0002" creatorRole="author" xml:id="c03-cr-0001">
                                                       
                    
                    <personName>
                                                                  
                        
                        <givenNames>Amber D.</givenNames>
                                                                  
                        
                        <familyName>Rolland</familyName>
                                                               
                    
                    </personName>
                                                    
                
                </creator>
                                            
                
                <creator affiliationRef="#c03-aff-0001 #c03-aff-0002" corresponding="yes" creatorRole="author" xml:id="c03-cr-0002">
                                                       
                    
                    <personName>
                                                                  
                        
                        <givenNames>Albert J.R.</givenNames>
                                                                  
                        
                        <familyName>Heck</familyName>
                                                               
                    
                    </personName>
                                                    
                
                </creator>
                                         
            
            </creators>
                                 
            
            <affiliationGroup>
                                            
                
                <affiliation countryCode="NL" type="organization" xml:id="c03-aff-0001">
                                                       
                    
                    <orgDiv>Biomolecular Mass Spectrometry and Proteomics</orgDiv>
                                                       
                    
                    <orgName>Bijvoet Center for Biomolecular Research and Utrecht Institute for Pharmaceutical Sciences</orgName>
                                                       
                    
                    <orgName>University of Utrecht</orgName>
                                                       
                    
                    <address>
                                                                  
                        
                        <city>Utrecht</city>
                                                                  
                        
                        <country>The Netherlands</country>
                                                               
                    
                    </address>
                                                    
                
                </affiliation>
                                            
                
                <affiliation countryCode="NL" type="organization" xml:id="c03-aff-0002">
                                                       
                    
                    <orgDiv>Netherlands Proteomics Center</orgDiv>
                                                       
                    
                    <address>
                                                                  
                        
                        <city>Utrecht</city>
                                                                  
                        
                        <country>The Netherlands</country>
                                                               
                    
                    </address>
                                                    
                
                </affiliation>
                                         
            
            </affiliationGroup>
                                 
            
            <keywordGroup type="author">
                                            
                
                <keyword xml:id="c03-kwd-0001">therapeutic antibody</keyword>
                                            
                
                <keyword xml:id="c03-kwd-0002">bispecific antibody</keyword>
                                            
                
                <keyword xml:id="c03-kwd-0003">antibody mixtures</keyword>
                                            
                
                <keyword xml:id="c03-kwd-0004">developability assessment</keyword>
                                            
                
                <keyword xml:id="c03-kwd-0005">mass spectrometry</keyword>
                                            
                
                <keyword xml:id="c03-kwd-0006">molecule assessment</keyword>
                                            
                
                <keyword xml:id="c03-kwd-0007">bioanalytical methods</keyword>
                                            
                
                <keyword xml:id="c03-kwd-0008">heavy chain heterodimerization</keyword>
                                            
                
                <keyword xml:id="c03-kwd-0009">light chain pairing</keyword>
                                            
                
                <keyword xml:id="c03-kwd-0010">immunogenicity</keyword>
                                         
            
            </keywordGroup>
                                 
            
            <abstractGroup>
                                            
                
                <abstract type="main">
                                                       
                    
                    <title type="main">Summary</title>
                                                       
                    
                    <p xml:id="c03-para-0001">Interest in the use of IgM for therapeutic applications dates back to the earliest mAb clinical trials but has long failed to come to fruition due to major bottlenecks related to production issues and demonstrated efficacy. However, with significant advances made in these areas in recent years combined with exciting new discoveries related to IgM structure and function, the potential of IgM biotherapeutics is once again rapidly trending upward but now faces yet another obstacle to overcome – the challenge of analytical characterization. Regulatory approval and quality control of recombinant mAbs depends on the detailed analysis of their intrinsic heterogeneity, with even minor modifications giving rise to an array of variants associated with potentially serious health consequences due to changes in antibody structure, function, stability, pharmacodynamics, and pharmacokinetics. Mass spectrometry‐based approaches have long been a powerful tool for the analytical characterization of antibodies, but existing methods have largely been optimized for IgG, as nearly all approved therapeutic mAbs are based on this class. Produced as polymers with extensive glycosylation and complex disulfide bond networks that also readily incorporate various other assembly factors, IgM exhibits significantly increased molecular complexity by comparison. These major differences thus complicate the application of current techniques used to analyze IgG mAbs to the analytical characterization of IgM, requiring not only adjustment to workflows and re‐optimization of MS‐based methods but also the development of new analytical tools in order to take full advantage of the immense therapeutic potential of IgM at long last.</p>
                                                    
                
                </abstract>
                                         
            
            </abstractGroup>
                              
        
        </contentMeta>
                   
    
    </header>
           
    
    
        

</component>