<?xml version="1.0" encoding="UTF-8"?><component xmlns="http://www.wiley.com/namespaces/wiley" xmlns:wiley="http://www.wiley.com/namespaces/wiley/wiley" type="bookChapter" version="2.0" xml:id="w9781394236114c4" xml:lang="en">
           
    
    <header>
                      
        
        <publicationMeta level="product">
                                 
            
            <publisherInfo>
                                            
                
                <publisherName>John Wiley &amp; Sons, Inc.</publisherName>
                                            
                
                <publisherLoc>Hoboken, NJ, USA</publisherLoc>
                                         
            
            </publisherInfo>
                                 
            
            <doi origin="wiley" registered="yes">10.1002/9781394236145</doi>
                                 
            
            <isbn type="online-13">9781394236145</isbn>
                                 
            
            <isbn type="printCloth-13">9781394236114</isbn>
                                 
            
            <idGroup>
                                            
                
                <id type="product" value="N9781394236145"/>
                                         
            
            </idGroup>
                                 
            
            <titleGroup>
                                            
                
                <title sort="CHARACTERIZING BIOTHERAPEUTICS: ANALYTICAL METHODS FOR DIVERSE MODALITIES" type="main">Characterizing Biotherapeutics</title>
                                            
                
                <title type="subtitle">Analytical Methods for Diverse Modalities</title>
                                            
                
                <title type="tocForm">Characterizing Biotherapeutics: Analytical Methods for Diverse Modalities</title>
                                         
            
            </titleGroup>
                                 
            
            <copyright ownership="publisher">© 2025 John Wiley &amp; Sons, Inc.</copyright>
                                 
            
            <eventGroup>
                                            
                
                <event date="2025-06-17" type="publishedPrint"/>
                                         
            
            </eventGroup>
                                 
            
            <creators>
                                            
                
                <creator affiliationRef="#aff-0001" creatorRole="editor" xml:id="cr-0001">
                                                       
                    
                    <personName>
                                                                  
                        
                        <givenNames>Jennie R.</givenNames>
                                                                  
                        
                        <familyName>Lill</familyName>
                                                               
                    
                    </personName>
                                                    
                
                </creator>
                                            
                
                <creator affiliationRef="#aff-0002" creatorRole="editor" xml:id="cr-0002">
                                                       
                    
                    <personName>
                                                                  
                        
                        <givenNames>Wendy</givenNames>
                                                                  
                        
                        <familyName>Sandoval</familyName>
                                                               
                    
                    </personName>
                                                    
                
                </creator>
                                         
            
            </creators>
                                 
            
            <affiliationGroup>
                                            
                
                <affiliation countryCode="US" type="organization" xml:id="aff-0001">
                                                       
                    
                    <orgName>Nottingham Trent University</orgName>
                                                       
                    
                    <orgDiv>Protein Chemistry</orgDiv>
                                                       
                    
                    <address>
                                                                  
                        
                        <street>140 Blackurn Terrace</street>
                                                                  
                        
                        <city>Pacifica</city>
                                                                  
                        
                        <postCode>94044</postCode>
                                                                  
                        
                        <country>United States</country>
                                                               
                    
                    </address>
                                                    
                
                </affiliation>
                                            
                
                <affiliation countryCode="US" type="organization" xml:id="aff-0002">
                                                       
                    
                    <address>
                                                                  
                        
                        <street>1345 Tuolumne Rd,</street>
                                                                  
                        
                        <city>Millbrae</city>
                                                                  
                        
                        <postCode>94030</postCode>
                                                                  
                        
                        <country>United States</country>
                                                               
                    
                    </address>
                                                    
                
                </affiliation>
                                         
            
            </affiliationGroup>
                              
        
        </publicationMeta>
                      
        
        <publicationMeta level="part">
                                 
            
            <titleGroup>
                                            
                
                <title type="main">Part 4</title>
                                            
                
                <title type="name">Part</title>
                                         
            
            </titleGroup>
                                 
            
            <numberingGroup>
                                            
                
                <numbering number="4" type="main">4</numbering>
                                         
            
            </numberingGroup>
                              
        
        </publicationMeta>
                      
        
        <publicationMeta level="unit" position="50" type="chapter">
                                 
            
            <doi origin="wiley" registered="yes">10.1002/9781394236145.ch4</doi>
                                 
            
            <idGroup>
                                            
                
                <id type="unit" value="ch4"/>
                                            
                
                <id type="file" value="ch4"/>
                                         
            
            </idGroup>
                                 
            
            <countGroup>
                                            
                
                <count number="15" type="pageTotal"/>
                                         
            
            </countGroup>
                                 
            
            <copyright ownership="publisher">© 2025 John Wiley &amp; Sons, Inc.</copyright>
                                 
            
            <eventGroup><event agent="SPi Global" date="2025-06-05" type="xmlCreated"/><event date="2025-06-06" type="publishedOnlineFinalForm"/><event date="2025-06-06" type="firstOnline"/><event type="xmlConverted" agent="Converter:WML3G_To_WML3G version:1.9.3 mode:Header,remove_FC" date="2025-06-06"/></eventGroup>
                                 
            
            <numberingGroup>
                                            
                
                <numbering type="main">4</numbering>
                                            
                
                <numbering type="pageFirst">55</numbering>
                                            
                
                <numbering type="pageLast">69</numbering>
                                         
            
            </numberingGroup>
                                 
            
            <linkGroup>
                                            
                
                <link href="file:ch4.pdf" type="toTypesetVersion"/>
                                         
            
            </linkGroup>
                              
        
        </publicationMeta>
                      
        
        <contentMeta>
                                 
            
            <countGroup>
                                            
                
                <count number="9" type="figureTotal"/>
                                            
                
                <count number="86" type="referenceTotal"/>
                                         
            
            </countGroup>
                                 
            
            <titleGroup>
                                            
                
                <title type="main">Mass Spectrometric Characterization of Therapeutic Recombinant Proteins</title>
                                         
            
            </titleGroup>
                                 
            
            <creators>
                                            
                
                <creator affiliationRef="#c04-aff-0001" creatorRole="author" xml:id="c04-cr-0001">
                                                       
                    
                    <personName>
                                                                  
                        
                        <givenNames>Alissa D.</givenNames>
                                                                  
                        
                        <familyName>Guarnaccia</familyName>
                                                               
                    
                    </personName>
                                                    
                
                </creator>
                                            
                
                <creator affiliationRef="#c04-aff-0001" creatorRole="author" xml:id="c04-cr-0002">
                                                       
                    
                    <personName>
                                                                  
                        
                        <givenNames>Corey E.</givenNames>
                                                                  
                        
                        <familyName>Bakalarski</familyName>
                                                               
                    
                    </personName>
                                                    
                
                </creator>
                                            
                
                <creator affiliationRef="#c04-aff-0001" creatorRole="author" xml:id="c04-cr-0003">
                                                       
                    
                    <personName>
                                                                  
                        
                        <givenNames>Wendy</givenNames>
                                                                  
                        
                        <familyName>Sandoval</familyName>
                                                               
                    
                    </personName>
                                                    
                
                </creator>
                                            
                
                <creator affiliationRef="#c04-aff-0001" creatorRole="author" xml:id="c04-cr-0004">
                                                       
                    
                    <personName>
                                                                  
                        
                        <givenNames>Jennie R.</givenNames>
                                                                  
                        
                        <familyName>Lill</familyName>
                                                               
                    
                    </personName>
                                                    
                
                </creator>
                                         
            
            </creators>
                                 
            
            <affiliationGroup>
                                            
                
                <affiliation countryCode="US" type="organization" xml:id="c04-aff-0001">
                                                       
                    
                    <orgDiv>Proteomic and Genomic Technologies</orgDiv>
                                                       
                    
                    <orgName>Genentech Inc.</orgName>
                                                       
                    
                    <address>
                                                                  
                        
                        <city>South San Francisco</city>
                                                                  
                        
                        <countryPart>CA</countryPart>
                                                                  
                        
                        <country>USA</country>
                                                               
                    
                    </address>
                                                    
                
                </affiliation>
                                         
            
            </affiliationGroup>
                                 
            
            <keywordGroup type="author">
                                            
                
                <keyword xml:id="c04-kwd-0001">pharmaceutical</keyword>
                                            
                
                <keyword xml:id="c04-kwd-0002">biotherapeutics</keyword>
                                            
                
                <keyword xml:id="c04-kwd-0003">monoclonal antibodies (mAbs)</keyword>
                                            
                
                <keyword xml:id="c04-kwd-0004">antibody‐drug conjugates (ADCs)</keyword>
                                            
                
                <keyword xml:id="c04-kwd-0005">peptides</keyword>
                                            
                
                <keyword xml:id="c04-kwd-0006">nucleic acids</keyword>
                                            
                
                <keyword xml:id="c04-kwd-0007">vaccines</keyword>
                                            
                
                <keyword xml:id="c04-kwd-0008">cell‐based therapies</keyword>
                                            
                
                <keyword xml:id="c04-kwd-0009">mass spectrometry</keyword>
                                            
                
                <keyword xml:id="c04-kwd-0010">characterization</keyword>
                                         
            
            </keywordGroup>
                                 
            
            <abstractGroup>
                                            
                
                <abstract type="main">
                                                       
                    
                    <title type="main">Summary</title>
                                                       
                    
                    <p xml:id="c04-para-0001">In recent years, the pharmaceutical industry has experienced a paradigm shift toward the development of novel biotherapeutic modalities driven by the need for more personalized and innovative disease treatments. Biotherapeutics – including monoclonal antibodies (mAbs), antibody‐drug conjugates (ADCs), peptides, nucleic acids, vaccines, and cell‐based therapies – offer advantages such as high specificity, lower toxicity, and reduced off‐target effects compared to small‐molecule drugs. The ability to engineer these large, complex molecules enhances their pharmacokinetics and therapeutic profiles, contributing to their efficacy and safety. However, biotherapeutics present greater complexity in manufacturing and storage, requiring advanced characterization methods to ensure their quality. Here, we delve into the diverse array of mass spectrometric instrumentation and explore the peripheral devices commonly integrated with mass spectrometers to facilitate biophysical separation. Furthermore, we examine the sophisticated deconvolution software and proteo‐informatic tools essential for the nuanced interpretation of mass spectral data.</p>
                                                    
                
                </abstract>
                                         
            
            </abstractGroup>
                              
        
        </contentMeta>
                   
    
    </header>
           
    
    
        

</component>