<?xml version="1.0" encoding="UTF-8"?><component xmlns="http://www.wiley.com/namespaces/wiley" xmlns:wiley="http://www.wiley.com/namespaces/wiley/wiley" type="bookChapter" version="2.0" xml:id="w9781394236114c5" xml:lang="en">
           
    
    <header>
                      
        
        <publicationMeta level="product">
                                 
            
            <publisherInfo>
                                            
                
                <publisherName>John Wiley &amp; Sons, Inc.</publisherName>
                                            
                
                <publisherLoc>Hoboken, NJ, USA</publisherLoc>
                                         
            
            </publisherInfo>
                                 
            
            <doi origin="wiley" registered="yes">10.1002/9781394236145</doi>
                                 
            
            <isbn type="online-13">9781394236145</isbn>
                                 
            
            <isbn type="printCloth-13">9781394236114</isbn>
                                 
            
            <idGroup>
                                            
                
                <id type="product" value="N9781394236145"/>
                                         
            
            </idGroup>
                                 
            
            <titleGroup>
                                            
                
                <title sort="CHARACTERIZING BIOTHERAPEUTICS: ANALYTICAL METHODS FOR DIVERSE MODALITIES" type="main">Characterizing Biotherapeutics</title>
                                            
                
                <title type="subtitle">Analytical Methods for Diverse Modalities</title>
                                            
                
                <title type="tocForm">Characterizing Biotherapeutics: Analytical Methods for Diverse Modalities</title>
                                         
            
            </titleGroup>
                                 
            
            <copyright ownership="publisher">© 2025 John Wiley &amp; Sons, Inc.</copyright>
                                 
            
            <eventGroup>
                                            
                
                <event date="2025-06-17" type="publishedPrint"/>
                                         
            
            </eventGroup>
                                 
            
            <creators>
                                            
                
                <creator affiliationRef="#aff-0001" creatorRole="editor" xml:id="cr-0001">
                                                       
                    
                    <personName>
                                                                  
                        
                        <givenNames>Jennie R.</givenNames>
                                                                  
                        
                        <familyName>Lill</familyName>
                                                               
                    
                    </personName>
                                                    
                
                </creator>
                                            
                
                <creator affiliationRef="#aff-0002" creatorRole="editor" xml:id="cr-0002">
                                                       
                    
                    <personName>
                                                                  
                        
                        <givenNames>Wendy</givenNames>
                                                                  
                        
                        <familyName>Sandoval</familyName>
                                                               
                    
                    </personName>
                                                    
                
                </creator>
                                         
            
            </creators>
                                 
            
            <affiliationGroup>
                                            
                
                <affiliation countryCode="US" type="organization" xml:id="aff-0001">
                                                       
                    
                    <orgName>Nottingham Trent University</orgName>
                                                       
                    
                    <orgDiv>Protein Chemistry</orgDiv>
                                                       
                    
                    <address>
                                                                  
                        
                        <street>140 Blackurn Terrace</street>
                                                                  
                        
                        <city>Pacifica</city>
                                                                  
                        
                        <postCode>94044</postCode>
                                                                  
                        
                        <country>United States</country>
                                                               
                    
                    </address>
                                                    
                
                </affiliation>
                                            
                
                <affiliation countryCode="US" type="organization" xml:id="aff-0002">
                                                       
                    
                    <address>
                                                                  
                        
                        <street>1345 Tuolumne Rd,</street>
                                                                  
                        
                        <city>Millbrae</city>
                                                                  
                        
                        <postCode>94030</postCode>
                                                                  
                        
                        <country>United States</country>
                                                               
                    
                    </address>
                                                    
                
                </affiliation>
                                         
            
            </affiliationGroup>
                              
        
        </publicationMeta>
                      
        
        <publicationMeta level="part">
                                 
            
            <titleGroup>
                                            
                
                <title type="main">Part 4</title>
                                            
                
                <title type="name">Part</title>
                                         
            
            </titleGroup>
                                 
            
            <numberingGroup>
                                            
                
                <numbering number="4" type="main">4</numbering>
                                         
            
            </numberingGroup>
                              
        
        </publicationMeta>
                      
        
        <publicationMeta level="unit" position="60" type="chapter">
                                 
            
            <doi origin="wiley" registered="yes">10.1002/9781394236145.ch5</doi>
                                 
            
            <idGroup>
                                            
                
                <id type="unit" value="ch5"/>
                                            
                
                <id type="file" value="ch5"/>
                                         
            
            </idGroup>
                                 
            
            <countGroup>
                                            
                
                <count number="13" type="pageTotal"/>
                                         
            
            </countGroup>
                                 
            
            <copyright ownership="publisher">© 2025 John Wiley &amp; Sons, Inc.</copyright>
                                 
            
            <eventGroup><event agent="SPi Global" date="2025-06-05" type="xmlCreated"/><event date="2025-06-06" type="publishedOnlineFinalForm"/><event date="2025-06-06" type="firstOnline"/><event type="xmlConverted" agent="Converter:WML3G_To_WML3G version:1.9.3 mode:Header,remove_FC" date="2025-06-06"/></eventGroup>
                                 
            
            <numberingGroup>
                                            
                
                <numbering type="main">5</numbering>
                                            
                
                <numbering type="pageFirst">71</numbering>
                                            
                
                <numbering type="pageLast">83</numbering>
                                         
            
            </numberingGroup>
                                 
            
            <linkGroup>
                                            
                
                <link href="file:ch5.pdf" type="toTypesetVersion"/>
                                         
            
            </linkGroup>
                              
        
        </publicationMeta>
                      
        
        <contentMeta>
                                 
            
            <countGroup>
                                            
                
                <count number="4" type="figureTotal"/>
                                            
                
                <count number="2" type="tableTotal"/>
                                            
                
                <count number="31" type="referenceTotal"/>
                                         
            
            </countGroup>
                                 
            
            <titleGroup>
                                            
                
                <title type="main">Therapeutic Proteins and Hyphenated Methods for Characterization</title>
                                         
            
            </titleGroup>
                                 
            
            <creators>
                                            
                
                <creator affiliationRef="#c05-aff-0001" creatorRole="author" xml:id="c05-cr-0001">
                                                       
                    
                    <personName>
                                                                  
                        
                        <givenNames>Dietmar</givenNames>
                                                                  
                        
                        <familyName>Reusch</familyName>
                                                               
                    
                    </personName>
                                                    
                
                </creator>
                                            
                
                <creator affiliationRef="#c05-aff-0001" creatorRole="author" xml:id="c05-cr-0002">
                                                       
                    
                    <personName>
                                                                  
                        
                        <givenNames>Markus</givenNames>
                                                                  
                        
                        <familyName>Haberger</familyName>
                                                               
                    
                    </personName>
                                                    
                
                </creator>
                                         
            
            </creators>
                                 
            
            <affiliationGroup>
                                            
                
                <affiliation countryCode="DE" type="private" xml:id="c05-aff-0001">
                                                       
                    
                    <orgName>Roche Diagnostics GmbH</orgName>
                                                       
                    
                    <address>
                                                                  
                        
                        <city>Penzberg</city>
                                                                  
                        
                        <country>Germany</country>
                                                               
                    
                    </address>
                                                    
                
                </affiliation>
                                         
            
            </affiliationGroup>
                                 
            
            <keywordGroup type="author">
                                            
                
                <keyword xml:id="c05-kwd-0001">affinity separation</keyword>
                                            
                
                <keyword xml:id="c05-kwd-0002">native mMass spectrometry</keyword>
                                            
                
                <keyword xml:id="c05-kwd-0003">hydrophobic interaction chromatography mass spectrometry (HIC‐MS)</keyword>
                                            
                
                <keyword xml:id="c05-kwd-0004">Two‐Dimensional High‐Performance Liquid Chromatography‐Mass Spectrometry (2D‐HPLC‐MS)</keyword>
                                            
                
                <keyword xml:id="c05-kwd-0005">affinity column mass spectrometry (AC‐MS)</keyword>
                                            
                
                <keyword xml:id="c05-kwd-0006">affinity capillary electrophoresis mass spectrometry (ACE‐MS)</keyword>
                                            
                
                <keyword xml:id="c05-kwd-0007">size exclusion chromatography mass spectrometry (SEC‐MS)</keyword>
                                            
                
                <keyword xml:id="c05-kwd-0008">ion exchange chromatography mass spectrometry (IEC‐MS)</keyword>
                                            
                
                <keyword xml:id="c05-kwd-0009">bispecific antibodies</keyword>
                                            
                
                <keyword xml:id="c05-kwd-0010">mispairing</keyword>
                                            
                
                <keyword xml:id="c05-kwd-0011">post translational modifications (PTMs)</keyword>
                                            
                
                <keyword xml:id="c05-kwd-0012">glycosylation</keyword>
                                            
                
                <keyword xml:id="c05-kwd-0013">fragments</keyword>
                                            
                
                <keyword xml:id="c05-kwd-0014">aggregates</keyword>
                                            
                
                <keyword xml:id="c05-kwd-0015">high molecular weight</keyword>
                                            
                
                <keyword xml:id="c05-kwd-0016">low molecular weight</keyword>
                                         
            
            </keywordGroup>
                                 
            
            <abstractGroup>
                                            
                
                <abstract type="main">
                                                       
                    
                    <title type="main">Summary</title>
                                                       
                    
                    <p xml:id="c05-para-0001">The integration of native protein separation techniques with mass spectrometry is emerging as a powerful approach for characterizing proteins while preserving their native conformations. Unlike reversed‐phase chromatography under denaturing conditions, this chapter emphasizes native protein separations. It provides a detailed overview of the various methodologies available for separating native proteins and discusses key considerations for effectively linking these methods with mass spectrometry.</p>
                                                    
                
                </abstract>
                                         
            
            </abstractGroup>
                              
        
        </contentMeta>
                   
    
    </header>
           
    
    
        

</component>