<?xml version="1.0" encoding="UTF-8"?><component xmlns="http://www.wiley.com/namespaces/wiley" xmlns:wiley="http://www.wiley.com/namespaces/wiley/wiley" type="bookChapter" version="2.0" xml:id="w9781394236114c6" xml:lang="en">
           
    
    <header>
                      
        
        <publicationMeta level="product">
                                 
            
            <publisherInfo>
                                            
                
                <publisherName>John Wiley &amp; Sons, Inc.</publisherName>
                                            
                
                <publisherLoc>Hoboken, NJ, USA</publisherLoc>
                                         
            
            </publisherInfo>
                                 
            
            <doi origin="wiley" registered="yes">10.1002/9781394236145</doi>
                                 
            
            <isbn type="online-13">9781394236145</isbn>
                                 
            
            <isbn type="printCloth-13">9781394236114</isbn>
                                 
            
            <idGroup>
                                            
                
                <id type="product" value="N9781394236145"/>
                                         
            
            </idGroup>
                                 
            
            <titleGroup>
                                            
                
                <title sort="CHARACTERIZING BIOTHERAPEUTICS: ANALYTICAL METHODS FOR DIVERSE MODALITIES" type="main">Characterizing Biotherapeutics</title>
                                            
                
                <title type="subtitle">Analytical Methods for Diverse Modalities</title>
                                            
                
                <title type="tocForm">Characterizing Biotherapeutics: Analytical Methods for Diverse Modalities</title>
                                         
            
            </titleGroup>
                                 
            
            <copyright ownership="publisher">© 2025 John Wiley &amp; Sons, Inc.</copyright>
                                 
            
            <eventGroup>
                                            
                
                <event date="2025-06-17" type="publishedPrint"/>
                                         
            
            </eventGroup>
                                 
            
            <creators>
                                            
                
                <creator affiliationRef="#aff-0001" creatorRole="editor" xml:id="cr-0001">
                                                       
                    
                    <personName>
                                                                  
                        
                        <givenNames>Jennie R.</givenNames>
                                                                  
                        
                        <familyName>Lill</familyName>
                                                               
                    
                    </personName>
                                                    
                
                </creator>
                                            
                
                <creator affiliationRef="#aff-0002" creatorRole="editor" xml:id="cr-0002">
                                                       
                    
                    <personName>
                                                                  
                        
                        <givenNames>Wendy</givenNames>
                                                                  
                        
                        <familyName>Sandoval</familyName>
                                                               
                    
                    </personName>
                                                    
                
                </creator>
                                         
            
            </creators>
                                 
            
            <affiliationGroup>
                                            
                
                <affiliation countryCode="US" type="organization" xml:id="aff-0001">
                                                       
                    
                    <orgName>Nottingham Trent University</orgName>
                                                       
                    
                    <orgDiv>Protein Chemistry</orgDiv>
                                                       
                    
                    <address>
                                                                  
                        
                        <street>140 Blackurn Terrace</street>
                                                                  
                        
                        <city>Pacifica</city>
                                                                  
                        
                        <postCode>94044</postCode>
                                                                  
                        
                        <country>United States</country>
                                                               
                    
                    </address>
                                                    
                
                </affiliation>
                                            
                
                <affiliation countryCode="US" type="organization" xml:id="aff-0002">
                                                       
                    
                    <address>
                                                                  
                        
                        <street>1345 Tuolumne Rd,</street>
                                                                  
                        
                        <city>Millbrae</city>
                                                                  
                        
                        <postCode>94030</postCode>
                                                                  
                        
                        <country>United States</country>
                                                               
                    
                    </address>
                                                    
                
                </affiliation>
                                         
            
            </affiliationGroup>
                              
        
        </publicationMeta>
                      
        
        <publicationMeta level="part">
                                 
            
            <titleGroup>
                                            
                
                <title type="main">Part 5</title>
                                            
                
                <title type="name">Part</title>
                                         
            
            </titleGroup>
                                 
            
            <numberingGroup>
                                            
                
                <numbering number="5" type="main">5</numbering>
                                         
            
            </numberingGroup>
                              
        
        </publicationMeta>
                      
        
        <publicationMeta level="unit" position="70" type="chapter">
                                 
            
            <doi origin="wiley" registered="yes">10.1002/9781394236145.ch6</doi>
                                 
            
            <idGroup>
                                            
                
                <id type="unit" value="ch6"/>
                                            
                
                <id type="file" value="ch6"/>
                                         
            
            </idGroup>
                                 
            
            <countGroup>
                                            
                
                <count number="24" type="pageTotal"/>
                                         
            
            </countGroup>
                                 
            
            <copyright ownership="publisher">© 2025 John Wiley &amp; Sons, Inc.</copyright>
                                 
            
            <eventGroup><event agent="SPi Global" date="2025-06-05" type="xmlCreated"/><event date="2025-06-06" type="publishedOnlineFinalForm"/><event date="2025-06-06" type="firstOnline"/><event type="xmlConverted" agent="Converter:WML3G_To_WML3G version:1.9.3 mode:Header,remove_FC" date="2025-06-06"/></eventGroup>
                                 
            
            <numberingGroup>
                                            
                
                <numbering type="main">6</numbering>
                                            
                
                <numbering type="pageFirst">85</numbering>
                                            
                
                <numbering type="pageLast">108</numbering>
                                         
            
            </numberingGroup>
                                 
            
            <linkGroup>
                                            
                
                <link href="file:ch6.pdf" type="toTypesetVersion"/>
                                         
            
            </linkGroup>
                              
        
        </publicationMeta>
                      
        
        <contentMeta>
                                 
            
            <countGroup>
                                            
                
                <count number="10" type="figureTotal"/>
                                            
                
                <count number="2" type="tableTotal"/>
                                            
                
                <count number="109" type="referenceTotal"/>
                                         
            
            </countGroup>
                                 
            
            <titleGroup>
                                            
                
                <title type="main">Methods for Characterization and Optimization of Peptide Therapeutics: Bioanalysis and Biotransformation</title>
                                         
            
            </titleGroup>
                                 
            
            <creators>
                                            
                
                <creator affiliationRef="#c06-aff-0001" creatorRole="author" xml:id="c06-cr-0001">
                                                       
                    
                    <personName>
                                                                  
                        
                        <givenNames>Phillip</givenNames>
                                                                  
                        
                        <familyName>Chu</familyName>
                                                               
                    
                    </personName>
                                                    
                
                </creator>
                                            
                
                <creator affiliationRef="#c06-aff-0001" creatorRole="author" xml:id="c06-cr-0002">
                                                       
                    
                    <personName>
                                                                  
                        
                        <givenNames>Suk‐Joon</givenNames>
                                                                  
                        
                        <familyName>Hyung</familyName>
                                                               
                    
                    </personName>
                                                    
                
                </creator>
                                            
                
                <creator affiliationRef="#c06-aff-0001" creatorRole="author" xml:id="c06-cr-0003">
                                                       
                    
                    <personName>
                                                                  
                        
                        <givenNames>Robert S.</givenNames>
                                                                  
                        
                        <familyName>Jones</familyName>
                                                               
                    
                    </personName>
                                                    
                
                </creator>
                                            
                
                <creator affiliationRef="#c06-aff-0001" creatorRole="author" xml:id="c06-cr-0004">
                                                       
                    
                    <personName>
                                                                  
                        
                        <givenNames>S. Cyrus</givenNames>
                                                                  
                        
                        <familyName>Khojasteh</familyName>
                                                               
                    
                    </personName>
                                                    
                
                </creator>
                                            
                
                <creator affiliationRef="#c06-aff-0001" creatorRole="author" xml:id="c06-cr-0005">
                                                       
                    
                    <personName>
                                                                  
                        
                        <givenNames>Dennis H.</givenNames>
                                                                  
                        
                        <familyName>Leung</familyName>
                                                               
                    
                    </personName>
                                                    
                
                </creator>
                                            
                
                <creator affiliationRef="#c06-aff-0001" creatorRole="author" xml:id="c06-cr-0006">
                                                       
                    
                    <personName>
                                                                  
                        
                        <givenNames>Bin</givenNames>
                                                                  
                        
                        <familyName>Ma</familyName>
                                                               
                    
                    </personName>
                                                    
                
                </creator>
                                            
                
                <creator affiliationRef="#c06-aff-0001" creatorRole="author" xml:id="c06-cr-0007">
                                                       
                    
                    <personName>
                                                                  
                        
                        <givenNames>Huy</givenNames>
                                                                  
                        
                        <familyName>Nguyen</familyName>
                                                               
                    
                    </personName>
                                                    
                
                </creator>
                                            
                
                <creator affiliationRef="#c06-aff-0001" creatorRole="author" xml:id="c06-cr-0008">
                                                       
                    
                    <personName>
                                                                  
                        
                        <givenNames>Emile</givenNames>
                                                                  
                        
                        <familyName>Plise</familyName>
                                                               
                    
                    </personName>
                                                    
                
                </creator>
                                            
                
                <creator affiliationRef="#c06-aff-0001" creatorRole="author" xml:id="c06-cr-0009">
                                                       
                    
                    <personName>
                                                                  
                        
                        <givenNames>Ola M.</givenNames>
                                                                  
                        
                        <familyName>Saad</familyName>
                                                               
                    
                    </personName>
                                                    
                
                </creator>
                                            
                
                <creator affiliationRef="#c06-aff-0001" creatorRole="author" xml:id="c06-cr-0010">
                                                       
                    
                    <personName>
                                                                  
                        
                        <familyName>John C.</familyName>
                                                 
                  
                        
                        <givenNames>Tran</givenNames>
                                                               
                    
                    </personName>
                                                    
                
                </creator>
                                            
                
                <creator affiliationRef="#c06-aff-0001" creatorRole="author" xml:id="c06-cr-0011">
                                                       
                    
                    <personName>
                                                                  
                        
                        <givenNames>Qinying</givenNames>
                                                                  
                        
                        <familyName>Yu</familyName>
                                                               
                    
                    </personName>
                                                    
                
                </creator>
                                            
                
                <creator affiliationRef="#c06-aff-0001" creatorRole="author" xml:id="c06-cr-0012">
                                                       
                    
                    <personName>
                                                                  
                        
                        <givenNames>Xing</givenNames>
                                                                  
                        
                        <familyName>Zhang</familyName>
                                                               
                    
                    </personName>
                                                    
                
                </creator>
                                         
            
            </creators>
                                 
            
            <affiliationGroup>
                                            
                
                <affiliation countryCode="US" type="private" xml:id="c06-aff-0001">
                                                       
                    
                    <orgName>Genentech, Inc.</orgName>
                                                       
                    
                    <address>
                                                                  
                        
                        <city>South San Francisco</city>
                                                                  
                        
                        <countryPart>CA</countryPart>
                                                                  
                        
                        <country>USA</country>
                                                               
                    
                    </address>
                                                    
                
                </affiliation>
                                         
            
            </affiliationGroup>
                                 
            
            <keywordGroup type="author">
                                            
                
                <keyword xml:id="c06-kwd-0001">therapeutic peptides</keyword>
                                            
                
                <keyword xml:id="c06-kwd-0002">bioanalysis</keyword>
                                            
                
                <keyword xml:id="c06-kwd-0003">biotransformation</keyword>
                                            
                
                <keyword xml:id="c06-kwd-0004">physicochemical properties</keyword>
                                            
                
                <keyword xml:id="c06-kwd-0005">ADME assays</keyword>
                                            
                
                <keyword xml:id="c06-kwd-0006">pharmacokinetics</keyword>
                                            
                
                <keyword xml:id="c06-kwd-0007">formulation development</keyword>
                                            
                
                <keyword xml:id="c06-kwd-0008">protein–protein interactions (PPIs)</keyword>
                                            
                
                <keyword xml:id="c06-kwd-0009">peptide technology</keyword>
                                            
                
                <keyword xml:id="c06-kwd-0010">
                                                       
                    
                    <i>in silico</i>
                                         to 
                    
                    <i>in vitro</i>
                                         measurements
                
                </keyword>
                                         
            
            </keywordGroup>
                                 
            
            <abstractGroup>
                                            
                
                <abstract type="main">
                                                       
                    
                    <title type="main">Summary</title>
                                                       
                    
                    <p xml:id="c06-para-0002">
                                                Therapeutic peptides have emerged as a compelling modality, with numerous successful marketed drugs. Historically, peptide identification was based on their naturally occurring functions rather than being tailored for specific therapeutic targets. Peptides, with their unique binding modes, offer significant promise as therapeutics, exemplified by drugs such as Cyclosporine A, octreotide, oxytocin, vasopressin, calcitonin, and monomethyl auristatin E (MMAE). These peptides often occupy a chemical space beyond the rule of 5 (bRo5), enabling them to bind within regions recognized for protein–protein interactions (PPIs). Recent advancements in peptide technology, including mRNA display, phage display, and ribosome display, have expanded the exploration of new chemical spaces and facilitated the assessment of PPIs. This chapter delves into the methods for characterizing and optimizing peptide therapeutics, focusing on bioanalysis, and biotransformation. It covers the transition from 
                        
                        <i>in silico</i>
                                                 to 
                        
                        <i>in vitro</i>
                                                 measurements, emphasizing the importance of physicochemical properties, and ADME assays. This chapter also explores bioanalytical techniques and the biotransformation processes that peptides undergo. Additionally, it discusses the pharmacokinetics of peptides, including formulation development and absorption properties. By integrating diverse assays, computational tools, and data mining techniques, researchers can navigate complex molecular landscapes with precision, ultimately enhancing the discovery, and optimization of therapeutic peptides.
                    
                    </p>
                                                    
                
                </abstract>
                                         
            
            </abstractGroup>
                              
        
        </contentMeta>
                      
        
        <noteGroup xml:id="c06-ntgp-0001">
                                 
            
            <note xml:id="c06-note-0001">All contributed equally.</note>
                              
        
        </noteGroup>
                   
    
    </header>
           
    
    
        

</component>