<?xml version="1.0" encoding="UTF-8"?><component xmlns="http://www.wiley.com/namespaces/wiley" xmlns:wiley="http://www.wiley.com/namespaces/wiley/wiley" type="bookChapter" version="2.0" xml:id="w9781394236114c7" xml:lang="en">
           
    
    <header>
                      
        
        <publicationMeta level="product">
                                 
            
            <publisherInfo>
                                            
                
                <publisherName>John Wiley &amp; Sons, Inc.</publisherName>
                                            
                
                <publisherLoc>Hoboken, NJ, USA</publisherLoc>
                                         
            
            </publisherInfo>
                                 
            
            <doi origin="wiley" registered="yes">10.1002/9781394236145</doi>
                                 
            
            <isbn type="online-13">9781394236145</isbn>
                                 
            
            <isbn type="printCloth-13">9781394236114</isbn>
                                 
            
            <idGroup>
                                            
                
                <id type="product" value="N9781394236145"/>
                                         
            
            </idGroup>
                                 
            
            <titleGroup>
                                            
                
                <title sort="CHARACTERIZING BIOTHERAPEUTICS: ANALYTICAL METHODS FOR DIVERSE MODALITIES" type="main">Characterizing Biotherapeutics</title>
                                            
                
                <title type="subtitle">Analytical Methods for Diverse Modalities</title>
                                            
                
                <title type="tocForm">Characterizing Biotherapeutics: Analytical Methods for Diverse Modalities</title>
                                         
            
            </titleGroup>
                                 
            
            <copyright ownership="publisher">© 2025 John Wiley &amp; Sons, Inc.</copyright>
                                 
            
            <eventGroup>
                                            
                
                <event date="2025-06-17" type="publishedPrint"/>
                                         
            
            </eventGroup>
                                 
            
            <creators>
                                            
                
                <creator affiliationRef="#aff-0001" creatorRole="editor" xml:id="cr-0001">
                                                       
                    
                    <personName>
                                                                  
                        
                        <givenNames>Jennie R.</givenNames>
                                                                  
                        
                        <familyName>Lill</familyName>
                                                               
                    
                    </personName>
                                                    
                
                </creator>
                                            
                
                <creator affiliationRef="#aff-0002" creatorRole="editor" xml:id="cr-0002">
                                                       
                    
                    <personName>
                                                                  
                        
                        <givenNames>Wendy</givenNames>
                                                                  
                        
                        <familyName>Sandoval</familyName>
                                                               
                    
                    </personName>
                                                    
                
                </creator>
                                         
            
            </creators>
                                 
            
            <affiliationGroup>
                                            
                
                <affiliation countryCode="US" type="organization" xml:id="aff-0001">
                                                       
                    
                    <orgName>Nottingham Trent University</orgName>
                                                       
                    
                    <orgDiv>Protein Chemistry</orgDiv>
                                                       
                    
                    <address>
                                                                  
                        
                        <street>140 Blackurn Terrace</street>
                                                                  
                        
                        <city>Pacifica</city>
                                                                  
                        
                        <postCode>94044</postCode>
                                                                  
                        
                        <country>United States</country>
                                                               
                    
                    </address>
                                                    
                
                </affiliation>
                                            
                
                <affiliation countryCode="US" type="organization" xml:id="aff-0002">
                                                       
                    
                    <address>
                                                                  
                        
                        <street>1345 Tuolumne Rd,</street>
                                                                  
                        
                        <city>Millbrae</city>
                                                                  
                        
                        <postCode>94030</postCode>
                                                                  
                        
                        <country>United States</country>
                                                               
                    
                    </address>
                                                    
                
                </affiliation>
                                         
            
            </affiliationGroup>
                              
        
        </publicationMeta>
                      
        
        <publicationMeta level="part">
                                 
            
            <titleGroup>
                                            
                
                <title type="main">Part 4</title>
                                            
                
                <title type="name">Part</title>
                                         
            
            </titleGroup>
                                 
            
            <numberingGroup>
                                            
                
                <numbering number="4" type="main">4</numbering>
                                         
            
            </numberingGroup>
                              
        
        </publicationMeta>
                      
        
        <publicationMeta level="unit" position="80" type="chapter">
                                 
            
            <doi origin="wiley" registered="yes">10.1002/9781394236145.ch7</doi>
                                 
            
            <idGroup>
                                            
                
                <id type="unit" value="ch7"/>
                                            
                
                <id type="file" value="ch7"/>
                                         
            
            </idGroup>
                                 
            
            <countGroup>
                                            
                
                <count number="19" type="pageTotal"/>
                                         
            
            </countGroup>
                                 
            
            <copyright ownership="publisher">© 2025 John Wiley &amp; Sons, Inc.</copyright>
                                 
            
            <eventGroup><event agent="SPi Global" date="2025-06-05" type="xmlCreated"/><event date="2025-06-06" type="publishedOnlineFinalForm"/><event date="2025-06-06" type="firstOnline"/><event type="xmlConverted" agent="Converter:WML3G_To_WML3G version:1.9.3 mode:Header,remove_FC" date="2025-06-06"/></eventGroup>
                                 
            
            <numberingGroup>
                                            
                
                <numbering type="main">7</numbering>
                                            
                
                <numbering type="pageFirst">109</numbering>
                                            
                
                <numbering type="pageLast">127</numbering>
                                         
            
            </numberingGroup>
                                 
            
            <linkGroup>
                                            
                
                <link href="file:ch7.pdf" type="toTypesetVersion"/>
                                         
            
            </linkGroup>
                              
        
        </publicationMeta>
                      
        
        <contentMeta>
                                 
            
            <countGroup>
                                            
                
                <count number="5" type="figureTotal"/>
                                            
                
                <count number="131" type="referenceTotal"/>
                                         
            
            </countGroup>
                                 
            
            <titleGroup>
                                            
                
                <title type="main">Structural Characterization of Biotherapeutics and New Modalities</title>
                                         
            
            </titleGroup>
                                 
            
            <creators>
                                            
                
                <creator affiliationRef="#c07-aff-0001" creatorRole="author" xml:id="c07-cr-0001">
                                                       
                    
                    <personName>
                                                                  
                        
                        <givenNames>Paola</givenNames>
                                                                  
                        
                        <familyName>Di Lello</familyName>
                                                               
                    
                    </personName>
                                                    
                
                </creator>
                                            
                
                <creator affiliationRef="#c07-aff-0001" creatorRole="author" xml:id="c07-cr-0002">
                                                       
                    
                    <personName>
                                                                  
                        
                        <givenNames>Patrick</givenNames>
                                                                  
                        
                        <familyName>Lupardus</familyName>
                                                               
                    
                    </personName>
                                                    
                
                </creator>
                                         
            
            </creators>
                                 
            
            <affiliationGroup>
                                            
                
                <affiliation countryCode="US" type="organization" xml:id="c07-aff-0001">
                                                       
                    
                    <orgDiv>Department of Structural Biology</orgDiv>
                                                       
                    
                    <orgName>Genentech, Inc.</orgName>
                                                       
                    
                    <address>
                                                                  
                        
                        <city>South San Francisco</city>
                                                                  
                        
                        <countryPart>CA</countryPart>
                                                                  
                        
                        <country>USA</country>
                                                               
                    
                    </address>
                                                    
                
                </affiliation>
                                         
            
            </affiliationGroup>
                                 
            
            <keywordGroup type="author">
                                            
                
                <keyword xml:id="c07-kwd-0001">NMR (nuclear magnetic resonance) spectroscopy</keyword>
                                            
                
                <keyword xml:id="c07-kwd-0002">EM (electron microscopy)</keyword>
                                            
                
                <keyword xml:id="c07-kwd-0003">X‐ray crystallography</keyword>
                                            
                
                <keyword xml:id="c07-kwd-0004">epitope mapping</keyword>
                                            
                
                <keyword xml:id="c07-kwd-0005">antibody</keyword>
                                            
                
                <keyword xml:id="c07-kwd-0006">antigen</keyword>
                                            
                
                <keyword xml:id="c07-kwd-0007">paratope</keyword>
                                            
                
                <keyword xml:id="c07-kwd-0008">biotherapeutics</keyword>
                                            
                
                <keyword xml:id="c07-kwd-0009">cryo‐EM</keyword>
                                            
                
                <keyword xml:id="c07-kwd-0010">structure‐based drug design (SBDD)</keyword>
                                         
            
            </keywordGroup>
                                 
            
            <abstractGroup>
                                            
                
                <abstract type="main">
                                                       
                    
                    <title type="main">Summary</title>
                                                       
                    
                    <p xml:id="c07-para-0001">Structural characterization of biotherapeutics using nuclear magnetic resonance (NMR), X‐ray crystallography, or Cryo‐EM remains a key biophysical tool for determining a range of molecular attributes including epitope mapping of antibodies and T‐cell receptors, target engagement with an inhibitor or structure‐based drug design.</p>
                                                       
                    
                    <p xml:id="c07-para-0002">Epitope mapping is a vital aspect of the characterization of a clinical candidate antibody in the therapeutic development process. Deciphering a target epitope can help reveal the mechanism of action, interpret species cross‐reactivity, guide affinity maturation efforts, and protect intellectual property. In this chapter, we provide a broad overview of three structural biology methods used for epitope mapping and structural characterization of biotherapeutics and new modalities: NMR spectroscopy, electron microscopy (EM), and X‐ray crystallography. In addition, we discuss techniques to express and purify antibody/antigen complexes quickly and efficiently, as well as present tips for antibody–antigen crystallization, structure determination, and NMR analysis. These discussions provide the reader with a framework to understand the process and begin antibody epitope mapping at an atomic level.</p>
                                                    
                
                </abstract>
                                         
            
            </abstractGroup>
                              
        
        </contentMeta>
                   
    
    </header>
           
    
    
        

</component>