<?xml version="1.0" encoding="UTF-8"?><component xmlns="http://www.wiley.com/namespaces/wiley" xmlns:wiley="http://www.wiley.com/namespaces/wiley/wiley" type="bookChapter" version="2.0" xml:id="w9781394236114c8" xml:lang="en">
           
    
    <header>
                      
        
        <publicationMeta level="product">
                                 
            
            <publisherInfo>
                                            
                
                <publisherName>John Wiley &amp; Sons, Inc.</publisherName>
                                            
                
                <publisherLoc>Hoboken, NJ, USA</publisherLoc>
                                         
            
            </publisherInfo>
                                 
            
            <doi origin="wiley" registered="yes">10.1002/9781394236145</doi>
                                 
            
            <isbn type="online-13">9781394236145</isbn>
                                 
            
            <isbn type="printCloth-13">9781394236114</isbn>
                                 
            
            <idGroup>
                                            
                
                <id type="product" value="N9781394236145"/>
                                         
            
            </idGroup>
                                 
            
            <titleGroup>
                                            
                
                <title sort="CHARACTERIZING BIOTHERAPEUTICS: ANALYTICAL METHODS FOR DIVERSE MODALITIES" type="main">Characterizing Biotherapeutics</title>
                                            
                
                <title type="subtitle">Analytical Methods for Diverse Modalities</title>
                                            
                
                <title type="tocForm">Characterizing Biotherapeutics: Analytical Methods for Diverse Modalities</title>
                                         
            
            </titleGroup>
                                 
            
            <copyright ownership="publisher">© 2025 John Wiley &amp; Sons, Inc.</copyright>
                                 
            
            <eventGroup>
                                            
                
                <event date="2025-06-17" type="publishedPrint"/>
                                         
            
            </eventGroup>
                                 
            
            <creators>
                                            
                
                <creator affiliationRef="#aff-0001" creatorRole="editor" xml:id="cr-0001">
                                                       
                    
                    <personName>
                                                                  
                        
                        <givenNames>Jennie R.</givenNames>
                                                                  
                        
                        <familyName>Lill</familyName>
                                                               
                    
                    </personName>
                                                    
                
                </creator>
                                            
                
                <creator affiliationRef="#aff-0002" creatorRole="editor" xml:id="cr-0002">
                                                       
                    
                    <personName>
                                                                  
                        
                        <givenNames>Wendy</givenNames>
                                                                  
                        
                        <familyName>Sandoval</familyName>
                                                               
                    
                    </personName>
                                                    
                
                </creator>
                                         
            
            </creators>
                                 
            
            <affiliationGroup>
                                            
                
                <affiliation countryCode="US" type="organization" xml:id="aff-0001">
                                                       
                    
                    <orgName>Nottingham Trent University</orgName>
                                                       
                    
                    <orgDiv>Protein Chemistry</orgDiv>
                                                       
                    
                    <address>
                                                                  
                        
                        <street>140 Blackurn Terrace</street>
                                                                  
                        
                        <city>Pacifica</city>
                                                                  
                        
                        <postCode>94044</postCode>
                                                                  
                        
                        <country>United States</country>
                                                               
                    
                    </address>
                                                    
                
                </affiliation>
                                            
                
                <affiliation countryCode="US" type="organization" xml:id="aff-0002">
                                                       
                    
                    <address>
                                                                  
                        
                        <street>1345 Tuolumne Rd,</street>
                                                                  
                        
                        <city>Millbrae</city>
                                                                  
                        
                        <postCode>94030</postCode>
                                                                  
                        
                        <country>United States</country>
                                                               
                    
                    </address>
                                                    
                
                </affiliation>
                                         
            
            </affiliationGroup>
                              
        
        </publicationMeta>
                      
        
        <publicationMeta level="part">
                                 
            
            <titleGroup>
                                            
                
                <title type="main">Part 4</title>
                                            
                
                <title type="name">Part</title>
                                         
            
            </titleGroup>
                                 
            
            <numberingGroup>
                                            
                
                <numbering number="4" type="main">4</numbering>
                                         
            
            </numberingGroup>
                              
        
        </publicationMeta>
                      
        
        <publicationMeta level="unit" position="90" type="chapter">
                                 
            
            <doi origin="wiley" registered="yes">10.1002/9781394236145.ch8</doi>
                                 
            
            <idGroup>
                                            
                
                <id type="unit" value="ch8"/>
                                            
                
                <id type="file" value="ch8"/>
                                         
            
            </idGroup>
                                 
            
            <countGroup>
                                            
                
                <count number="32" type="pageTotal"/>
                                         
            
            </countGroup>
                                 
            
            <copyright ownership="publisher">© 2025 John Wiley &amp; Sons, Inc.</copyright>
                                 
            
            <eventGroup><event agent="SPi Global" date="2025-06-05" type="xmlCreated"/><event date="2025-06-06" type="publishedOnlineFinalForm"/><event date="2025-06-06" type="firstOnline"/><event type="xmlConverted" agent="Converter:WML3G_To_WML3G version:1.9.3 mode:Header,remove_FC" date="2025-06-06"/></eventGroup>
                                 
            
            <numberingGroup>
                                            
                
                <numbering type="main">8</numbering>
                                            
                
                <numbering type="pageFirst">129</numbering>
                                            
                
                <numbering type="pageLast">160</numbering>
                                         
            
            </numberingGroup>
                                 
            
            <linkGroup>
                                            
                
                <link href="file:ch8.pdf" type="toTypesetVersion"/>
                                         
            
            </linkGroup>
                              
        
        </publicationMeta>
                      
        
        <contentMeta>
                                 
            
            <countGroup>
                                            
                
                <count number="9" type="figureTotal"/>
                                            
                
                <count number="2" type="tableTotal"/>
                                            
                
                <count number="183" type="referenceTotal"/>
                                         
            
            </countGroup>
                                 
            
            <titleGroup>
                                            
                
                <title type="main">
                                        Modern Methods for Characterizing the 
                    
                    <fc>Higher‐Order</fc>
                                         Structure (
                    
                    <fc>HOS</fc>
                                        ) of Biotherapeutics
                
                </title>
                                         
            
            </titleGroup>
                                 
            
            <creators>
                                            
                
                <creator affiliationRef="#c08-aff-0001" creatorRole="author" xml:id="c08-cr-0001">
                                                       
                    
                    <personName>
                                                                  
                        
                        <givenNames>Felix</givenNames>
                                                                  
                        
                        <familyName>Kuhne</familyName>
                                                               
                    
                    </personName>
                                                    
                
                </creator>
                                            
                
                <creator affiliationRef="#c08-aff-0002" creatorRole="author" xml:id="c08-cr-0002">
                                                       
                    
                    <personName>
                                                                  
                        
                        <givenNames>Rachel P.</givenNames>
                                                                  
                        
                        <familyName>Liu</familyName>
                                                               
                    
                    </personName>
                                                    
                
                </creator>
                                            
                
                <creator affiliationRef="#c08-aff-0002" creatorRole="author" xml:id="c08-cr-0003">
                                                       
                    
                    <personName>
                                                                  
                        
                        <givenNames>Lingfei</givenNames>
                                                                  
                        
                        <familyName>Wang</familyName>
                                                               
                    
                    </personName>
                                                    
                
                </creator>
                                            
                
                <creator affiliationRef="#c08-aff-0002" creatorRole="author" xml:id="c08-cr-0004">
                                                       
                    
                    <personName>
                                                                  
                        
                        <givenNames>Aaron T.</givenNames>
                                                                  
                        
                        <familyName>Wecksler</familyName>
                                                               
                    
                    </personName>
                                                    
                
                </creator>
                                            
                
                <creator affiliationRef="#c08-aff-0003" creatorRole="author" xml:id="c08-cr-0005">
                                                       
                    
                    <personName>
                                                                  
                        
                        <givenNames>Manasi</givenNames>
                                                                  
                        
                        <familyName>Gaikwad</familyName>
                                                               
                    
                    </personName>
                                                    
                
                </creator>
                                            
                
                <creator affiliationRef="#c08-aff-0004" creatorRole="author" xml:id="c08-cr-0006">
                                                       
                    
                    <personName>
                                                                  
                        
                        <givenNames>Christine C.</givenNames>
                                                                  
                        
                        <familyName>Jao</familyName>
                                                               
                    
                    </personName>
                                                    
                
                </creator>
                                            
                
                <creator affiliationRef="#c08-aff-0005" creatorRole="author" xml:id="c08-cr-0007">
                                                       
                    
                    <personName>
                                                                  
                        
                        <givenNames>Alberto</givenNames>
                                                                  
                        
                        <familyName>Estevez</familyName>
                                                               
                    
                    </personName>
                                                    
                
                </creator>
                                            
                
                <creator affiliationRef="#c08-aff-0006" creatorRole="author" xml:id="c08-cr-0008">
                                                       
                    
                    <personName>
                                                                  
                        
                        <givenNames>Roshan M.</givenNames>
                                                                  
                        
                        <familyName>Regy</familyName>
                                                               
                    
                    </personName>
                                                    
                
                </creator>
                                            
                
                <creator affiliationRef="#c08-aff-0006" creatorRole="author" xml:id="c08-cr-0009">
                                                       
                    
                    <personName>
                                                                  
                        
                        <givenNames>Saeed</givenNames>
                                                                  
                        
                        <familyName>Izadi</familyName>
                                                               
                    
                    </personName>
                                                    
                
                </creator>
                                         
            
            </creators>
                                 
            
            <affiliationGroup>
                                            
                
                <affiliation countryCode="DE" type="private" xml:id="c08-aff-0001">
                                                       
                    
                    <orgName>Analytical Characterization, Pharma Technical Development, Roche Diagnostics GmbH</orgName>
                                                       
                    
                    <address>
                                                                  
                        
                        <city>Penzberg</city>
                                                                  
                        
                        <country>Germany</country>
                                                               
                    
                    </address>
                                                    
                
                </affiliation>
                                            
                
                <affiliation countryCode="US" type="private" xml:id="c08-aff-0002">
                                                       
                    
                    <orgName>Protein Analytical Chemistry, Genentech Inc.</orgName>
                                                       
                    
                    <address>
                                                                  
                        
                        <city>South San Francisco</city>
                                                                  
                        
                        <countryPart>CA</countryPart>
                                                                  
                        
                        <country>USA</country>
                                                               
                    
                    </address>
                                                    
                
                </affiliation>
                                            
                
                <affiliation countryCode="DE" type="organization" xml:id="c08-aff-0003">
                                                       
                    
                    <orgDiv>Center for Mass Spectrometry and Optical Spectroscopy (CeMOS)</orgDiv>
                                                       
                    
                    <orgName>Mannheim University of Applied Sciences</orgName>
                                                       
                    
                    <address>
                                                                  
                        
                        <city>Mannheim</city>
                                                                  
                        
                        <country>Germany</country>
                                                               
                    
                    </address>
                                                    
                
                </affiliation>
                                            
                
                <affiliation countryCode="US" type="organization" xml:id="c08-aff-0004">
                                                       
                    
                    <orgDiv>Department of Structural Biology</orgDiv>
                                                       
                    
                    <orgName>Genentech Inc.</orgName>
                                                       
                    
                    <address>
                                                                  
                        
                        <city>South San Francisco</city>
                                                                  
                        
                        <countryPart>CA</countryPart>
                                                                  
                        
                        <country>USA</country>
                                                               
                    
                    </address>
                                                    
                
                </affiliation>
                                            
                
                <affiliation countryCode="US" type="private" xml:id="c08-aff-0005">
                                                       
                    
                    <orgName>Thomson Instrument Company</orgName>
                                                       
                    
                    <address>
                                                                  
                        
                        <city>CA, Carlsbad</city>
                                                                  
                        
                        <country>USA</country>
                                                               
                    
                    </address>
                                                    
                
                </affiliation>
                                            
                
                <affiliation countryCode="US" type="organization" xml:id="c08-aff-0006">
                                                       
                    
                    <orgDiv>Pharmaceutical Development</orgDiv>
                                                       
                    
                    <orgName>Genentech Inc.</orgName>
                                                       
                    
                    <address>
                                                                  
                        
                        <city>South San Francisco</city>
                                                                  
                        
                        <countryPart>CA</countryPart>
                                                                  
                        
                        <country>USA</country>
                                                               
                    
                    </address>
                                                    
                
                </affiliation>
                                         
            
            </affiliationGroup>
                                 
            
            <keywordGroup type="author">
                                            
                
                <keyword xml:id="c08-kwd-0001">analytical characterization</keyword>
                                            
                
                <keyword xml:id="c08-kwd-0002">biotherapeutics</keyword>
                                            
                
                <keyword xml:id="c08-kwd-0003">monoclonal antibodies (mAbs)</keyword>
                                            
                
                <keyword xml:id="c08-kwd-0004">protein higher‐order structure (HOS)</keyword>
                                            
                
                <keyword xml:id="c08-kwd-0005">protein dynamics</keyword>
                                            
                
                <keyword xml:id="c08-kwd-0006">epitope mapping</keyword>
                                            
                
                <keyword xml:id="c08-kwd-0007">hydrogen/deuterium exchange mass spectrometry (H/DX‐MS)</keyword>
                                            
                
                <keyword xml:id="c08-kwd-0008">hydroxyl radical protein footprinting mass spectrometry (HRPF‐MS)</keyword>
                                            
                
                <keyword xml:id="c08-kwd-0009">covalent labeling mass spectrometry (CL‐MS)</keyword>
                                            
                
                <keyword xml:id="c08-kwd-0010">X‐ray crystallography</keyword>
                                            
                
                <keyword xml:id="c08-kwd-0011">cryogenic electron microscopy (cryo‐EM)</keyword>
                                            
                
                <keyword xml:id="c08-kwd-0012">
                                                       
                    
                    <i>in‐silico</i>
                                         modeling
                
                </keyword>
                                         
            
            </keywordGroup>
                                 
            
            <abstractGroup>
                                            
                
                <abstract type="main">
                                                       
                    
                    <title type="main">Summary</title>
                                                       
                    
                    <p xml:id="c08-para-0001">This chapter outlines the importance of higher‐order structure (HOS) analysis in assessing the quality and efficacy of biotherapeutics. Numerous methodologies have been developed within the life sciences to describe protein structures. We will offer an overview of both established and emerging techniques employed in the early development stages of biotherapeutic drugs and during bioprocess development. These methods, some of which are highlighted in this chapter, help elucidate how the structural conformations of the drug candidates influence their mechanisms of action (MoA), and how structural refinement can improve their quality. For therapeutic antibodies, epitope mapping typically employs advanced HOS characterization methods to ensure optimal binding properties, contributing to the efficacy and safety of targeted therapies. This topic will be highlighted in the following chapter. In addition, structure analysis has been used to significantly contribute to areas such as protein drug formulation, protein aggregation, defining the drug's critical quality attributes (CQAs), structure prediction, and biosimilarity assessment, among many other applications. As the field of biotherapeutics continues to evolve, the role of HOS‐describing methods is expected to grow, providing comprehensive insights into the molecular mechanisms of drug function, stability, pharmacokinetics, pharmacodynamics, and immunogenicity.</p>
                                                    
                
                </abstract>
                                         
            
            </abstractGroup>
                              
        
        </contentMeta>
                   
    
    </header>
           
    
    
        

</component>