<?xml version="1.0" encoding="UTF-8"?><component xmlns="http://www.wiley.com/namespaces/wiley" xmlns:wiley="http://www.wiley.com/namespaces/wiley/wiley" type="bookChapter" version="2.0" xml:id="w9781394236114c9" xml:lang="en">
           
    
    <header>
                      
        
        <publicationMeta level="product">
                                 
            
            <publisherInfo>
                                            
                
                <publisherName>John Wiley &amp; Sons, Inc.</publisherName>
                                            
                
                <publisherLoc>Hoboken, NJ, USA</publisherLoc>
                                         
            
            </publisherInfo>
                                 
            
            <doi origin="wiley" registered="yes">10.1002/9781394236145</doi>
                                 
            
            <isbn type="online-13">9781394236145</isbn>
                                 
            
            <isbn type="printCloth-13">9781394236114</isbn>
                                 
            
            <idGroup>
                                            
                
                <id type="product" value="N9781394236145"/>
                                         
            
            </idGroup>
                                 
            
            <titleGroup>
                                            
                
                <title sort="CHARACTERIZING BIOTHERAPEUTICS: ANALYTICAL METHODS FOR DIVERSE MODALITIES" type="main">Characterizing Biotherapeutics</title>
                                            
                
                <title type="subtitle">Analytical Methods for Diverse Modalities</title>
                                            
                
                <title type="tocForm">Characterizing Biotherapeutics: Analytical Methods for Diverse Modalities</title>
                                         
            
            </titleGroup>
                                 
            
            <copyright ownership="publisher">© 2025 John Wiley &amp; Sons, Inc.</copyright>
                                 
            
            <eventGroup>
                                            
                
                <event date="2025-06-17" type="publishedPrint"/>
                                         
            
            </eventGroup>
                                 
            
            <creators>
                                            
                
                <creator affiliationRef="#aff-0001" creatorRole="editor" xml:id="cr-0001">
                                                       
                    
                    <personName>
                                                                  
                        
                        <givenNames>Jennie R.</givenNames>
                                                                  
                        
                        <familyName>Lill</familyName>
                                                               
                    
                    </personName>
                                                    
                
                </creator>
                                            
                
                <creator affiliationRef="#aff-0002" creatorRole="editor" xml:id="cr-0002">
                                                       
                    
                    <personName>
                                                                  
                        
                        <givenNames>Wendy</givenNames>
                                                                  
                        
                        <familyName>Sandoval</familyName>
                                                               
                    
                    </personName>
                                                    
                
                </creator>
                                         
            
            </creators>
                                 
            
            <affiliationGroup>
                                            
                
                <affiliation countryCode="US" type="organization" xml:id="aff-0001">
                                                       
                    
                    <orgName>Nottingham Trent University</orgName>
                                                       
                    
                    <orgDiv>Protein Chemistry</orgDiv>
                                                       
                    
                    <address>
                                                                  
                        
                        <street>140 Blackurn Terrace</street>
                                                                  
                        
                        <city>Pacifica</city>
                                                                  
                        
                        <postCode>94044</postCode>
                                                                  
                        
                        <country>United States</country>
                                                               
                    
                    </address>
                                                    
                
                </affiliation>
                                            
                
                <affiliation countryCode="US" type="organization" xml:id="aff-0002">
                                                       
                    
                    <address>
                                                                  
                        
                        <street>1345 Tuolumne Rd,</street>
                                                                  
                        
                        <city>Millbrae</city>
                                                                  
                        
                        <postCode>94030</postCode>
                                                                  
                        
                        <country>United States</country>
                                                               
                    
                    </address>
                                                    
                
                </affiliation>
                                         
            
            </affiliationGroup>
                              
        
        </publicationMeta>
                      
        
        <publicationMeta level="part">
                                 
            
            <titleGroup>
                                            
                
                <title type="main">Part 4</title>
                                            
                
                <title type="name">Part</title>
                                         
            
            </titleGroup>
                                 
            
            <numberingGroup>
                                            
                
                <numbering number="4" type="main">4</numbering>
                                         
            
            </numberingGroup>
                              
        
        </publicationMeta>
                      
        
        <publicationMeta level="unit" position="100" type="chapter">
                                 
            
            <doi origin="wiley" registered="yes">10.1002/9781394236145.ch9</doi>
                                 
            
            <idGroup>
                                            
                
                <id type="unit" value="ch9"/>
                                            
                
                <id type="file" value="ch9"/>
                                         
            
            </idGroup>
                                 
            
            <countGroup>
                                            
                
                <count number="14" type="pageTotal"/>
                                         
            
            </countGroup>
                                 
            
            <copyright ownership="publisher">© 2025 John Wiley &amp; Sons, Inc.</copyright>
                                 
            
            <eventGroup><event agent="SPi Global" date="2025-06-05" type="xmlCreated"/><event date="2025-06-06" type="publishedOnlineFinalForm"/><event date="2025-06-06" type="firstOnline"/><event type="xmlConverted" agent="Converter:WML3G_To_WML3G version:1.9.3 mode:Header,remove_FC" date="2025-06-06"/></eventGroup>
                                 
            
            <numberingGroup>
                                            
                
                <numbering type="main">9</numbering>
                                            
                
                <numbering type="pageFirst">161</numbering>
                                            
                
                <numbering type="pageLast">174</numbering>
                                         
            
            </numberingGroup>
                                 
            
            <linkGroup>
                                            
                
                <link href="file:ch9.pdf" type="toTypesetVersion"/>
                                         
            
            </linkGroup>
                              
        
        </publicationMeta>
                      
        
        <contentMeta>
                                 
            
            <countGroup>
                                            
                
                <count number="7" type="figureTotal"/>
                                            
                
                <count number="1" type="tableTotal"/>
                                            
                
                <count number="73" type="referenceTotal"/>
                                         
            
            </countGroup>
                                 
            
            <titleGroup>
                                            
                
                <title type="main">Target Binding Assays for Biotherapeutics</title>
                                         
            
            </titleGroup>
                                 
            
            <creators>
                                            
                
                <creator affiliationRef="#c09-aff-0001" creatorRole="author" xml:id="c09-cr-0001">
                                                       
                    
                    <personName>
                                                                  
                        
                        <givenNames>Eric</givenNames>
                                                                  
                        
                        <familyName>Janezic</familyName>
                                                               
                    
                    </personName>
                                                    
                
                </creator>
                                            
                
                <creator affiliationRef="#c09-aff-0002" creatorRole="author" xml:id="c09-cr-0002">
                                                       
                    
                    <personName>
                                                                  
                        
                        <givenNames>Xiangdan</givenNames>
                                                                  
                        
                        <familyName>Wang</familyName>
                                                               
                    
                    </personName>
                                                    
                
                </creator>
                                         
            
            </creators>
                                 
            
            <affiliationGroup>
                                            
                
                <affiliation countryCode="US" type="organization" xml:id="c09-aff-0001">
                                                       
                    
                    <orgDiv>Biochemical and Cellular Pharmacology</orgDiv>
                                                       
                    
                    <orgName>Genentech Inc.</orgName>
                                                       
                    
                    <address>
                                                                  
                        
                        <city>South San Francisco</city>
                                                                  
                        
                        <countryPart>CA</countryPart>
                                                                  
                        
                        <country>USA</country>
                                                               
                    
                    </address>
                                                    
                
                </affiliation>
                                            
                
                <affiliation countryCode="US" type="organization" xml:id="c09-aff-0002">
                                                       
                    
                    <orgDiv>Bioanalytical Sciences</orgDiv>
                                                       
                    
                    <orgName>Genentech Inc.</orgName>
                                                       
                    
                    <address>
                                                                  
                        
                        <city>South San Francisco</city>
                                                                  
                        
                        <countryPart>CA</countryPart>
                                                                  
                        
                        <country>USA</country>
                                                               
                    
                    </address>
                                                    
                
                </affiliation>
                                         
            
            </affiliationGroup>
                                 
            
            <keywordGroup type="author">
                                            
                
                <keyword xml:id="c09-kwd-0001">binding affinity</keyword>
                                            
                
                <keyword xml:id="c09-kwd-0002">
                                        equilibrium dissociation constant (
                    
                    <i>K</i>
                                                       
                    
                    <sub>D</sub>
                                        )
                
                </keyword>
                                            
                
                <keyword xml:id="c09-kwd-0003">
                                        association rate constant (
                    
                    <i>k</i>
                                                       
                    
                    <sub>a</sub>
                                        )
                
                </keyword>
                                            
                
                <keyword xml:id="c09-kwd-0004">
                                        dissociation rate constant (
                    
                    <i>k</i>
                                                       
                    
                    <sub>d</sub>
                                        )
                
                </keyword>
                                            
                
                <keyword xml:id="c09-kwd-0005">surface plasmon resonance (SPR)</keyword>
                                            
                
                <keyword xml:id="c09-kwd-0006">biolayer interferometry (BLI)</keyword>
                                            
                
                <keyword xml:id="c09-kwd-0007">kinetic exclusion assays</keyword>
                                            
                
                <keyword xml:id="c09-kwd-0008">cell‐based assays</keyword>
                                            
                
                <keyword xml:id="c09-kwd-0009">protein‐based assays</keyword>
                                            
                
                <keyword xml:id="c09-kwd-0010">drug discovery</keyword>
                                         
            
            </keywordGroup>
                                 
            
            <abstractGroup>
                                            
                
                <abstract type="main">
                                                       
                    
                    <title type="main">Summary</title>
                                                       
                    
                    <p xml:id="c09-para-0001">
                                                Binding affinity, or the equilibrium dissociation constant (
                        
                        <i>K</i>
                                                                  
                        
                        <sub>D</sub>
                                                ), is a quantitative measure of the strength of a ligand–receptor interaction. It is a critical parameter to consider during all stages of the drug discovery process. While 
                        
                        <i>K</i>
                                                                  
                        
                        <sub>D</sub>
                                                 is informative, the kinetic properties that dictate an interaction, association (
                        
                        <i>k</i>
                                                                  
                        
                        <sub>a</sub>
                                                ), and dissociation (
                        
                        <i>k</i>
                                                                  
                        
                        <sub>d</sub>
                                                ) rate constants, can provide more in‐depth information. A number of technologies have been developed to determine the 
                        
                        <i>k</i>
                                                                  
                        
                        <sub>a</sub>
                                                , 
                        
                        <i>k</i>
                                                                  
                        
                        <sub>d</sub>
                                                , and 
                        
                        <i>K</i>
                                                                  
                        
                        <sub>D</sub>
                                                 of biotherapeutics to their targets. In this chapter, we will discuss the various methods and technologies that are commonly used when discovering and engineering novel therapeutics. We will first cover protein‐based technologies, with a focus on surface plasmon resonance (SPR). Next, we will discuss the use of equilibrium and pre‐equilibrium cell‐based assays. Experimental considerations as well as the strengths and weaknesses of each method will also be reviewed.
                    
                    </p>
                                                    
                
                </abstract>
                                         
            
            </abstractGroup>
                              
        
        </contentMeta>
                   
    
    </header>
           
    
    
        

</component>