<?xml version="1.0" encoding="UTF-8"?><component xmlns="http://www.wiley.com/namespaces/wiley" xmlns:wiley="http://www.wiley.com/namespaces/wiley/wiley" type="bookChapter" version="2.0" xml:id="w9781394245291c15" xml:lang="en">
           
    
    <header>
                      
        
        <publicationMeta level="product">
                                 
            
            <publisherInfo>
                                            
                
                <publisherName>John Wiley &amp; Sons, Inc.</publisherName>
                                            
                
                <publisherLoc>Hoboken, NJ, USA</publisherLoc>
                                         
            
            </publisherInfo>
                                 
            
            <doi origin="wiley" registered="yes">10.1002/9781394245321</doi>
                                 
            
            <isbn type="online-13">9781394245321</isbn>
                                 
            
            <isbn type="printCloth-13">9781394245291</isbn>
                                 
            
            <idGroup>
                                            
                
                <id type="product" value="N9781394245321"/>
                                         
            
            </idGroup>
                                 
            
            <titleGroup>
                                            
                
                <title sort="THE MICROPROCESSOR: A PRACTICAL INTRODUCTION USING THE ARM CORTEX‐M0 PROCESSOR" type="main">The Microprocessor</title>
                                            
                
                <title type="subtitle">A Practical Introduction using the Arm Cortex‐M0 Processor</title>
                                            
                
                <title type="tocForm">The Microprocessor: A Practical Introduction using the Arm Cortex‐M0 Processor</title>
                                         
            
            </titleGroup>
                                 
            
            <copyright ownership="publisher">© 2025 John Wiley &amp; Sons, Ltd.</copyright>
                                 
            
            <eventGroup>
                                            
                
                <event date="2025-07-16" type="publishedPrint"/>
                                         
            
            </eventGroup>
                                 
            
            <creators>
                                            
                
                <creator affiliationRef="#aff-0001" creatorRole="author" xml:id="cr-0001">
                                                       
                    
                    <personName>
                                                                  
                        
                        <givenNames>Darshak S.</givenNames>
                                                                  
                        
                        <familyName>Vasavada</familyName>
                                                               
                    
                    </personName>
                                                    
                
                </creator>
                                            
                
                <creator affiliationRef="#aff-0002" creatorRole="author" xml:id="cr-0002">
                                                       
                    
                    <personName>
                                                                  
                        
                        <givenNames>S. K.</givenNames>
                                                                  
                        
                        <familyName>Sinha</familyName>
                                                               
                    
                    </personName>
                                                    
                
                </creator>
                                         
            
            </creators>
                                 
            
            <affiliationGroup>
                                            
                
                <affiliation countryCode="IN" type="organization" xml:id="aff-0001">
                                                       
                    
                    <orgName>Indian Institute of Science</orgName>
                                                       
                    
                    <orgDiv>Robert Bosch Center for Cyber‐Physical Systems  </orgDiv>
                                                       
                    
                    <address>
                                                                  
                        
                        <city>Bangalore</city>
                                                                  
                        
                        <countryPart>Karnataka</countryPart>
                                                                  
                        
                        <country>India</country>
                                                               
                    
                    </address>
                                                    
                
                </affiliation>
                                            
                
                <affiliation countryCode="IN" type="organization" xml:id="aff-0002">
                                                       
                    
                    <orgName>Lab To Market Innovations Private Limited</orgName>
                                                       
                    
                    <address>
                                                                  
                        
                        <city>Bangalore</city>
                                                                  
                        
                        <countryPart>Karnataka</countryPart>
                                                                  
                        
                        <country>India</country>
                                                               
                    
                    </address>
                                                    
                
                </affiliation>
                                         
            
            </affiliationGroup>
                              
        
        </publicationMeta>
                      
        
        <publicationMeta level="unit" position="160" type="chapter">
                                 
            
            <doi origin="wiley" registered="yes">10.1002/9781394245321.ch15</doi>
                                 
            
            <idGroup>
                                            
                
                <id type="unit" value="ch15"/>
                                            
                
                <id type="file" value="ch15"/>
                                         
            
            </idGroup>
                                 
            
            <countGroup>
                                            
                
                <count number="26" type="pageTotal"/>
                                         
            
            </countGroup>
                                 
            
            <copyright ownership="publisher">© 2025 John Wiley &amp; Sons, Ltd.</copyright>
                                 
            
            <eventGroup><event agent="SPi Global" date="2025-05-29" type="xmlCreated"/><event date="2025-05-30" type="publishedOnlineFinalForm"/><event date="2025-05-30" type="firstOnline"/><event type="xmlConverted" agent="Converter:WML3G_To_WML3G version:1.9.3 mode:Header,remove_FC" date="2025-05-30"/></eventGroup>
                                 
            
            <numberingGroup>
                                            
                
                <numbering type="main">15</numbering>
                                            
                
                <numbering type="pageFirst">315</numbering>
                                            
                
                <numbering type="pageLast">340</numbering>
                                         
            
            </numberingGroup>
                                 
            
            <linkGroup>
                                            
                
                <link href="file:ch15.pdf" type="toTypesetVersion"/>
                                         
            
            </linkGroup>
                              
        
        </publicationMeta>
                      
        
        <contentMeta>
                                 
            
            <countGroup>
                                            
                
                <count number="10" type="figureTotal"/>
                                            
                
                <count number="1" type="tableTotal"/>
                                         
            
            </countGroup>
                                 
            
            <titleGroup>
                                            
                
                <title type="main">Extended Data Types</title>
                                         
            
            </titleGroup>
                                 
            
            <keywordGroup type="author">
                                            
                
                <keyword xml:id="c15-kwd-0001">arrays</keyword>
                                            
                
                <keyword xml:id="c15-kwd-0002">elements</keyword>
                                            
                
                <keyword xml:id="c15-kwd-0003">junk value</keyword>
                                            
                
                <keyword xml:id="c15-kwd-0004">pointers</keyword>
                                            
                
                <keyword xml:id="c15-kwd-0005">structures</keyword>
                                         
            
            </keywordGroup>
                                 
            
            <abstractGroup>
                                            
                
                <abstract type="main">
                                                       
                    
                    <title type="main">Summary</title>
                                                       
                    
                    <p>This chapter discusses how arrays, structures and pointers are implemented. An array is a block of memory containing elements of the same type. The base address of the array is the same as the address of the first element, referred using the name of the array itself. While the arrays are used to store the elements of the same type, structures are used to store elements of different types within a single data structure. A pointer is a data element that holds a memory address. C provides the same syntax for arrays and pointers to access the content. Implementation of a pointer to a structure is similar to the implementation of a pointer to an array. The effect of reading or writing a pointer with an unknown address could be completely unpredictable. Hence, a pointer containing a junk value could be difficult to debug and often gets to be a nightmare for programmers.</p>
                                                    
                
                </abstract>
                                         
            
            </abstractGroup>
                              
        
        </contentMeta>
                   
    
    </header>
        

</component>