<?xml version="1.0" encoding="UTF-8"?><component xmlns="http://www.wiley.com/namespaces/wiley" xmlns:wiley="http://www.wiley.com/namespaces/wiley/wiley" type="bookChapter" version="2.0" xml:id="w9781394245291c2" xml:lang="en">
           
    
    <header>
                      
        
        <publicationMeta level="product">
                                 
            
            <publisherInfo>
                                            
                
                <publisherName>John Wiley &amp; Sons, Inc.</publisherName>
                                            
                
                <publisherLoc>Hoboken, NJ, USA</publisherLoc>
                                         
            
            </publisherInfo>
                                 
            
            <doi origin="wiley" registered="yes">10.1002/9781394245321</doi>
                                 
            
            <isbn type="online-13">9781394245321</isbn>
                                 
            
            <isbn type="printCloth-13">9781394245291</isbn>
                                 
            
            <idGroup>
                                            
                
                <id type="product" value="N9781394245321"/>
                                         
            
            </idGroup>
                                 
            
            <titleGroup>
                                            
                
                <title sort="THE MICROPROCESSOR: A PRACTICAL INTRODUCTION USING THE ARM CORTEX‐M0 PROCESSOR" type="main">The Microprocessor</title>
                                            
                
                <title type="subtitle">A Practical Introduction using the Arm Cortex‐M0 Processor</title>
                                            
                
                <title type="tocForm">The Microprocessor: A Practical Introduction using the Arm Cortex‐M0 Processor</title>
                                         
            
            </titleGroup>
                                 
            
            <copyright ownership="publisher">© 2025 John Wiley &amp; Sons, Ltd.</copyright>
                                 
            
            <eventGroup>
                                            
                
                <event date="2025-07-16" type="publishedPrint"/>
                                         
            
            </eventGroup>
                                 
            
            <creators>
                                            
                
                <creator affiliationRef="#aff-0001" creatorRole="author" xml:id="cr-0001">
                                                       
                    
                    <personName>
                                                                  
                        
                        <givenNames>Darshak S.</givenNames>
                                                                  
                        
                        <familyName>Vasavada</familyName>
                                                               
                    
                    </personName>
                                                    
                
                </creator>
                                            
                
                <creator affiliationRef="#aff-0002" creatorRole="author" xml:id="cr-0002">
                                                       
                    
                    <personName>
                                                                  
                        
                        <givenNames>S. K.</givenNames>
                                                                  
                        
                        <familyName>Sinha</familyName>
                                                               
                    
                    </personName>
                                                    
                
                </creator>
                                         
            
            </creators>
                                 
            
            <affiliationGroup>
                                            
                
                <affiliation countryCode="IN" type="organization" xml:id="aff-0001">
                                                       
                    
                    <orgName>Indian Institute of Science</orgName>
                                                       
                    
                    <orgDiv>Robert Bosch Center for Cyber‐Physical Systems  </orgDiv>
                                                       
                    
                    <address>
                                                                  
                        
                        <city>Bangalore</city>
                                                                  
                        
                        <countryPart>Karnataka</countryPart>
                                                                  
                        
                        <country>India</country>
                                                               
                    
                    </address>
                                                    
                
                </affiliation>
                                            
                
                <affiliation countryCode="IN" type="organization" xml:id="aff-0002">
                                                       
                    
                    <orgName>Lab To Market Innovations Private Limited</orgName>
                                                       
                    
                    <address>
                                                                  
                        
                        <city>Bangalore</city>
                                                                  
                        
                        <countryPart>Karnataka</countryPart>
                                                                  
                        
                        <country>India</country>
                                                               
                    
                    </address>
                                                    
                
                </affiliation>
                                         
            
            </affiliationGroup>
                              
        
        </publicationMeta>
                      
        
        <publicationMeta level="unit" position="30" type="chapter">
                                 
            
            <doi origin="wiley" registered="yes">10.1002/9781394245321.ch2</doi>
                                 
            
            <idGroup>
                                            
                
                <id type="unit" value="ch2"/>
                                            
                
                <id type="file" value="ch2"/>
                                         
            
            </idGroup>
                                 
            
            <countGroup>
                                            
                
                <count number="24" type="pageTotal"/>
                                         
            
            </countGroup>
                                 
            
            <copyright ownership="publisher">© 2025 John Wiley &amp; Sons, Ltd.</copyright>
                                 
            
            <eventGroup><event agent="SPi Global" date="2025-05-29" type="xmlCreated"/><event date="2025-05-30" type="publishedOnlineFinalForm"/><event date="2025-05-30" type="firstOnline"/><event type="xmlConverted" agent="Converter:WML3G_To_WML3G version:1.9.3 mode:Header,remove_FC" date="2025-05-30"/></eventGroup>
                                 
            
            <numberingGroup>
                                            
                
                <numbering type="main">2</numbering>
                                            
                
                <numbering type="pageFirst">25</numbering>
                                            
                
                <numbering type="pageLast">48</numbering>
                                         
            
            </numberingGroup>
                                 
            
            <linkGroup>
                                            
                
                <link href="file:ch2.pdf" type="toTypesetVersion"/>
                                         
            
            </linkGroup>
                              
        
        </publicationMeta>
                      
        
        <contentMeta>
                                 
            
            <countGroup>
                                            
                
                <count number="4" type="figureTotal"/>
                                            
                
                <count number="3" type="tableTotal"/>
                                         
            
            </countGroup>
                                 
            
            <titleGroup>
                                            
                
                <title type="main">Instruction Set Architecture</title>
                                         
            
            </titleGroup>
                                 
            
            <keywordGroup type="author">
                                            
                
                <keyword xml:id="c02-kwd-0001">assembly language</keyword>
                                            
                
                <keyword xml:id="c02-kwd-0002">binary instruction codes</keyword>
                                            
                
                <keyword xml:id="c02-kwd-0003">Cortex‐MO</keyword>
                                            
                
                <keyword xml:id="c02-kwd-0004">data‐processing instructions</keyword>
                                            
                
                <keyword xml:id="c02-kwd-0005">instruction set architecture</keyword>
                                            
                
                <keyword xml:id="c02-kwd-0006">memory‐access instructions</keyword>
                                            
                
                <keyword xml:id="c02-kwd-0007">registers</keyword>
                                         
            
            </keywordGroup>
                                 
            
            <abstractGroup>
                                            
                
                <abstract type="main">
                                                       
                    
                    <title type="main">Summary</title>
                                                       
                    
                    <p>This chapter introduces the instruction set architecture of Cortex‐MO, which essentially defines the register set and various instructions that operate on the registers. It looks at the programmer's model, which provides the necessary information to write software for the processor. Registers are a set of memory locations inside the processor, used to hold data while performing computing operations. Cortex‐M0 processor has a total of sixteen 32‐bit registers (R0 to R15), known as the core registers. The instruction set architecture defines a set of memory‐access instructions to load the data from the memory into registers and store the result back from registers into memory. The chapter presents the structure of an instruction in the assembly language and discusses how it is encoded into binary instruction codes. The processor uses data‐processing instructions in order to carry out required computations. Memory‐access instructions are used to transfer data between memory and registers.</p>
                                                    
                
                </abstract>
                                         
            
            </abstractGroup>
                              
        
        </contentMeta>
                   
    
    </header>
        

</component>