<?xml version="1.0" encoding="UTF-8"?><component xmlns="http://www.wiley.com/namespaces/wiley" xmlns:wiley="http://www.wiley.com/namespaces/wiley/wiley" type="bookChapter" version="2.0" xml:id="w9781394245291c4" xml:lang="en">
           
    
    <header>
                      
        
        <publicationMeta level="product">
                                 
            
            <publisherInfo>
                                            
                
                <publisherName>John Wiley &amp; Sons, Inc.</publisherName>
                                            
                
                <publisherLoc>Hoboken, NJ, USA</publisherLoc>
                                         
            
            </publisherInfo>
                                 
            
            <doi origin="wiley" registered="yes">10.1002/9781394245321</doi>
                                 
            
            <isbn type="online-13">9781394245321</isbn>
                                 
            
            <isbn type="printCloth-13">9781394245291</isbn>
                                 
            
            <idGroup>
                                            
                
                <id type="product" value="N9781394245321"/>
                                         
            
            </idGroup>
                                 
            
            <titleGroup>
                                            
                
                <title sort="THE MICROPROCESSOR: A PRACTICAL INTRODUCTION USING THE ARM CORTEX‐M0 PROCESSOR" type="main">The Microprocessor</title>
                                            
                
                <title type="subtitle">A Practical Introduction using the Arm Cortex‐M0 Processor</title>
                                            
                
                <title type="tocForm">The Microprocessor: A Practical Introduction using the Arm Cortex‐M0 Processor</title>
                                         
            
            </titleGroup>
                                 
            
            <copyright ownership="publisher">© 2025 John Wiley &amp; Sons, Ltd.</copyright>
                                 
            
            <eventGroup>
                                            
                
                <event date="2025-07-16" type="publishedPrint"/>
                                         
            
            </eventGroup>
                                 
            
            <creators>
                                            
                
                <creator affiliationRef="#aff-0001" creatorRole="author" xml:id="cr-0001">
                                                       
                    
                    <personName>
                                                                  
                        
                        <givenNames>Darshak S.</givenNames>
                                                                  
                        
                        <familyName>Vasavada</familyName>
                                                               
                    
                    </personName>
                                                    
                
                </creator>
                                            
                
                <creator affiliationRef="#aff-0002" creatorRole="author" xml:id="cr-0002">
                                                       
                    
                    <personName>
                                                                  
                        
                        <givenNames>S. K.</givenNames>
                                                                  
                        
                        <familyName>Sinha</familyName>
                                                               
                    
                    </personName>
                                                    
                
                </creator>
                                         
            
            </creators>
                                 
            
            <affiliationGroup>
                                            
                
                <affiliation countryCode="IN" type="organization" xml:id="aff-0001">
                                                       
                    
                    <orgName>Indian Institute of Science</orgName>
                                                       
                    
                    <orgDiv>Robert Bosch Center for Cyber‐Physical Systems  </orgDiv>
                                                       
                    
                    <address>
                                                                  
                        
                        <city>Bangalore</city>
                                                                  
                        
                        <countryPart>Karnataka</countryPart>
                                                                  
                        
                        <country>India</country>
                                                               
                    
                    </address>
                                                    
                
                </affiliation>
                                            
                
                <affiliation countryCode="IN" type="organization" xml:id="aff-0002">
                                                       
                    
                    <orgName>Lab To Market Innovations Private Limited</orgName>
                                                       
                    
                    <address>
                                                                  
                        
                        <city>Bangalore</city>
                                                                  
                        
                        <countryPart>Karnataka</countryPart>
                                                                  
                        
                        <country>India</country>
                                                               
                    
                    </address>
                                                    
                
                </affiliation>
                                         
            
            </affiliationGroup>
                              
        
        </publicationMeta>
                      
        
        <publicationMeta level="unit" position="50" type="chapter">
                                 
            
            <doi origin="wiley" registered="yes">10.1002/9781394245321.ch4</doi>
                                 
            
            <idGroup>
                                            
                
                <id type="unit" value="ch4"/>
                                            
                
                <id type="file" value="ch4"/>
                                         
            
            </idGroup>
                                 
            
            <countGroup>
                                            
                
                <count number="21" type="pageTotal"/>
                                         
            
            </countGroup>
                                 
            
            <copyright ownership="publisher">© 2025 John Wiley &amp; Sons, Ltd.</copyright>
                                 
            
            <eventGroup><event agent="SPi Global" date="2025-05-29" type="xmlCreated"/><event date="2025-05-30" type="publishedOnlineFinalForm"/><event date="2025-05-30" type="firstOnline"/><event type="xmlConverted" agent="Converter:WML3G_To_WML3G version:1.9.3 mode:Header,remove_FC" date="2025-05-30"/></eventGroup>
                                 
            
            <numberingGroup>
                                            
                
                <numbering type="main">4</numbering>
                                            
                
                <numbering type="pageFirst">71</numbering>
                                            
                
                <numbering type="pageLast">91</numbering>
                                         
            
            </numberingGroup>
                                 
            
            <linkGroup>
                                            
                
                <link href="file:ch4.pdf" type="toTypesetVersion"/>
                                         
            
            </linkGroup>
                              
        
        </publicationMeta>
                      
        
        <contentMeta>
                                 
            
            <countGroup>
                                            
                
                <count number="4" type="figureTotal"/>
                                         
            
            </countGroup>
                                 
            
            <titleGroup>
                                            
                
                <title type="main">Assembly Programming</title>
                                         
            
            </titleGroup>
                                 
            
            <keywordGroup type="author">
                                            
                
                <keyword xml:id="c04-kwd-0001">assembly program</keyword>
                                            
                
                <keyword xml:id="c04-kwd-0002">comments</keyword>
                                            
                
                <keyword xml:id="c04-kwd-0003">data elements</keyword>
                                            
                
                <keyword xml:id="c04-kwd-0004">data section</keyword>
                                            
                
                <keyword xml:id="c04-kwd-0005">data statements</keyword>
                                            
                
                <keyword xml:id="c04-kwd-0006">directives</keyword>
                                            
                
                <keyword xml:id="c04-kwd-0007">labels</keyword>
                                            
                
                <keyword xml:id="c04-kwd-0008">program instructions</keyword>
                                            
                
                <keyword xml:id="c04-kwd-0009">text section</keyword>
                                         
            
            </keywordGroup>
                                 
            
            <abstractGroup>
                                            
                
                <abstract type="main">
                                                       
                    
                    <title type="main">Summary</title>
                                                       
                    
                    <p>This chapter explains the various types of statements that make up an assembly program. It focuses on how an assembly program organized into sections and how to write a function made up of program instructions. The chapter explores the different types of data sections and defines various types of data elements. An assembly program is composed of several types of statements, each serving a specific purpose. The four main types of statements include comments, labels, instructions and directives. An assembly language file is organized as sections. The section names are defined in a standard called executable and linkable format. The text section consists of instructions to be executed by the processor. These instructions are written in the assembly language as defined by the processor's instruction set architecture. A data section contains the data elements used by the instructions for various computing operations.</p>
                                                    
                
                </abstract>
                                         
            
            </abstractGroup>
                              
        
        </contentMeta>
                   
    
    </header>
        

</component>