<?xml version="1.0" encoding="UTF-8"?><component xmlns="http://www.wiley.com/namespaces/wiley" xmlns:wiley="http://www.wiley.com/namespaces/wiley/wiley" type="bookChapter" version="2.0" xml:id="w9781394245291c6" xml:lang="en">
           
    
    <header>
                      
        
        <publicationMeta level="product">
                                 
            
            <publisherInfo>
                                            
                
                <publisherName>John Wiley &amp; Sons, Inc.</publisherName>
                                            
                
                <publisherLoc>Hoboken, NJ, USA</publisherLoc>
                                         
            
            </publisherInfo>
                                 
            
            <doi origin="wiley" registered="yes">10.1002/9781394245321</doi>
                                 
            
            <isbn type="online-13">9781394245321</isbn>
                                 
            
            <isbn type="printCloth-13">9781394245291</isbn>
                                 
            
            <idGroup>
                                            
                
                <id type="product" value="N9781394245321"/>
                                         
            
            </idGroup>
                                 
            
            <titleGroup>
                                            
                
                <title sort="THE MICROPROCESSOR: A PRACTICAL INTRODUCTION USING THE ARM CORTEX‐M0 PROCESSOR" type="main">The Microprocessor</title>
                                            
                
                <title type="subtitle">A Practical Introduction using the Arm Cortex‐M0 Processor</title>
                                            
                
                <title type="tocForm">The Microprocessor: A Practical Introduction using the Arm Cortex‐M0 Processor</title>
                                         
            
            </titleGroup>
                                 
            
            <copyright ownership="publisher">© 2025 John Wiley &amp; Sons, Ltd.</copyright>
                                 
            
            <eventGroup>
                                            
                
                <event date="2025-07-16" type="publishedPrint"/>
                                         
            
            </eventGroup>
                                 
            
            <creators>
                                            
                
                <creator affiliationRef="#aff-0001" creatorRole="author" xml:id="cr-0001">
                                                       
                    
                    <personName>
                                                                  
                        
                        <givenNames>Darshak S.</givenNames>
                                                                  
                        
                        <familyName>Vasavada</familyName>
                                                               
                    
                    </personName>
                                                    
                
                </creator>
                                            
                
                <creator affiliationRef="#aff-0002" creatorRole="author" xml:id="cr-0002">
                                                       
                    
                    <personName>
                                                                  
                        
                        <givenNames>S. K.</givenNames>
                                                                  
                        
                        <familyName>Sinha</familyName>
                                                               
                    
                    </personName>
                                                    
                
                </creator>
                                         
            
            </creators>
                                 
            
            <affiliationGroup>
                                            
                
                <affiliation countryCode="IN" type="organization" xml:id="aff-0001">
                                                       
                    
                    <orgName>Indian Institute of Science</orgName>
                                                       
                    
                    <orgDiv>Robert Bosch Center for Cyber‐Physical Systems  </orgDiv>
                                                       
                    
                    <address>
                                                                  
                        
                        <city>Bangalore</city>
                                                                  
                        
                        <countryPart>Karnataka</countryPart>
                                                                  
                        
                        <country>India</country>
                                                               
                    
                    </address>
                                                    
                
                </affiliation>
                                            
                
                <affiliation countryCode="IN" type="organization" xml:id="aff-0002">
                                                       
                    
                    <orgName>Lab To Market Innovations Private Limited</orgName>
                                                       
                    
                    <address>
                                                                  
                        
                        <city>Bangalore</city>
                                                                  
                        
                        <countryPart>Karnataka</countryPart>
                                                                  
                        
                        <country>India</country>
                                                               
                    
                    </address>
                                                    
                
                </affiliation>
                                         
            
            </affiliationGroup>
                              
        
        </publicationMeta>
                      
        
        <publicationMeta level="unit" position="70" type="chapter">
                                 
            
            <doi origin="wiley" registered="yes">10.1002/9781394245321.ch6</doi>
                                 
            
            <idGroup>
                                            
                
                <id type="unit" value="ch6"/>
                                            
                
                <id type="file" value="ch6"/>
                                         
            
            </idGroup>
                                 
            
            <countGroup>
                                            
                
                <count number="17" type="pageTotal"/>
                                         
            
            </countGroup>
                                 
            
            <copyright ownership="publisher">© 2025 John Wiley &amp; Sons, Ltd.</copyright>
                                 
            
            <eventGroup><event agent="SPi Global" date="2025-05-29" type="xmlCreated"/><event date="2025-05-30" type="publishedOnlineFinalForm"/><event date="2025-05-30" type="firstOnline"/><event type="xmlConverted" agent="Converter:WML3G_To_WML3G version:1.9.3 mode:Header,remove_FC" date="2025-05-30"/></eventGroup>
                                 
            
            <numberingGroup>
                                            
                
                <numbering type="main">6</numbering>
                                            
                
                <numbering type="pageFirst">113</numbering>
                                            
                
                <numbering type="pageLast">129</numbering>
                                         
            
            </numberingGroup>
                                 
            
            <linkGroup>
                                            
                
                <link href="file:ch6.pdf" type="toTypesetVersion"/>
                                         
            
            </linkGroup>
                              
        
        </publicationMeta>
                      
        
        <contentMeta>
                                 
            
            <countGroup>
                                            
                
                <count number="5" type="figureTotal"/>
                                            
                
                <count number="4" type="tableTotal"/>
                                         
            
            </countGroup>
                                 
            
            <titleGroup>
                                            
                
                <title type="main">Bit‐Level Operations</title>
                                         
            
            </titleGroup>
                                 
            
            <keywordGroup type="author">
                                            
                
                <keyword xml:id="c06-kwd-0001">bit‐level operations</keyword>
                                            
                
                <keyword xml:id="c06-kwd-0002">Boolean instructions</keyword>
                                            
                
                <keyword xml:id="c06-kwd-0003">byte ordering instructions</keyword>
                                            
                
                <keyword xml:id="c06-kwd-0004">shift operations</keyword>
                                            
                
                <keyword xml:id="c06-kwd-0005">word‐length extension</keyword>
                                         
            
            </keywordGroup>
                                 
            
            <abstractGroup>
                                            
                
                <abstract type="main">
                                                       
                    
                    <title type="main">Summary</title>
                                                       
                    
                    <p>This chapter looks at instructions that manipulate the data at the level of individual bits. It focuses on the bit‐level instructions supported by Cortex‐M0. The chapter discusses word‐length extension and byte reordering instructions. Bit‐level operations play an important role when programming input/output ports. Boolean instructions perform Boolean operations on each bit of the operands independently, resulting in setting or clearing the corresponding bit in the destination register. Shift operations shift the data stored inside a register by a specific number of bits. The various types of shift operations include logical shift, arithmetic shift and rotate right operation shifts. A system may use little‐endian (LE) or big‐endian (BE) ordering to read or write words as a sequence of bytes. Byte ordering instructions is used to change byte order from LE to BE and vice versa.</p>
                                                    
                
                </abstract>
                                         
            
            </abstractGroup>
                              
        
        </contentMeta>
                   
    
    </header>
        

</component>