<?xml version="1.0" encoding="UTF-8"?><component xmlns="http://www.wiley.com/namespaces/wiley" xmlns:wiley="http://www.wiley.com/namespaces/wiley/wiley" type="bookChapter" version="2.0" xml:id="w9781394245291c9" xml:lang="en">
           
    
    <header>
                      
        
        <publicationMeta level="product">
                                 
            
            <publisherInfo>
                                            
                
                <publisherName>John Wiley &amp; Sons, Inc.</publisherName>
                                            
                
                <publisherLoc>Hoboken, NJ, USA</publisherLoc>
                                         
            
            </publisherInfo>
                                 
            
            <doi origin="wiley" registered="yes">10.1002/9781394245321</doi>
                                 
            
            <isbn type="online-13">9781394245321</isbn>
                                 
            
            <isbn type="printCloth-13">9781394245291</isbn>
                                 
            
            <idGroup>
                                            
                
                <id type="product" value="N9781394245321"/>
                                         
            
            </idGroup>
                                 
            
            <titleGroup>
                                            
                
                <title sort="THE MICROPROCESSOR: A PRACTICAL INTRODUCTION USING THE ARM CORTEX‐M0 PROCESSOR" type="main">The Microprocessor</title>
                                            
                
                <title type="subtitle">A Practical Introduction using the Arm Cortex‐M0 Processor</title>
                                            
                
                <title type="tocForm">The Microprocessor: A Practical Introduction using the Arm Cortex‐M0 Processor</title>
                                         
            
            </titleGroup>
                                 
            
            <copyright ownership="publisher">© 2025 John Wiley &amp; Sons, Ltd.</copyright>
                                 
            
            <eventGroup>
                                            
                
                <event date="2025-07-16" type="publishedPrint"/>
                                         
            
            </eventGroup>
                                 
            
            <creators>
                                            
                
                <creator affiliationRef="#aff-0001" creatorRole="author" xml:id="cr-0001">
                                                       
                    
                    <personName>
                                                                  
                        
                        <givenNames>Darshak S.</givenNames>
                                                                  
                        
                        <familyName>Vasavada</familyName>
                                                               
                    
                    </personName>
                                                    
                
                </creator>
                                            
                
                <creator affiliationRef="#aff-0002" creatorRole="author" xml:id="cr-0002">
                                                       
                    
                    <personName>
                                                                  
                        
                        <givenNames>S. K.</givenNames>
                                                                  
                        
                        <familyName>Sinha</familyName>
                                                               
                    
                    </personName>
                                                    
                
                </creator>
                                         
            
            </creators>
                                 
            
            <affiliationGroup>
                                            
                
                <affiliation countryCode="IN" type="organization" xml:id="aff-0001">
                                                       
                    
                    <orgName>Indian Institute of Science</orgName>
                                                       
                    
                    <orgDiv>Robert Bosch Center for Cyber‐Physical Systems  </orgDiv>
                                                       
                    
                    <address>
                                                                  
                        
                        <city>Bangalore</city>
                                                                  
                        
                        <countryPart>Karnataka</countryPart>
                                                                  
                        
                        <country>India</country>
                                                               
                    
                    </address>
                                                    
                
                </affiliation>
                                            
                
                <affiliation countryCode="IN" type="organization" xml:id="aff-0002">
                                                       
                    
                    <orgName>Lab To Market Innovations Private Limited</orgName>
                                                       
                    
                    <address>
                                                                  
                        
                        <city>Bangalore</city>
                                                                  
                        
                        <countryPart>Karnataka</countryPart>
                                                                  
                        
                        <country>India</country>
                                                               
                    
                    </address>
                                                    
                
                </affiliation>
                                         
            
            </affiliationGroup>
                              
        
        </publicationMeta>
                      
        
        <publicationMeta level="unit" position="100" type="chapter">
                                 
            
            <doi origin="wiley" registered="yes">10.1002/9781394245321.ch9</doi>
                                 
            
            <idGroup>
                                            
                
                <id type="unit" value="ch9"/>
                                            
                
                <id type="file" value="ch9"/>
                                         
            
            </idGroup>
                                 
            
            <countGroup>
                                            
                
                <count number="20" type="pageTotal"/>
                                         
            
            </countGroup>
                                 
            
            <copyright ownership="publisher">© 2025 John Wiley &amp; Sons, Ltd.</copyright>
                                 
            
            <eventGroup><event agent="SPi Global" date="2025-05-29" type="xmlCreated"/><event date="2025-05-30" type="publishedOnlineFinalForm"/><event date="2025-05-30" type="firstOnline"/><event type="xmlConverted" agent="Converter:WML3G_To_WML3G version:1.9.3 mode:Header,remove_FC" date="2025-05-30"/></eventGroup>
                                 
            
            <numberingGroup>
                                            
                
                <numbering type="main">9</numbering>
                                            
                
                <numbering type="pageFirst">175</numbering>
                                            
                
                <numbering type="pageLast">194</numbering>
                                         
            
            </numberingGroup>
                                 
            
            <linkGroup>
                                            
                
                <link href="file:ch9.pdf" type="toTypesetVersion"/>
                                         
            
            </linkGroup>
                              
        
        </publicationMeta>
                      
        
        <contentMeta>
                                 
            
            <countGroup>
                                            
                
                <count number="13" type="figureTotal"/>
                                            
                
                <count number="1" type="tableTotal"/>
                                         
            
            </countGroup>
                                 
            
            <titleGroup>
                                            
                
                <title type="main">Stack Operations</title>
                                         
            
            </titleGroup>
                                 
            
            <keywordGroup type="author">
                                            
                
                <keyword xml:id="c09-kwd-0001">Cortex‐M0 processor</keyword>
                                            
                
                <keyword xml:id="c09-kwd-0002">full‐descending stack</keyword>
                                            
                
                <keyword xml:id="c09-kwd-0003">local variables</keyword>
                                            
                
                <keyword xml:id="c09-kwd-0004">stack frame</keyword>
                                            
                
                <keyword xml:id="c09-kwd-0005">stack instructions</keyword>
                                         
            
            </keywordGroup>
                                 
            
            <abstractGroup>
                                            
                
                <abstract type="main">
                                                       
                    
                    <title type="main">Summary</title>
                                                       
                    
                    <p>This chapter discusses the stack instructions, completing the exploration of all the application‐level instructions for Cortex‐M0 processor. It outlines the pattern of reserving and freeing local memory in subroutines. The chapter focuses on how subroutines use stack for saving and restoring registers and how stack is used to store local variables. Cortex‐M0 uses a full‐descending stack. Stack is reserved in the startup code as a block of memory. The stack is aligned to an 8‐byte boundary as mandated by the processor architecture. Cortex‐M0 provides two instructions to access the stack: PUSH and POP. A subroutine needs to allocate memory on the stack to store local variables. The memory used for arguments, registers and local variables together form a stack frame, which determines the total memory required for a subroutine on the stack.</p>
                                                    
                
                </abstract>
                                         
            
            </abstractGroup>
                              
        
        </contentMeta>
                   
    
    </header>
        

</component>