<?xml version="1.0" encoding="UTF-8"?><component xmlns="http://www.wiley.com/namespaces/wiley" xmlns:wiley="http://www.wiley.com/namespaces/wiley/wiley" type="bookChapter" version="2.0" xml:id="w9781394266104c13" xml:lang="en">
           
    
    <header>
                      
        
        <publicationMeta level="product">
                                 
            
            <publisherInfo>
                                            
                
                <publisherName>John Wiley &amp; Sons, Ltd</publisherName>
                                            
                
                <publisherLoc>Chichester, UK</publisherLoc>
                                         
            
            </publisherInfo>
                                 
            
            <doi origin="wiley" registered="yes">10.1002/9781394266135</doi>
                                 
            
            <isbn type="online-13">9781394266135</isbn>
                                 
            
            <isbn type="printPaper-13">9781394266104</isbn>
                                 
            
            <idGroup>
                                            
                
                <id type="product" value="C9781394266135"/>
                                         
            
            </idGroup>
                                 
            
            <titleGroup>
                                            
                
                <title sort="AUTISM IN NURSING AND HEALTHCARE" type="main">Autism in Nursing and Healthcare</title>
                                            
                
                <title type="tocForm">Autism in Nursing and Healthcare</title>
                                         
            
            </titleGroup>
                                 
            
            <copyright ownership="publisher">© 2025 John Wiley &amp; Sons Ltd.</copyright>
                                 
            
            <eventGroup>
                                            
                
                <event date="2025-08-04" type="publishedPrint"/>
                                         
            
            </eventGroup>
                                 
            
            <creators>
                                            
                
                <creator creatorRole="author" xml:id="cr-0001">
                                                       
                    
                    <personName>
                                                                  
                        
                        <givenNames>Christopher</givenNames>
                                                                  
                        
                        <familyName>Barber</familyName>
                                                               
                    
                    </personName>
                                                    
                
                </creator>
                                         
            
            </creators>
                              
        
        </publicationMeta>
                      
        
        <publicationMeta level="unit" position="140" type="chapter">
                                 
            
            <doi origin="wiley" registered="yes">10.1002/9781394266135.ch13</doi>
                                 
            
            <idGroup>
                                            
                
                <id type="unit" value="ch13"/>
                                            
                
                <id type="file" value="ch13"/>
                                         
            
            </idGroup>
                                 
            
            <countGroup>
                                            
                
                <count number="11" type="pageTotal"/>
                                         
            
            </countGroup>
                                 
            
            <titleGroup>
                                            
                
                <title type="name">Chapter</title>
                                         
            
            </titleGroup>
                                 
            
            <copyright ownership="publisher">© 2025 John Wiley &amp; Sons Ltd.</copyright>
                                 
            
            <eventGroup><event agent="SPi Global" date="2025-05-28" type="xmlCreated"/><event date="2025-05-30" type="publishedOnlineFinalForm"/><event date="2025-05-30" type="firstOnline"/><event type="xmlConverted" agent="Converter:WML3G_To_WML3G version:1.9.3 mode:Header,remove_FC" date="2025-05-30"/></eventGroup>
                                 
            
            <numberingGroup>
                                            
                
                <numbering type="main">13</numbering>
                                            
                
                <numbering type="pageFirst">112</numbering>
                                            
                
                <numbering type="pageLast">122</numbering>
                                         
            
            </numberingGroup>
                                 
            
            <linkGroup>
                                            
                
                <link href="file:ch13.pdf" type="toTypesetVersion"/>
                                         
            
            </linkGroup>
                              
        
        </publicationMeta>
                      
        
        <contentMeta>
                                 
            
            <countGroup>
                                            
                
                <count number="7" type="referenceTotal"/>
                                         
            
            </countGroup>
                                 
            
            <titleGroup>
                                            
                
                <title type="main">Person‐Centred Planning, Interventions and Care</title>
                                         
            
            </titleGroup>
                                 
            
            <keywordGroup type="author">
                                            
                
                <keyword xml:id="kwd-0001">autistic people</keyword>
                                            
                
                <keyword xml:id="kwd-0002">breathing</keyword>
                                            
                
                <keyword xml:id="kwd-0003">communication</keyword>
                                            
                
                <keyword xml:id="kwd-0004">person‐centered interventions</keyword>
                                            
                
                <keyword xml:id="kwd-0005">person‐centred care</keyword>
                                            
                
                <keyword xml:id="kwd-0006">person‐centred planning</keyword>
                                            
                
                <keyword xml:id="kwd-0007">safe environment</keyword>
                                            
                
                <keyword xml:id="kwd-0008">sexuality</keyword>
                                         
            
            </keywordGroup>
                                 
            
            <abstractGroup>
                                            
                
                <abstract type="main">
                                                       
                    
                    <title type="main">Summary</title>
                                                       
                    
                    <p>This chapter explores person‐centred planning, interventions and care of the autistic person: what do person‐centred planning and interventions look, sound and feel like to the autistic patient or service user? It offers a brief definition of ‘person‐centred care’. The chapter discusses the ‘twelve activities of daily living’ (ADLs) in relation to autistic people: maintaining a safe environment; communication; breathing; eating and drinking; elimination; washing and dressing; controlling one's temperature; mobilising; working and playing; expressing sexuality; sleeping; and death. The 12 ADLs could be viewed as a ‘quantitative’ rather than a ‘qualitative’ model which needs to change when working within a person‐centred care planning and delivery paradigm that focuses on the quality of one's life and life experiences and not become a ‘tick chart’ activity.</p>
                                                    
                
                </abstract>
                                         
            
            </abstractGroup>
                              
        
        </contentMeta>
                   
    
    </header>
           
    
    
        

</component>