<?xml version="1.0" encoding="UTF-8"?><component xmlns="http://www.wiley.com/namespaces/wiley" xmlns:wiley="http://www.wiley.com/namespaces/wiley/wiley" type="bookChapter" version="2.0" xml:id="w9781394266104c14" xml:lang="en">
           
    
    <header>
                      
        
        <publicationMeta level="product">
                                 
            
            <publisherInfo>
                                            
                
                <publisherName>John Wiley &amp; Sons, Ltd</publisherName>
                                            
                
                <publisherLoc>Chichester, UK</publisherLoc>
                                         
            
            </publisherInfo>
                                 
            
            <doi origin="wiley" registered="yes">10.1002/9781394266135</doi>
                                 
            
            <isbn type="online-13">9781394266135</isbn>
                                 
            
            <isbn type="printPaper-13">9781394266104</isbn>
                                 
            
            <idGroup>
                                            
                
                <id type="product" value="C9781394266135"/>
                                         
            
            </idGroup>
                                 
            
            <titleGroup>
                                            
                
                <title sort="AUTISM IN NURSING AND HEALTHCARE" type="main">Autism in Nursing and Healthcare</title>
                                            
                
                <title type="tocForm">Autism in Nursing and Healthcare</title>
                                         
            
            </titleGroup>
                                 
            
            <copyright ownership="publisher">© 2025 John Wiley &amp; Sons Ltd.</copyright>
                                 
            
            <eventGroup>
                                            
                
                <event date="2025-08-04" type="publishedPrint"/>
                                         
            
            </eventGroup>
                                 
            
            <creators>
                                            
                
                <creator creatorRole="author" xml:id="cr-0001">
                                                       
                    
                    <personName>
                                                                  
                        
                        <givenNames>Christopher</givenNames>
                                                                  
                        
                        <familyName>Barber</familyName>
                                                               
                    
                    </personName>
                                                    
                
                </creator>
                                         
            
            </creators>
                              
        
        </publicationMeta>
                      
        
        <publicationMeta level="unit" position="150" type="chapter">
                                 
            
            <doi origin="wiley" registered="yes">10.1002/9781394266135.ch14</doi>
                                 
            
            <idGroup>
                                            
                
                <id type="unit" value="ch14"/>
                                            
                
                <id type="file" value="ch14"/>
                                         
            
            </idGroup>
                                 
            
            <countGroup>
                                            
                
                <count number="8" type="pageTotal"/>
                                         
            
            </countGroup>
                                 
            
            <titleGroup>
                                            
                
                <title type="name">Chapter</title>
                                         
            
            </titleGroup>
                                 
            
            <copyright ownership="publisher">© 2025 John Wiley &amp; Sons Ltd.</copyright>
                                 
            
            <eventGroup><event agent="SPi Global" date="2025-05-28" type="xmlCreated"/><event date="2025-05-30" type="publishedOnlineFinalForm"/><event date="2025-05-30" type="firstOnline"/><event type="xmlConverted" agent="Converter:WML3G_To_WML3G version:1.9.3 mode:Header,remove_FC" date="2025-05-30"/></eventGroup>
                                 
            
            <numberingGroup>
                                            
                
                <numbering type="main">14</numbering>
                                            
                
                <numbering type="pageFirst">123</numbering>
                                            
                
                <numbering type="pageLast">130</numbering>
                                         
            
            </numberingGroup>
                                 
            
            <linkGroup>
                                            
                
                <link href="file:ch14.pdf" type="toTypesetVersion"/>
                                         
            
            </linkGroup>
                              
        
        </publicationMeta>
                      
        
        <contentMeta>
                                 
            
            <countGroup>
                                            
                
                <count number="4" type="referenceTotal"/>
                                         
            
            </countGroup>
                                 
            
            <titleGroup>
                                            
                
                <title type="main">Reasonable Adjustments</title>
                                         
            
            </titleGroup>
                                 
            
            <keywordGroup type="author">
                                            
                
                <keyword xml:id="kwd-0001">autism</keyword>
                                            
                
                <keyword xml:id="kwd-0002">community‐based healthcare settings</keyword>
                                            
                
                <keyword xml:id="kwd-0003">diagnostic overshadowing</keyword>
                                            
                
                <keyword xml:id="kwd-0004">hospital‐based healthcare settings</keyword>
                                            
                
                <keyword xml:id="kwd-0005">learning disability</keyword>
                                            
                
                <keyword xml:id="kwd-0006">reasonable adjustments</keyword>
                                         
            
            </keywordGroup>
                                 
            
            <abstractGroup>
                                            
                
                <abstract type="main">
                                                       
                    
                    <title type="main">Summary</title>
                                                       
                    
                    <p>This chapter explores the legal basis for reasonable adjustments, what reasonable adjustments look and feel like to the autistic patient or service user and practical examples of reasonable adjustments that could be implemented within a range of hospital‐based and community‐based healthcare settings. Where possible and if the autistic person is an inpatient on a planned basis, information regarding the ward, its staff, and its layout should be sent to the patient in advance and possibly a brief visit arranged so that the autistic person can become acclimatised to the ward, its staff and its routines. Autistic people are as likely to become health service users as anyone else. Be aware of diagnostic overshadowing: This occurs when the symptoms arising from physical or mental ill health are misattributed to a person's learning disability or autism leading to delayed or incorrect diagnosis or treatment.</p>
                                                    
                
                </abstract>
                                         
            
            </abstractGroup>
                              
        
        </contentMeta>
                   
    
    </header>
           
    
    
        

</component>