<?xml version="1.0" encoding="UTF-8"?><component xmlns="http://www.wiley.com/namespaces/wiley" xmlns:wiley="http://www.wiley.com/namespaces/wiley/wiley" type="bookChapter" version="2.0" xml:id="w9781394266104c17" xml:lang="en">
           
    
    <header>
                      
        
        <publicationMeta level="product">
                                 
            
            <publisherInfo>
                                            
                
                <publisherName>John Wiley &amp; Sons, Ltd</publisherName>
                                            
                
                <publisherLoc>Chichester, UK</publisherLoc>
                                         
            
            </publisherInfo>
                                 
            
            <doi origin="wiley" registered="yes">10.1002/9781394266135</doi>
                                 
            
            <isbn type="online-13">9781394266135</isbn>
                                 
            
            <isbn type="printPaper-13">9781394266104</isbn>
                                 
            
            <idGroup>
                                            
                
                <id type="product" value="C9781394266135"/>
                                         
            
            </idGroup>
                                 
            
            <titleGroup>
                                            
                
                <title sort="AUTISM IN NURSING AND HEALTHCARE" type="main">Autism in Nursing and Healthcare</title>
                                            
                
                <title type="tocForm">Autism in Nursing and Healthcare</title>
                                         
            
            </titleGroup>
                                 
            
            <copyright ownership="publisher">© 2025 John Wiley &amp; Sons Ltd.</copyright>
                                 
            
            <eventGroup>
                                            
                
                <event date="2025-08-04" type="publishedPrint"/>
                                         
            
            </eventGroup>
                                 
            
            <creators>
                                            
                
                <creator creatorRole="author" xml:id="cr-0001">
                                                       
                    
                    <personName>
                                                                  
                        
                        <givenNames>Christopher</givenNames>
                                                                  
                        
                        <familyName>Barber</familyName>
                                                               
                    
                    </personName>
                                                    
                
                </creator>
                                         
            
            </creators>
                              
        
        </publicationMeta>
                      
        
        <publicationMeta level="unit" position="180" type="chapter">
                                 
            
            <doi origin="wiley" registered="yes">10.1002/9781394266135.ch17</doi>
                                 
            
            <idGroup>
                                            
                
                <id type="unit" value="ch17"/>
                                            
                
                <id type="file" value="ch17"/>
                                         
            
            </idGroup>
                                 
            
            <countGroup>
                                            
                
                <count number="8" type="pageTotal"/>
                                         
            
            </countGroup>
                                 
            
            <titleGroup>
                                            
                
                <title type="name">Chapter</title>
                                         
            
            </titleGroup>
                                 
            
            <copyright ownership="publisher">© 2025 John Wiley &amp; Sons Ltd.</copyright>
                                 
            
            <eventGroup><event agent="SPi Global" date="2025-05-28" type="xmlCreated"/><event date="2025-05-30" type="publishedOnlineFinalForm"/><event date="2025-05-30" type="firstOnline"/><event type="xmlConverted" agent="Converter:WML3G_To_WML3G version:1.9.3 mode:Header,remove_FC" date="2025-05-30"/></eventGroup>
                                 
            
            <numberingGroup>
                                            
                
                <numbering type="main">17</numbering>
                                            
                
                <numbering type="pageFirst">149</numbering>
                                            
                
                <numbering type="pageLast">156</numbering>
                                         
            
            </numberingGroup>
                                 
            
            <linkGroup>
                                            
                
                <link href="file:ch17.pdf" type="toTypesetVersion"/>
                                         
            
            </linkGroup>
                              
        
        </publicationMeta>
                      
        
        <contentMeta>
                                 
            
            <countGroup>
                                            
                
                <count number="15" type="referenceTotal"/>
                                         
            
            </countGroup>
                                 
            
            <titleGroup>
                                            
                
                <title type="main">Autism, Spirituality and Sexuality</title>
                                         
            
            </titleGroup>
                                 
            
            <keywordGroup type="author">
                                            
                
                <keyword xml:id="kwd-0001">autistic person</keyword>
                                            
                
                <keyword xml:id="kwd-0002">autistic sexuality</keyword>
                                            
                
                <keyword xml:id="kwd-0003">autistic theology</keyword>
                                            
                
                <keyword xml:id="kwd-0004">person‐centred care</keyword>
                                            
                
                <keyword xml:id="kwd-0005">spirituality</keyword>
                                         
            
            </keywordGroup>
                                 
            
            <abstractGroup>
                                            
                
                <abstract type="main">
                                                       
                    
                    <title type="main">Summary</title>
                                                       
                    
                    <p>Both spirituality and sexuality are difficult issues to discuss, let alone understand, given their highly personal locations, meanings and expressions in people's lives. This chapter explores the spiritual and sexual dimensions of an autistic person and presents tentative ‘definitions’ of spirituality and sexuality and how these dimensions impact upon the autistic person. Spirituality is a remarkably difficult word and concept to pin down and define with any degree of certainty. Alongside an increased interest in spirituality and health care exists a similar increased interest in autistic theology and spirituality. Assessing spirituality and the spiritual needs of autistic patients and service users is fundamental to providing not only effective holistic, person‐centred care in general but spiritual care in particular. Human sexuality is the way people experience and express themselves sexually. One aspect of an ‘autistic sexuality’ can be seen in the concept of being a ‘neuroqueer’.</p>
                                                    
                
                </abstract>
                                         
            
            </abstractGroup>
                              
        
        </contentMeta>
                   
    
    </header>
           
    
    
        

</component>