<?xml version="1.0" encoding="UTF-8"?><component xmlns="http://www.wiley.com/namespaces/wiley" xmlns:wiley="http://www.wiley.com/namespaces/wiley/wiley" type="bookChapter" version="2.0" xml:id="w9781394266104c19" xml:lang="en">
           
    
    <header>
                      
        
        <publicationMeta level="product">
                                 
            
            <publisherInfo>
                                            
                
                <publisherName>John Wiley &amp; Sons, Ltd</publisherName>
                                            
                
                <publisherLoc>Chichester, UK</publisherLoc>
                                         
            
            </publisherInfo>
                                 
            
            <doi origin="wiley" registered="yes">10.1002/9781394266135</doi>
                                 
            
            <isbn type="online-13">9781394266135</isbn>
                                 
            
            <isbn type="printPaper-13">9781394266104</isbn>
                                 
            
            <idGroup>
                                            
                
                <id type="product" value="C9781394266135"/>
                                         
            
            </idGroup>
                                 
            
            <titleGroup>
                                            
                
                <title sort="AUTISM IN NURSING AND HEALTHCARE" type="main">Autism in Nursing and Healthcare</title>
                                            
                
                <title type="tocForm">Autism in Nursing and Healthcare</title>
                                         
            
            </titleGroup>
                                 
            
            <copyright ownership="publisher">© 2025 John Wiley &amp; Sons Ltd.</copyright>
                                 
            
            <eventGroup>
                                            
                
                <event date="2025-08-04" type="publishedPrint"/>
                                         
            
            </eventGroup>
                                 
            
            <creators>
                                            
                
                <creator creatorRole="author" xml:id="cr-0001">
                                                       
                    
                    <personName>
                                                                  
                        
                        <givenNames>Christopher</givenNames>
                                                                  
                        
                        <familyName>Barber</familyName>
                                                               
                    
                    </personName>
                                                    
                
                </creator>
                                         
            
            </creators>
                              
        
        </publicationMeta>
                      
        
        <publicationMeta level="unit" position="200" type="chapter">
                                 
            
            <doi origin="wiley" registered="yes">10.1002/9781394266135.ch19</doi>
                                 
            
            <idGroup>
                                            
                
                <id type="unit" value="ch19"/>
                                            
                
                <id type="file" value="ch19"/>
                                         
            
            </idGroup>
                                 
            
            <countGroup>
                                            
                
                <count number="11" type="pageTotal"/>
                                         
            
            </countGroup>
                                 
            
            <titleGroup>
                                            
                
                <title type="name">Chapter</title>
                                         
            
            </titleGroup>
                                 
            
            <copyright ownership="publisher">© 2025 John Wiley &amp; Sons Ltd.</copyright>
                                 
            
            <eventGroup><event agent="SPi Global" date="2025-05-28" type="xmlCreated"/><event date="2025-05-30" type="publishedOnlineFinalForm"/><event date="2025-05-30" type="firstOnline"/><event type="xmlConverted" agent="Converter:WML3G_To_WML3G version:1.9.3 mode:Header,remove_FC" date="2025-05-30"/></eventGroup>
                                 
            
            <numberingGroup>
                                            
                
                <numbering type="main">19</numbering>
                                            
                
                <numbering type="pageFirst">165</numbering>
                                            
                
                <numbering type="pageLast">175</numbering>
                                         
            
            </numberingGroup>
                                 
            
            <linkGroup>
                                            
                
                <link href="file:ch19.pdf" type="toTypesetVersion"/>
                                         
            
            </linkGroup>
                              
        
        </publicationMeta>
                      
        
        <contentMeta>
                                 
            
            <countGroup>
                                            
                
                <count number="6" type="referenceTotal"/>
                                         
            
            </countGroup>
                                 
            
            <titleGroup>
                                            
                
                <title type="main">Autism and Welfare Benefits</title>
                                         
            
            </titleGroup>
                                 
            
            <keywordGroup type="author">
                                            
                
                <keyword xml:id="kwd-0001">attendance allowance</keyword>
                                            
                
                <keyword xml:id="kwd-0002">autistic person</keyword>
                                            
                
                <keyword xml:id="kwd-0003">carers allowance</keyword>
                                            
                
                <keyword xml:id="kwd-0004">disability living allowance</keyword>
                                            
                
                <keyword xml:id="kwd-0005">employment allowance</keyword>
                                            
                
                <keyword xml:id="kwd-0006">job seekers allowance</keyword>
                                            
                
                <keyword xml:id="kwd-0007">personal independence payment</keyword>
                                            
                
                <keyword xml:id="kwd-0008">universal credit</keyword>
                                         
            
            </keywordGroup>
                                 
            
            <abstractGroup>
                                            
                
                <abstract type="main">
                                                       
                    
                    <title type="main">Summary</title>
                                                       
                    
                    <p>This chapter highlights contemporary debates around welfare benefits and ‘benefits culture’ and focuses on a range of welfare benefits that are available to autistic person and/or their families, highlighting what each welfare benefit is, how much the benefit is worth, claiming criteria and how to claim the benefit. These welfare benefits are disability living allowance, personal independence payment, job seekers allowance, carers allowance, attendance allowance, employment and support allowance, and universal credit. A number of these welfare benefits will allow the claimant to claim for more than one benefit, particularly if the claimant has multiple or severe disabilities or health conditions and it may be helpful to know which additional benefit can be claimed. Care professionals should be aware of and understand the benefits system and the various benefits that comprise this system.</p>
                                                    
                
                </abstract>
                                         
            
            </abstractGroup>
                              
        
        </contentMeta>
                   
    
    </header>
           
    
    
        

</component>