<?xml version="1.0" encoding="UTF-8"?><component xmlns="http://www.wiley.com/namespaces/wiley" xmlns:wiley="http://www.wiley.com/namespaces/wiley/wiley" type="bookChapter" version="2.0" xml:id="w9781394266104c2" xml:lang="en">
           
    
    <header>
                      
        
        <publicationMeta level="product">
                                 
            
            <publisherInfo>
                                            
                
                <publisherName>John Wiley &amp; Sons, Ltd</publisherName>
                                            
                
                <publisherLoc>Chichester, UK</publisherLoc>
                                         
            
            </publisherInfo>
                                 
            
            <doi origin="wiley" registered="yes">10.1002/9781394266135</doi>
                                 
            
            <isbn type="online-13">9781394266135</isbn>
                                 
            
            <isbn type="printPaper-13">9781394266104</isbn>
                                 
            
            <idGroup>
                                            
                
                <id type="product" value="C9781394266135"/>
                                         
            
            </idGroup>
                                 
            
            <titleGroup>
                                            
                
                <title sort="AUTISM IN NURSING AND HEALTHCARE" type="main">Autism in Nursing and Healthcare</title>
                                            
                
                <title type="tocForm">Autism in Nursing and Healthcare</title>
                                         
            
            </titleGroup>
                                 
            
            <copyright ownership="publisher">© 2025 John Wiley &amp; Sons Ltd.</copyright>
                                 
            
            <eventGroup>
                                            
                
                <event date="2025-08-04" type="publishedPrint"/>
                                         
            
            </eventGroup>
                                 
            
            <creators>
                                            
                
                <creator creatorRole="author" xml:id="cr-0001">
                                                       
                    
                    <personName>
                                                                  
                        
                        <givenNames>Christopher</givenNames>
                                                                  
                        
                        <familyName>Barber</familyName>
                                                               
                    
                    </personName>
                                                    
                
                </creator>
                                         
            
            </creators>
                              
        
        </publicationMeta>
                      
        
        <publicationMeta level="unit" position="30" type="chapter">
                                 
            
            <doi origin="wiley" registered="yes">10.1002/9781394266135.ch2</doi>
                                 
            
            <idGroup>
                                            
                
                <id type="unit" value="ch2"/>
                                            
                
                <id type="file" value="ch2"/>
                                         
            
            </idGroup>
                                 
            
            <countGroup>
                                            
                
                <count number="8" type="pageTotal"/>
                                         
            
            </countGroup>
                                 
            
            <titleGroup>
                                            
                
                <title type="name">Chapter</title>
                                         
            
            </titleGroup>
                                 
            
            <copyright ownership="publisher">© 2025 John Wiley &amp; Sons Ltd.</copyright>
                                 
            
            <eventGroup><event agent="SPi Global" date="2025-05-28" type="xmlCreated"/><event date="2025-05-30" type="publishedOnlineFinalForm"/><event date="2025-05-30" type="firstOnline"/><event type="xmlConverted" agent="Converter:WML3G_To_WML3G version:1.9.3 mode:Header,remove_FC" date="2025-05-30"/></eventGroup>
                                 
            
            <numberingGroup>
                                            
                
                <numbering type="main">2</numbering>
                                            
                
                <numbering type="pageFirst">9</numbering>
                                            
                
                <numbering type="pageLast">16</numbering>
                                         
            
            </numberingGroup>
                                 
            
            <linkGroup>
                                            
                
                <link href="file:ch2.pdf" type="toTypesetVersion"/>
                                         
            
            </linkGroup>
                              
        
        </publicationMeta>
                      
        
        <contentMeta>
                                 
            
            <countGroup>
                                            
                
                <count number="7" type="referenceTotal"/>
                                         
            
            </countGroup>
                                 
            
            <titleGroup>
                                            
                
                <title type="main">What Is Autism?</title>
                                         
            
            </titleGroup>
                                 
            
            <keywordGroup type="author">
                                            
                
                <keyword xml:id="kwd-0001">autism</keyword>
                                            
                
                <keyword xml:id="kwd-0002">colours</keyword>
                                            
                
                <keyword xml:id="kwd-0003">emotions</keyword>
                                            
                
                <keyword xml:id="kwd-0004">light</keyword>
                                            
                
                <keyword xml:id="kwd-0005">smells</keyword>
                                            
                
                <keyword xml:id="kwd-0006">sounds</keyword>
                                            
                
                <keyword xml:id="kwd-0007">tastes</keyword>
                                            
                
                <keyword xml:id="kwd-0008">temperatures</keyword>
                                            
                
                <keyword xml:id="kwd-0009">touch</keyword>
                                            
                
                <keyword xml:id="kwd-0010">UK</keyword>
                                         
            
            </keywordGroup>
                                 
            
            <abstractGroup>
                                            
                
                <abstract type="main">
                                                       
                    
                    <title type="main">Summary</title>
                                                       
                    
                    <p>Autism is quite a complex condition to try to ‘pin down’ with any certainty or any degree of consensus. This chapter explores a number of myths surrounding autism and the various forms of autistic prevalence in the UK. Autistic people have difficulties with interpreting both verbal and non‐verbal language like gestures or tone of voice. Some autistic people often have difficulty ‘reading’ other people – recognising or understanding others’ feelings and intentions – and expressing their own emotions. Autistic people may experience over‐ or under‐sensitivity to sounds, touch, tastes, smells, light, colours, temperatures or pain. Many autistic people would see autism as a difference and not as a disorder.</p>
                                                    
                
                </abstract>
                                         
            
            </abstractGroup>
                              
        
        </contentMeta>
                   
    
    </header>
           
    
    
        

</component>