<?xml version="1.0" encoding="UTF-8"?><component xmlns="http://www.wiley.com/namespaces/wiley" xmlns:wiley="http://www.wiley.com/namespaces/wiley/wiley" type="bookChapter" version="2.0" xml:id="w9781394266104c22" xml:lang="en">
           
    
    <header>
                      
        
        <publicationMeta level="product">
                                 
            
            <publisherInfo>
                                            
                
                <publisherName>John Wiley &amp; Sons, Ltd</publisherName>
                                            
                
                <publisherLoc>Chichester, UK</publisherLoc>
                                         
            
            </publisherInfo>
                                 
            
            <doi origin="wiley" registered="yes">10.1002/9781394266135</doi>
                                 
            
            <isbn type="online-13">9781394266135</isbn>
                                 
            
            <isbn type="printPaper-13">9781394266104</isbn>
                                 
            
            <idGroup>
                                            
                
                <id type="product" value="C9781394266135"/>
                                         
            
            </idGroup>
                                 
            
            <titleGroup>
                                            
                
                <title sort="AUTISM IN NURSING AND HEALTHCARE" type="main">Autism in Nursing and Healthcare</title>
                                            
                
                <title type="tocForm">Autism in Nursing and Healthcare</title>
                                         
            
            </titleGroup>
                                 
            
            <copyright ownership="publisher">© 2025 John Wiley &amp; Sons Ltd.</copyright>
                                 
            
            <eventGroup>
                                            
                
                <event date="2025-08-04" type="publishedPrint"/>
                                         
            
            </eventGroup>
                                 
            
            <creators>
                                            
                
                <creator creatorRole="author" xml:id="cr-0001">
                                                       
                    
                    <personName>
                                                                  
                        
                        <givenNames>Christopher</givenNames>
                                                                  
                        
                        <familyName>Barber</familyName>
                                                               
                    
                    </personName>
                                                    
                
                </creator>
                                         
            
            </creators>
                              
        
        </publicationMeta>
                      
        
        <publicationMeta level="unit" position="230" type="chapter">
                                 
            
            <doi origin="wiley" registered="yes">10.1002/9781394266135.ch22</doi>
                                 
            
            <idGroup>
                                            
                
                <id type="unit" value="ch22"/>
                                            
                
                <id type="file" value="ch22"/>
                                         
            
            </idGroup>
                                 
            
            <countGroup>
                                            
                
                <count number="8" type="pageTotal"/>
                                         
            
            </countGroup>
                                 
            
            <titleGroup>
                                            
                
                <title type="name">Chapter</title>
                                         
            
            </titleGroup>
                                 
            
            <copyright ownership="publisher">© 2025 John Wiley &amp; Sons Ltd.</copyright>
                                 
            
            <eventGroup><event agent="SPi Global" date="2025-05-28" type="xmlCreated"/><event date="2025-05-30" type="publishedOnlineFinalForm"/><event date="2025-05-30" type="firstOnline"/><event type="xmlConverted" agent="Converter:WML3G_To_WML3G version:1.9.3 mode:Header,remove_FC" date="2025-05-30"/></eventGroup>
                                 
            
            <numberingGroup>
                                            
                
                <numbering type="main">22</numbering>
                                            
                
                <numbering type="pageFirst">197</numbering>
                                            
                
                <numbering type="pageLast">204</numbering>
                                         
            
            </numberingGroup>
                                 
            
            <linkGroup>
                                            
                
                <link href="file:ch22.pdf" type="toTypesetVersion"/>
                                         
            
            </linkGroup>
                              
        
        </publicationMeta>
                      
        
        <contentMeta>
                                 
            
            <countGroup>
                                            
                
                <count number="8" type="referenceTotal"/>
                                         
            
            </countGroup>
                                 
            
            <titleGroup>
                                            
                
                <title type="main">Decision‐Making and Consent</title>
                                         
            
            </titleGroup>
                                 
            
            <keywordGroup type="author">
                                            
                
                <keyword xml:id="kwd-0001">autism</keyword>
                                            
                
                <keyword xml:id="kwd-0002">autistic patients</keyword>
                                            
                
                <keyword xml:id="kwd-0003">decision‐making</keyword>
                                            
                
                <keyword xml:id="kwd-0004">informed consent</keyword>
                                            
                
                <keyword xml:id="kwd-0005">Mental Capacity Act</keyword>
                                         
            
            </keywordGroup>
                                 
            
            <abstractGroup>
                                            
                
                <abstract type="main">
                                                       
                    
                    <title type="main">Summary</title>
                                                       
                    
                    <p>This chapter focuses on informed consent and its meanings and implications for autistic patients and service users within the framework of the Mental Capacity Act (2005). It presents the policies and guidelines as to best practice in decision‐making and the gaining of informed consent. The chapter also explores consent and decision‐making against the backdrop of alleged incidents of ‘do not attempt resuscitation’ instructions being applied to autistic patient's hospital notes during the Covid pandemic. Autistic people are just as capable to provide, refuse and/or withdraw valid consent as anyone else and autism on its own must never be seen as a reason why the person's mental capacity can be challenged and their ability to give, refuse or withdraw consent be rejected. Consent must be given freely, without duress or deception and with legal competence and sufficient mental capacity to give it.</p>
                                                    
                
                </abstract>
                                         
            
            </abstractGroup>
                              
        
        </contentMeta>
                   
    
    </header>
           
    
    
        

</component>