<?xml version="1.0" encoding="UTF-8"?><component xmlns="http://www.wiley.com/namespaces/wiley" xmlns:wiley="http://www.wiley.com/namespaces/wiley/wiley" type="bookChapter" version="2.0" xml:id="w9781394266104c23" xml:lang="en">
           
    
    <header>
                      
        
        <publicationMeta level="product">
                                 
            
            <publisherInfo>
                                            
                
                <publisherName>John Wiley &amp; Sons, Ltd</publisherName>
                                            
                
                <publisherLoc>Chichester, UK</publisherLoc>
                                         
            
            </publisherInfo>
                                 
            
            <doi origin="wiley" registered="yes">10.1002/9781394266135</doi>
                                 
            
            <isbn type="online-13">9781394266135</isbn>
                                 
            
            <isbn type="printPaper-13">9781394266104</isbn>
                                 
            
            <idGroup>
                                            
                
                <id type="product" value="C9781394266135"/>
                                         
            
            </idGroup>
                                 
            
            <titleGroup>
                                            
                
                <title sort="AUTISM IN NURSING AND HEALTHCARE" type="main">Autism in Nursing and Healthcare</title>
                                            
                
                <title type="tocForm">Autism in Nursing and Healthcare</title>
                                         
            
            </titleGroup>
                                 
            
            <copyright ownership="publisher">© 2025 John Wiley &amp; Sons Ltd.</copyright>
                                 
            
            <eventGroup>
                                            
                
                <event date="2025-08-04" type="publishedPrint"/>
                                         
            
            </eventGroup>
                                 
            
            <creators>
                                            
                
                <creator creatorRole="author" xml:id="cr-0001">
                                                       
                    
                    <personName>
                                                                  
                        
                        <givenNames>Christopher</givenNames>
                                                                  
                        
                        <familyName>Barber</familyName>
                                                               
                    
                    </personName>
                                                    
                
                </creator>
                                         
            
            </creators>
                              
        
        </publicationMeta>
                      
        
        <publicationMeta level="unit" position="240" type="chapter">
                                 
            
            <doi origin="wiley" registered="yes">10.1002/9781394266135.ch23</doi>
                                 
            
            <idGroup>
                                            
                
                <id type="unit" value="ch23"/>
                                            
                
                <id type="file" value="ch23"/>
                                         
            
            </idGroup>
                                 
            
            <countGroup>
                                            
                
                <count number="8" type="pageTotal"/>
                                         
            
            </countGroup>
                                 
            
            <titleGroup>
                                            
                
                <title type="name">Chapter</title>
                                         
            
            </titleGroup>
                                 
            
            <copyright ownership="publisher">© 2025 John Wiley &amp; Sons Ltd.</copyright>
                                 
            
            <eventGroup><event agent="SPi Global" date="2025-05-28" type="xmlCreated"/><event date="2025-05-30" type="publishedOnlineFinalForm"/><event date="2025-05-30" type="firstOnline"/><event type="xmlConverted" agent="Converter:WML3G_To_WML3G version:1.9.3 mode:Header,remove_FC" date="2025-05-30"/></eventGroup>
                                 
            
            <numberingGroup>
                                            
                
                <numbering type="main">23</numbering>
                                            
                
                <numbering type="pageFirst">205</numbering>
                                            
                
                <numbering type="pageLast">212</numbering>
                                         
            
            </numberingGroup>
                                 
            
            <linkGroup>
                                            
                
                <link href="file:ch23.pdf" type="toTypesetVersion"/>
                                         
            
            </linkGroup>
                              
        
        </publicationMeta>
                      
        
        <contentMeta>
                                 
            
            <countGroup>
                                            
                
                <count number="7" type="referenceTotal"/>
                                         
            
            </countGroup>
                                 
            
            <titleGroup>
                                            
                
                <title type="main">Autism</title>
                                            
                
                <title type="subtitle">An Anarchy Too Far?</title>
                                            
                
                <title type="tocForm">Autism: An Anarchy Too Far?</title>
                                         
            
            </titleGroup>
                                 
            
            <keywordGroup type="author">
                                            
                
                <keyword xml:id="kwd-0001">anarchism</keyword>
                                            
                
                <keyword xml:id="kwd-0002">anarchist</keyword>
                                            
                
                <keyword xml:id="kwd-0003">anarchy</keyword>
                                            
                
                <keyword xml:id="kwd-0004">autism</keyword>
                                            
                
                <keyword xml:id="kwd-0005">healthcare professionals</keyword>
                                            
                
                <keyword xml:id="kwd-0006">nursing</keyword>
                                            
                
                <keyword xml:id="kwd-0007">social care professionals</keyword>
                                            
                
                <keyword xml:id="kwd-0008">social disorder</keyword>
                                         
            
            </keywordGroup>
                                 
            
            <abstractGroup>
                                            
                
                <abstract type="main">
                                                       
                    
                    <title type="main">Summary</title>
                                                       
                    
                    <p>This conclusion presents some closing thoughts on the concepts covered in the preceding chapters of this book. The book has been the raising of awareness and understanding of the various facets of autism amongst the fellow nursing, health and social care professionals, to challenge possible misconceptions and to nurture the possibility of nurses and other health and social care professionals to challenge the status quo, to challenge attitudes and practices. It explores the issues around the use of language and autism identity in terms of ‘autism as anarchy’. The word or concept of ‘anarchy’ and its related terms ‘anarchism’ and ‘anarchist’ means different things to different people in different historical periods. Anarchy is often defined synonymously as chaos or social disorder, reflecting the state of nature as depicted by Thomas Hobbes.</p>
                                                    
                
                </abstract>
                                         
            
            </abstractGroup>
                              
        
        </contentMeta>
                   
    
    </header>
           
    
    
        

</component>