<?xml version="1.0" encoding="UTF-8"?><component xmlns="http://www.wiley.com/namespaces/wiley" xmlns:wiley="http://www.wiley.com/namespaces/wiley/wiley" type="bookChapter" version="2.0" xml:id="w9781394266104c3" xml:lang="en">
           
    
    <header>
                      
        
        <publicationMeta level="product">
                                 
            
            <publisherInfo>
                                            
                
                <publisherName>John Wiley &amp; Sons, Ltd</publisherName>
                                            
                
                <publisherLoc>Chichester, UK</publisherLoc>
                                         
            
            </publisherInfo>
                                 
            
            <doi origin="wiley" registered="yes">10.1002/9781394266135</doi>
                                 
            
            <isbn type="online-13">9781394266135</isbn>
                                 
            
            <isbn type="printPaper-13">9781394266104</isbn>
                                 
            
            <idGroup>
                                            
                
                <id type="product" value="C9781394266135"/>
                                         
            
            </idGroup>
                                 
            
            <titleGroup>
                                            
                
                <title sort="AUTISM IN NURSING AND HEALTHCARE" type="main">Autism in Nursing and Healthcare</title>
                                            
                
                <title type="tocForm">Autism in Nursing and Healthcare</title>
                                         
            
            </titleGroup>
                                 
            
            <copyright ownership="publisher">© 2025 John Wiley &amp; Sons Ltd.</copyright>
                                 
            
            <eventGroup>
                                            
                
                <event date="2025-08-04" type="publishedPrint"/>
                                         
            
            </eventGroup>
                                 
            
            <creators>
                                            
                
                <creator creatorRole="author" xml:id="cr-0001">
                                                       
                    
                    <personName>
                                                                  
                        
                        <givenNames>Christopher</givenNames>
                                                                  
                        
                        <familyName>Barber</familyName>
                                                               
                    
                    </personName>
                                                    
                
                </creator>
                                         
            
            </creators>
                              
        
        </publicationMeta>
                      
        
        <publicationMeta level="unit" position="40" type="chapter">
                                 
            
            <doi origin="wiley" registered="yes">10.1002/9781394266135.ch3</doi>
                                 
            
            <idGroup>
                                            
                
                <id type="unit" value="ch3"/>
                                            
                
                <id type="file" value="ch3"/>
                                         
            
            </idGroup>
                                 
            
            <countGroup>
                                            
                
                <count number="10" type="pageTotal"/>
                                         
            
            </countGroup>
                                 
            
            <titleGroup>
                                            
                
                <title type="name">Chapter</title>
                                         
            
            </titleGroup>
                                 
            
            <copyright ownership="publisher">© 2025 John Wiley &amp; Sons Ltd.</copyright>
                                 
            
            <eventGroup><event agent="SPi Global" date="2025-05-28" type="xmlCreated"/><event date="2025-05-30" type="publishedOnlineFinalForm"/><event date="2025-05-30" type="firstOnline"/><event type="xmlConverted" agent="Converter:WML3G_To_WML3G version:1.9.3 mode:Header,remove_FC" date="2025-05-30"/></eventGroup>
                                 
            
            <numberingGroup>
                                            
                
                <numbering type="main">3</numbering>
                                            
                
                <numbering type="pageFirst">17</numbering>
                                            
                
                <numbering type="pageLast">26</numbering>
                                         
            
            </numberingGroup>
                                 
            
            <linkGroup>
                                            
                
                <link href="file:ch3.pdf" type="toTypesetVersion"/>
                                         
            
            </linkGroup>
                              
        
        </publicationMeta>
                      
        
        <contentMeta>
                                 
            
            <countGroup>
                                            
                
                <count number="18" type="referenceTotal"/>
                                         
            
            </countGroup>
                                 
            
            <titleGroup>
                                            
                
                <title type="main">A History of Autism</title>
                                         
            
            </titleGroup>
                                 
            
            <keywordGroup type="author">
                                            
                
                <keyword xml:id="kwd-0001">autism</keyword>
                                            
                
                <keyword xml:id="kwd-0002">autistic self‐advocacy</keyword>
                                            
                
                <keyword xml:id="kwd-0003">learning disability</keyword>
                                            
                
                <keyword xml:id="kwd-0004">mental ill‐health</keyword>
                                            
                
                <keyword xml:id="kwd-0005">schizophrenia</keyword>
                                         
            
            </keywordGroup>
                                 
            
            <abstractGroup>
                                            
                
                <abstract type="main">
                                                       
                    
                    <title type="main">Summary</title>
                                                       
                    
                    <p>Autism as a recognised condition has only been around for about a hundred or so years, and those who are unaware of or forget the history of autism are condemned to repeat its mistakes. This chapter explores the history of Autism in three phases: ‘pre‐history’, ‘history’ and ‘post‐history’. Eugen Blueler was a Swiss psychiatrist who invented the term ‘schizophrenia’ in 1908 and ‘autism’ in 1912. In 1949, the term ‘refrigerator mother’ was first used by Kanner as a possible cause of Autism. The 1970s saw the first faltering steps regarding autistic self‐advocacy. During the 1980s, a number of changes affected the lives of those who were autistic. The 1990s saw autistic self‐advocacy increasing in numbers, strength and loudness, an increase that is reflected in learning disability, mental ill‐health and other forms of disability.</p>
                                                    
                
                </abstract>
                                         
            
            </abstractGroup>
                              
        
        </contentMeta>
                   
    
    </header>
           
    
    
        

</component>