<?xml version="1.0" encoding="UTF-8"?><component xmlns="http://www.wiley.com/namespaces/wiley" xmlns:wiley="http://www.wiley.com/namespaces/wiley/wiley" type="bookChapter" version="2.0" xml:id="w9781394266104c5" xml:lang="en">
           
    
    <header>
                      
        
        <publicationMeta level="product">
                                 
            
            <publisherInfo>
                                            
                
                <publisherName>John Wiley &amp; Sons, Ltd</publisherName>
                                            
                
                <publisherLoc>Chichester, UK</publisherLoc>
                                         
            
            </publisherInfo>
                                 
            
            <doi origin="wiley" registered="yes">10.1002/9781394266135</doi>
                                 
            
            <isbn type="online-13">9781394266135</isbn>
                                 
            
            <isbn type="printPaper-13">9781394266104</isbn>
                                 
            
            <idGroup>
                                            
                
                <id type="product" value="C9781394266135"/>
                                         
            
            </idGroup>
                                 
            
            <titleGroup>
                                            
                
                <title sort="AUTISM IN NURSING AND HEALTHCARE" type="main">Autism in Nursing and Healthcare</title>
                                            
                
                <title type="tocForm">Autism in Nursing and Healthcare</title>
                                         
            
            </titleGroup>
                                 
            
            <copyright ownership="publisher">© 2025 John Wiley &amp; Sons Ltd.</copyright>
                                 
            
            <eventGroup>
                                            
                
                <event date="2025-08-04" type="publishedPrint"/>
                                         
            
            </eventGroup>
                                 
            
            <creators>
                                            
                
                <creator creatorRole="author" xml:id="cr-0001">
                                                       
                    
                    <personName>
                                                                  
                        
                        <givenNames>Christopher</givenNames>
                                                                  
                        
                        <familyName>Barber</familyName>
                                                               
                    
                    </personName>
                                                    
                
                </creator>
                                         
            
            </creators>
                              
        
        </publicationMeta>
                      
        
        <publicationMeta level="unit" position="60" type="chapter">
                                 
            
            <doi origin="wiley" registered="yes">10.1002/9781394266135.ch5</doi>
                                 
            
            <idGroup>
                                            
                
                <id type="unit" value="ch5"/>
                                            
                
                <id type="file" value="ch5"/>
                                         
            
            </idGroup>
                                 
            
            <countGroup>
                                            
                
                <count number="11" type="pageTotal"/>
                                         
            
            </countGroup>
                                 
            
            <titleGroup>
                                            
                
                <title type="name">Chapter</title>
                                         
            
            </titleGroup>
                                 
            
            <copyright ownership="publisher">© 2025 John Wiley &amp; Sons Ltd.</copyright>
                                 
            
            <eventGroup><event agent="SPi Global" date="2025-05-28" type="xmlCreated"/><event date="2025-05-30" type="publishedOnlineFinalForm"/><event date="2025-05-30" type="firstOnline"/><event type="xmlConverted" agent="Converter:WML3G_To_WML3G version:1.9.3 mode:Header,remove_FC" date="2025-05-30"/></eventGroup>
                                 
            
            <numberingGroup>
                                            
                
                <numbering type="main">5</numbering>
                                            
                
                <numbering type="pageFirst">35</numbering>
                                            
                
                <numbering type="pageLast">45</numbering>
                                         
            
            </numberingGroup>
                                 
            
            <linkGroup>
                                            
                
                <link href="file:ch5.pdf" type="toTypesetVersion"/>
                                         
            
            </linkGroup>
                              
        
        </publicationMeta>
                      
        
        <contentMeta>
                                 
            
            <countGroup>
                                            
                
                <count number="19" type="referenceTotal"/>
                                         
            
            </countGroup>
                                 
            
            <titleGroup>
                                            
                
                <title type="main">Diagnostic Issues</title>
                                         
            
            </titleGroup>
                                 
            
            <keywordGroup type="author">
                                            
                
                <keyword xml:id="kwd-0001">autism diagnosis</keyword>
                                            
                
                <keyword xml:id="kwd-0002">diagnostic criteria</keyword>
                                            
                
                <keyword xml:id="kwd-0003">diagnostic pathways</keyword>
                                            
                
                <keyword xml:id="kwd-0004">diagnostic tools</keyword>
                                            
                
                <keyword xml:id="kwd-0005">social communication</keyword>
                                            
                
                <keyword xml:id="kwd-0006">social interaction</keyword>
                                         
            
            </keywordGroup>
                                 
            
            <abstractGroup>
                                            
                
                <abstract type="main">
                                                       
                    
                    <title type="main">Summary</title>
                                                       
                    
                    <p>This chapter explores to a greater depth a range of issues around autism diagnosis including diagnostic criteria, diagnostic tools, and, finally, how one as a nurse, healthcare assistant or a nursing assistant can help and support the individual and their families as they journey through diagnosis. To meet the diagnostic criteria for autism according to Diagnostic and Statistical Manual of Mental Disorders‐5, the person must have persistent problems in each of three areas of social communication and interaction plus at least two of four types of restricted, repetitive behaviours. There are a number of ways in which a person can seek and receive an autism diagnosis. These pathways may differ depending on whether the person seeking the diagnosis is a child or an adult. There are a range of tools that can be used to diagnose autism.</p>
                                                    
                
                </abstract>
                                         
            
            </abstractGroup>
                              
        
        </contentMeta>
                   
    
    </header>
           
    
    
        

</component>