<?xml version="1.0" encoding="UTF-8"?><component xmlns="http://www.wiley.com/namespaces/wiley" xmlns:wiley="http://www.wiley.com/namespaces/wiley/wiley" type="bookChapter" version="2.0" xml:id="w9781394266104c7" xml:lang="en">
           
    
    <header>
                      
        
        <publicationMeta level="product">
                                 
            
            <publisherInfo>
                                            
                
                <publisherName>John Wiley &amp; Sons, Ltd</publisherName>
                                            
                
                <publisherLoc>Chichester, UK</publisherLoc>
                                         
            
            </publisherInfo>
                                 
            
            <doi origin="wiley" registered="yes">10.1002/9781394266135</doi>
                                 
            
            <isbn type="online-13">9781394266135</isbn>
                                 
            
            <isbn type="printPaper-13">9781394266104</isbn>
                                 
            
            <idGroup>
                                            
                
                <id type="product" value="C9781394266135"/>
                                         
            
            </idGroup>
                                 
            
            <titleGroup>
                                            
                
                <title sort="AUTISM IN NURSING AND HEALTHCARE" type="main">Autism in Nursing and Healthcare</title>
                                            
                
                <title type="tocForm">Autism in Nursing and Healthcare</title>
                                         
            
            </titleGroup>
                                 
            
            <copyright ownership="publisher">© 2025 John Wiley &amp; Sons Ltd.</copyright>
                                 
            
            <eventGroup>
                                            
                
                <event date="2025-08-04" type="publishedPrint"/>
                                         
            
            </eventGroup>
                                 
            
            <creators>
                                            
                
                <creator creatorRole="author" xml:id="cr-0001">
                                                       
                    
                    <personName>
                                                                  
                        
                        <givenNames>Christopher</givenNames>
                                                                  
                        
                        <familyName>Barber</familyName>
                                                               
                    
                    </personName>
                                                    
                
                </creator>
                                         
            
            </creators>
                              
        
        </publicationMeta>
                      
        
        <publicationMeta level="unit" position="80" type="chapter">
                                 
            
            <doi origin="wiley" registered="yes">10.1002/9781394266135.ch7</doi>
                                 
            
            <idGroup>
                                            
                
                <id type="unit" value="ch7"/>
                                            
                
                <id type="file" value="ch7"/>
                                         
            
            </idGroup>
                                 
            
            <countGroup>
                                            
                
                <count number="11" type="pageTotal"/>
                                         
            
            </countGroup>
                                 
            
            <titleGroup>
                                            
                
                <title type="name">Chapter</title>
                                         
            
            </titleGroup>
                                 
            
            <copyright ownership="publisher">© 2025 John Wiley &amp; Sons Ltd.</copyright>
                                 
            
            <eventGroup><event agent="SPi Global" date="2025-05-28" type="xmlCreated"/><event date="2025-05-30" type="publishedOnlineFinalForm"/><event date="2025-05-30" type="firstOnline"/><event type="xmlConverted" agent="Converter:WML3G_To_WML3G version:1.9.3 mode:Header,remove_FC" date="2025-05-30"/></eventGroup>
                                 
            
            <numberingGroup>
                                            
                
                <numbering type="main">7</numbering>
                                            
                
                <numbering type="pageFirst">56</numbering>
                                            
                
                <numbering type="pageLast">66</numbering>
                                         
            
            </numberingGroup>
                                 
            
            <linkGroup>
                                            
                
                <link href="file:ch7.pdf" type="toTypesetVersion"/>
                                         
            
            </linkGroup>
                              
        
        </publicationMeta>
                      
        
        <contentMeta>
                                 
            
            <countGroup>
                                            
                
                <count number="5" type="referenceTotal"/>
                                         
            
            </countGroup>
                                 
            
            <titleGroup>
                                            
                
                <title type="main">Autism and Sensory Issues</title>
                                         
            
            </titleGroup>
                                 
            
            <keywordGroup type="author">
                                            
                
                <keyword xml:id="kwd-0001">hypersensitivity</keyword>
                                            
                
                <keyword xml:id="kwd-0002">hyposensitivity</keyword>
                                            
                
                <keyword xml:id="kwd-0003">neurotypicals</keyword>
                                            
                
                <keyword xml:id="kwd-0004">nursing interventions</keyword>
                                            
                
                <keyword xml:id="kwd-0005">sensory issues</keyword>
                                            
                
                <keyword xml:id="kwd-0006">sensory stimuli</keyword>
                                         
            
            </keywordGroup>
                                 
            
            <abstractGroup>
                                            
                
                <abstract type="main">
                                                       
                    
                    <title type="main">Summary</title>
                                                       
                    
                    <p>This chapter focuses on how various forms of sensory stimuli impact upon ‘neurotypicals’; how the various forms of sensory stimuli impact those who are autistic; the behaviour expressed by those with an ASC as a result of sensory under‐stimulation and over‐stimulation; and nurses' understanding of the sensory profiles of those with an ASC and resulting nursing interventions for this client group. Sensory issues can have a major impact on the interaction between nurses and those with an ASC and on nursing interventions for this client group. Any sensory assessment should cover: both hyposensitivity and hypersensitivity to sensory experiences, sensory distortions and sensory overload, sensory ‘tune‐outs’, unusual sensory processing, such as synaesthesia, and difficulties in identifying the source channel of sensory information. A number of sensory assessments is available like the sensory behaviour schedule, the sensory profile and the sensory profile checklist.</p>
                                                    
                
                </abstract>
                                         
            
            </abstractGroup>
                              
        
        </contentMeta>
                   
    
    </header>
           
    
    
        

</component>