<?xml version="1.0" encoding="UTF-8"?><component xmlns="http://www.wiley.com/namespaces/wiley" xmlns:wiley="http://www.wiley.com/namespaces/wiley/wiley" type="bookChapter" version="2.0" xml:id="w9781394253258c12" xml:lang="en">
           
    
    <header>
                      
        
        <publicationMeta level="product">
                                 
            
            <publisherInfo>
                                            
                
                <publisherName>John Wiley &amp; Sons, Ltd</publisherName>
                                            
                
                <publisherLoc>Chichester, UK</publisherLoc>
                                         
            
            </publisherInfo>
                                 
            
            <doi origin="wiley" registered="yes">10.1002/9781394253289</doi>
                                 
            
            <isbn type="online-13">9781394253289</isbn>
                                 
            
            <isbn type="printCloth-13">9781394253258</isbn>
                                 
            
            <idGroup>
                                            
                
                <id type="product" value="C9781394253289"/>
                                         
            
            </idGroup>
                                 
            
            <titleGroup>
                                            
                
                <title sort="STEM CELL‐BASED REGENERATIVE MEDICINE IN CANINE PRACTICE" type="main">Stem Cell‐Based Regenerative Medicine in Canine Practice</title>
                                            
                
                <title type="tocForm">Stem Cell‐Based Regenerative Medicine in Canine Practice</title>
                                         
            
            </titleGroup>
                                 
            
            <copyright ownership="publisher">© 2025 John Wiley &amp; Sons Ltd.</copyright>
                                 
            
            <eventGroup>
                                            
                
                <event date="2025-09-04" type="publishedPrint"/>
                                         
            
            </eventGroup>
                                 
            
            <creators>
                                            
                
                <creator affiliationRef="#aff-0001" creatorRole="author" xml:id="cr-0001">
                                                       
                    
                    <personName>
                                                                  
                        
                        <givenNames>Mudasir Bashir</givenNames>
                                                                  
                        
                        <familyName>Gugjoo</familyName>
                                                               
                    
                    </personName>
                                                    
                
                </creator>
                                         
            
            </creators>
                                 
            
            <affiliationGroup>
                                            
                
                <affiliation countryCode="IN" type="organization" xml:id="aff-0001">
                                                       
                    
                    <orgDiv>Division of Veterinary Clinical Complex</orgDiv>
                                                       
                    
                    <orgName>Faculty of Veterinary Sciences &amp; Animal Husbandry</orgName>
                                                       
                    
                    <orgName>Sher‐e‐Kashmir University of Agricultural Sciences and Technology of Kashmir</orgName>
                                                       
                    
                    <address>
                                                                  
                        
                        <street>Shuhama, Alusteng</street>
                                                                  
                        
                        <city>Srinagar</city>
                                                                  
                        
                        <countryPart>Jammu and Kashmir</countryPart>
                                                                  
                        
                        <country>India</country>
                                                               
                    
                    </address>
                                                    
                
                </affiliation>
                                         
            
            </affiliationGroup>
                              
        
        </publicationMeta>
                      
        
        <publicationMeta level="unit" position="130" type="chapter">
                                 
            
            <doi origin="wiley" registered="yes">10.1002/9781394253289.ch12</doi>
                                 
            
            <idGroup>
                                            
                
                <id type="unit" value="ch12"/>
                                            
                
                <id type="file" value="ch12"/>
                                         
            
            </idGroup>
                                 
            
            <countGroup>
                                            
                
                <count number="26" type="pageTotal"/>
                                         
            
            </countGroup>
                                 
            
            <copyright ownership="publisher">© 2025 John Wiley &amp; Sons Ltd.</copyright>
                                 
            
            <eventGroup><event agent="SPi Global" date="2025-05-26" type="xmlCreated"/><event date="2025-05-30" type="publishedOnlineFinalForm"/><event date="2025-05-30" type="firstOnline"/><event type="xmlConverted" agent="Converter:WML3G_To_WML3G version:1.9.3 mode:Header,remove_FC" date="2025-05-30"/></eventGroup>
                                 
            
            <numberingGroup>
                                            
                
                <numbering type="main">12</numbering>
                                            
                
                <numbering type="pageFirst">435</numbering>
                                            
                
                <numbering type="pageLast">460</numbering>
                                         
            
            </numberingGroup>
                                 
            
            <linkGroup>
                                            
                
                <link href="file:ch12.pdf" type="toTypesetVersion"/>
                                         
            
            </linkGroup>
                              
        
        </publicationMeta>
                      
        
        <contentMeta>
                                 
            
            <countGroup>
                                            
                
                <count number="4" type="figureTotal"/>
                                            
                
                <count number="3" type="tableTotal"/>
                                            
                
                <count number="87" type="referenceTotal"/>
                                         
            
            </countGroup>
                                 
            
            <titleGroup>
                                            
                
                <title type="main">Renal Insufficiency and Urinary Bladder Affections</title>
                                         
            
            </titleGroup>
                                 
            
            <keywordGroup type="author">
                                            
                
                <keyword xml:id="kwd-0001">Acute kidney injury</keyword>
                                            
                
                <keyword xml:id="kwd-0002">Chronic kidney disease</keyword>
                                            
                
                <keyword xml:id="kwd-0003">Dogs</keyword>
                                            
                
                <keyword xml:id="kwd-0004">Mesenchymal stem cells</keyword>
                                            
                
                <keyword xml:id="kwd-0005">Reperfusion injury</keyword>
                                         
            
            </keywordGroup>
                                 
            
            <abstractGroup>
                                            
                
                <abstract type="main">
                                                       
                    
                    <title type="main">Summary</title>
                                                       
                    
                    <p>
                                                Renal diseases are critical considering the vital nature of the kidneys and any damage to them can have serious consequences. Although the kidneys possess some innate regenerative capacity, this ability is often insufficient in the face of severe damage or aging. Dogs, like humans, are frequently affected by acute kidney injury or chronic kidney disease (CKD). If left untreated, acute injury can progress to CKD and ultimately lead to end‐stage renal failure. To address these challenges, regenerative medicine, particularly the use of stem cells, is being explored as a therapeutic option. Among the different types of stem cells, mesenchymal stem cells (MSCs) are favored due to their beneficial properties and the absence of ethical or teratogenic concerns. This chapter highlights the regenerative potential of MSCs in canine renal diseases, focusing on their characteristics and 
                        
                        <i>in vivo</i>
                                                 therapeutic applications as documented in the canine literature.
                    
                    </p>
                                                    
                
                </abstract>
                                         
            
            </abstractGroup>
                              
        
        </contentMeta>
                   
    
    </header>
           
    
    
        

</component>