<?xml version="1.0" encoding="UTF-8"?><component xmlns="http://www.wiley.com/namespaces/wiley" xmlns:wiley="http://www.wiley.com/namespaces/wiley/wiley" type="bookChapter" version="2.0" xml:id="w9781394253258c13" xml:lang="en">
           
    
    <header>
                      
        
        <publicationMeta level="product">
                                 
            
            <publisherInfo>
                                            
                
                <publisherName>John Wiley &amp; Sons, Ltd</publisherName>
                                            
                
                <publisherLoc>Chichester, UK</publisherLoc>
                                         
            
            </publisherInfo>
                                 
            
            <doi origin="wiley" registered="yes">10.1002/9781394253289</doi>
                                 
            
            <isbn type="online-13">9781394253289</isbn>
                                 
            
            <isbn type="printCloth-13">9781394253258</isbn>
                                 
            
            <idGroup>
                                            
                
                <id type="product" value="C9781394253289"/>
                                         
            
            </idGroup>
                                 
            
            <titleGroup>
                                            
                
                <title sort="STEM CELL‐BASED REGENERATIVE MEDICINE IN CANINE PRACTICE" type="main">Stem Cell‐Based Regenerative Medicine in Canine Practice</title>
                                            
                
                <title type="tocForm">Stem Cell‐Based Regenerative Medicine in Canine Practice</title>
                                         
            
            </titleGroup>
                                 
            
            <copyright ownership="publisher">© 2025 John Wiley &amp; Sons Ltd.</copyright>
                                 
            
            <eventGroup>
                                            
                
                <event date="2025-09-04" type="publishedPrint"/>
                                         
            
            </eventGroup>
                                 
            
            <creators>
                                            
                
                <creator affiliationRef="#aff-0001" creatorRole="author" xml:id="cr-0001">
                                                       
                    
                    <personName>
                                                                  
                        
                        <givenNames>Mudasir Bashir</givenNames>
                                                                  
                        
                        <familyName>Gugjoo</familyName>
                                                               
                    
                    </personName>
                                                    
                
                </creator>
                                         
            
            </creators>
                                 
            
            <affiliationGroup>
                                            
                
                <affiliation countryCode="IN" type="organization" xml:id="aff-0001">
                                                       
                    
                    <orgDiv>Division of Veterinary Clinical Complex</orgDiv>
                                                       
                    
                    <orgName>Faculty of Veterinary Sciences &amp; Animal Husbandry</orgName>
                                                       
                    
                    <orgName>Sher‐e‐Kashmir University of Agricultural Sciences and Technology of Kashmir</orgName>
                                                       
                    
                    <address>
                                                                  
                        
                        <street>Shuhama, Alusteng</street>
                                                                  
                        
                        <city>Srinagar</city>
                                                                  
                        
                        <countryPart>Jammu and Kashmir</countryPart>
                                                                  
                        
                        <country>India</country>
                                                               
                    
                    </address>
                                                    
                
                </affiliation>
                                         
            
            </affiliationGroup>
                              
        
        </publicationMeta>
                      
        
        <publicationMeta level="unit" position="140" type="chapter">
                                 
            
            <doi origin="wiley" registered="yes">10.1002/9781394253289.ch13</doi>
                                 
            
            <idGroup>
                                            
                
                <id type="unit" value="ch13"/>
                                            
                
                <id type="file" value="ch13"/>
                                         
            
            </idGroup>
                                 
            
            <countGroup>
                                            
                
                <count number="26" type="pageTotal"/>
                                         
            
            </countGroup>
                                 
            
            <copyright ownership="publisher">© 2025 John Wiley &amp; Sons Ltd.</copyright>
                                 
            
            <eventGroup><event agent="SPi Global" date="2025-05-26" type="xmlCreated"/><event date="2025-05-30" type="publishedOnlineFinalForm"/><event date="2025-05-30" type="firstOnline"/><event type="xmlConverted" agent="Converter:WML3G_To_WML3G version:1.9.3 mode:Header,remove_FC" date="2025-05-30"/></eventGroup>
                                 
            
            <numberingGroup>
                                            
                
                <numbering type="main">13</numbering>
                                            
                
                <numbering type="pageFirst">461</numbering>
                                            
                
                <numbering type="pageLast">486</numbering>
                                         
            
            </numberingGroup>
                                 
            
            <linkGroup>
                                            
                
                <link href="file:ch13.pdf" type="toTypesetVersion"/>
                                         
            
            </linkGroup>
                              
        
        </publicationMeta>
                      
        
        <contentMeta>
                                 
            
            <countGroup>
                                            
                
                <count number="2" type="figureTotal"/>
                                            
                
                <count number="3" type="tableTotal"/>
                                            
                
                <count number="79" type="referenceTotal"/>
                                         
            
            </countGroup>
                                 
            
            <titleGroup>
                                            
                
                <title type="main">Skin Wounds and Atopic Dermatitis</title>
                                         
            
            </titleGroup>
                                 
            
            <keywordGroup type="author">
                                            
                
                <keyword xml:id="kwd-0001">Acute and chronic wounds</keyword>
                                            
                
                <keyword xml:id="kwd-0002">Atopic dermatitis</keyword>
                                            
                
                <keyword xml:id="kwd-0003">Dogs</keyword>
                                            
                
                <keyword xml:id="kwd-0004">Exosomes</keyword>
                                            
                
                <keyword xml:id="kwd-0005">Mesenchymal stem cells</keyword>
                                         
            
            </keywordGroup>
                                 
            
            <abstractGroup>
                                            
                
                <abstract type="main">
                                                       
                    
                    <title type="main">Summary</title>
                                                       
                    
                    <p>The skin, the body's largest and most exposed organ, frequently encounters environmental stressors that lead to various afflictions. Among these, skin wounds—whether acute or chronic—and atopic dermatitis are the most common in dogs. Small, uncomplicated wounds typically resolve without much issue. Large, extensive acute wounds and chronic, nonhealing wounds present significant clinical challenges. Atopic dermatitis, an immune‐mediated condition, lacks a definitive standard cure, and current treatments often require lifelong management. In recent years, stem cell therapy, particularly the use of mesenchymal stem cells (MSCs), has gained attraction as a potential treatment for these skin conditions. Preclinical and clinical studies are being conducted to explore the therapeutic efficacy of MSCs. These studies suggest that MSC therapy has a positive impact on wound healing and immunomodulation in skin conditions, providing hope for more effective treatments. This chapter reviews the available literature on MSCs potential benefits in treating skin wounds and atopic dermatitis. The aim is to offer an evidence‐based perspective on the therapeutic role of MSCs in veterinary dermatology.</p>
                                                    
                
                </abstract>
                                         
            
            </abstractGroup>
                              
        
        </contentMeta>
                   
    
    </header>
           
    
    
        

</component>