<?xml version="1.0" encoding="UTF-8"?><component xmlns="http://www.wiley.com/namespaces/wiley" xmlns:wiley="http://www.wiley.com/namespaces/wiley/wiley" type="bookChapter" version="2.0" xml:id="w9781394253258c14" xml:lang="en">
           
    
    <header>
                      
        
        <publicationMeta level="product">
                                 
            
            <publisherInfo>
                                            
                
                <publisherName>John Wiley &amp; Sons, Ltd</publisherName>
                                            
                
                <publisherLoc>Chichester, UK</publisherLoc>
                                         
            
            </publisherInfo>
                                 
            
            <doi origin="wiley" registered="yes">10.1002/9781394253289</doi>
                                 
            
            <isbn type="online-13">9781394253289</isbn>
                                 
            
            <isbn type="printCloth-13">9781394253258</isbn>
                                 
            
            <idGroup>
                                            
                
                <id type="product" value="C9781394253289"/>
                                         
            
            </idGroup>
                                 
            
            <titleGroup>
                                            
                
                <title sort="STEM CELL‐BASED REGENERATIVE MEDICINE IN CANINE PRACTICE" type="main">Stem Cell‐Based Regenerative Medicine in Canine Practice</title>
                                            
                
                <title type="tocForm">Stem Cell‐Based Regenerative Medicine in Canine Practice</title>
                                         
            
            </titleGroup>
                                 
            
            <copyright ownership="publisher">© 2025 John Wiley &amp; Sons Ltd.</copyright>
                                 
            
            <eventGroup>
                                            
                
                <event date="2025-09-04" type="publishedPrint"/>
                                         
            
            </eventGroup>
                                 
            
            <creators>
                                            
                
                <creator affiliationRef="#aff-0001" creatorRole="author" xml:id="cr-0001">
                                                       
                    
                    <personName>
                                                                  
                        
                        <givenNames>Mudasir Bashir</givenNames>
                                                                  
                        
                        <familyName>Gugjoo</familyName>
                                                               
                    
                    </personName>
                                                    
                
                </creator>
                                         
            
            </creators>
                                 
            
            <affiliationGroup>
                                            
                
                <affiliation countryCode="IN" type="organization" xml:id="aff-0001">
                                                       
                    
                    <orgDiv>Division of Veterinary Clinical Complex</orgDiv>
                                                       
                    
                    <orgName>Faculty of Veterinary Sciences &amp; Animal Husbandry</orgName>
                                                       
                    
                    <orgName>Sher‐e‐Kashmir University of Agricultural Sciences and Technology of Kashmir</orgName>
                                                       
                    
                    <address>
                                                                  
                        
                        <street>Shuhama, Alusteng</street>
                                                                  
                        
                        <city>Srinagar</city>
                                                                  
                        
                        <countryPart>Jammu and Kashmir</countryPart>
                                                                  
                        
                        <country>India</country>
                                                               
                    
                    </address>
                                                    
                
                </affiliation>
                                         
            
            </affiliationGroup>
                              
        
        </publicationMeta>
                      
        
        <publicationMeta level="unit" position="150" type="chapter">
                                 
            
            <doi origin="wiley" registered="yes">10.1002/9781394253289.ch14</doi>
                                 
            
            <idGroup>
                                            
                
                <id type="unit" value="ch14"/>
                                            
                
                <id type="file" value="ch14"/>
                                         
            
            </idGroup>
                                 
            
            <countGroup>
                                            
                
                <count number="29" type="pageTotal"/>
                                         
            
            </countGroup>
                                 
            
            <copyright ownership="publisher">© 2025 John Wiley &amp; Sons Ltd.</copyright>
                                 
            
            <eventGroup><event agent="SPi Global" date="2025-05-26" type="xmlCreated"/><event date="2025-05-30" type="publishedOnlineFinalForm"/><event date="2025-05-30" type="firstOnline"/><event type="xmlConverted" agent="Converter:WML3G_To_WML3G version:1.9.3 mode:Header,remove_FC" date="2025-05-30"/></eventGroup>
                                 
            
            <numberingGroup>
                                            
                
                <numbering type="main">14</numbering>
                                            
                
                <numbering type="pageFirst">487</numbering>
                                            
                
                <numbering type="pageLast">515</numbering>
                                         
            
            </numberingGroup>
                                 
            
            <linkGroup>
                                            
                
                <link href="file:ch14.pdf" type="toTypesetVersion"/>
                                         
            
            </linkGroup>
                              
        
        </publicationMeta>
                      
        
        <contentMeta>
                                 
            
            <countGroup>
                                            
                
                <count number="3" type="figureTotal"/>
                                            
                
                <count number="2" type="tableTotal"/>
                                            
                
                <count number="112" type="referenceTotal"/>
                                         
            
            </countGroup>
                                 
            
            <titleGroup>
                                            
                
                <title type="main">Diabetes</title>
                                         
            
            </titleGroup>
                                 
            
            <keywordGroup type="author">
                                            
                
                <keyword xml:id="kwd-0001">Clinical cases of diabetes</keyword>
                                            
                
                <keyword xml:id="kwd-0002">Dogs</keyword>
                                            
                
                <keyword xml:id="kwd-0003">Experimental diabetes model</keyword>
                                            
                
                <keyword xml:id="kwd-0004">Insulin‐producing cells</keyword>
                                            
                
                <keyword xml:id="kwd-0005">Mesenchymal stem cells</keyword>
                                            
                
                <keyword xml:id="kwd-0006">Type 1 diabetes mellitus</keyword>
                                         
            
            </keywordGroup>
                                 
            
            <abstractGroup>
                                            
                
                <abstract type="main">
                                                       
                    
                    <title type="main">Summary</title>
                                                       
                    
                    <p>Diabetes refers to a group of metabolic disorders marked by chronic high blood sugar levels. In dogs, diabetes mellitus is fairly common, with type 1 diabetes (T1D) being the most prevalent form. While there is no definitive cure, managing diabetes in dogs presents additional challenges compared to humans due to differences in physiology, dietary needs, and daily routines. These factors can complicate care, increasing the risk of both disease‐related complications and a decline in the dog's quality of life, which may lead to natural death or, in some cases, euthanasia. One promising avenue of advanced treatment is stem cell therapy. Among various stem cells, currently mesenchymal stem cells (MSCs) therapy is mainly evaluated in canines due to the lack of ethical or teratogenic concerns, besides the requirement of less advanced infrastructure. MSCs have the ability to transdifferentiate into insulin‐producing cells (IPCs), offering some regulation of blood glucose levels. However, existing protocols for trans‐differentiation require further refinement, and treatment strategies need to be optimized for better therapeutic outcomes. This chapter explores the potential of MSCs to differentiate into islet‐like cells and their therapeutic role in managing T1D in dogs.</p>
                                                    
                
                </abstract>
                                         
            
            </abstractGroup>
                              
        
        </contentMeta>
                   
    
    </header>
           
    
    
        

</component>