<?xml version="1.0" encoding="UTF-8"?><component xmlns="http://www.wiley.com/namespaces/wiley" xmlns:wiley="http://www.wiley.com/namespaces/wiley/wiley" type="bookChapter" version="2.0" xml:id="w9781394253258c15" xml:lang="en">
           
    
    <header>
                      
        
        <publicationMeta level="product">
                                 
            
            <publisherInfo>
                                            
                
                <publisherName>John Wiley &amp; Sons, Ltd</publisherName>
                                            
                
                <publisherLoc>Chichester, UK</publisherLoc>
                                         
            
            </publisherInfo>
                                 
            
            <doi origin="wiley" registered="yes">10.1002/9781394253289</doi>
                                 
            
            <isbn type="online-13">9781394253289</isbn>
                                 
            
            <isbn type="printCloth-13">9781394253258</isbn>
                                 
            
            <idGroup>
                                            
                
                <id type="product" value="C9781394253289"/>
                                         
            
            </idGroup>
                                 
            
            <titleGroup>
                                            
                
                <title sort="STEM CELL‐BASED REGENERATIVE MEDICINE IN CANINE PRACTICE" type="main">Stem Cell‐Based Regenerative Medicine in Canine Practice</title>
                                            
                
                <title type="tocForm">Stem Cell‐Based Regenerative Medicine in Canine Practice</title>
                                         
            
            </titleGroup>
                                 
            
            <copyright ownership="publisher">© 2025 John Wiley &amp; Sons Ltd.</copyright>
                                 
            
            <eventGroup>
                                            
                
                <event date="2025-09-04" type="publishedPrint"/>
                                         
            
            </eventGroup>
                                 
            
            <creators>
                                            
                
                <creator affiliationRef="#aff-0001" creatorRole="author" xml:id="cr-0001">
                                                       
                    
                    <personName>
                                                                  
                        
                        <givenNames>Mudasir Bashir</givenNames>
                                                                  
                        
                        <familyName>Gugjoo</familyName>
                                                               
                    
                    </personName>
                                                    
                
                </creator>
                                         
            
            </creators>
                                 
            
            <affiliationGroup>
                                            
                
                <affiliation countryCode="IN" type="organization" xml:id="aff-0001">
                                                       
                    
                    <orgDiv>Division of Veterinary Clinical Complex</orgDiv>
                                                       
                    
                    <orgName>Faculty of Veterinary Sciences &amp; Animal Husbandry</orgName>
                                                       
                    
                    <orgName>Sher‐e‐Kashmir University of Agricultural Sciences and Technology of Kashmir</orgName>
                                                       
                    
                    <address>
                                                                  
                        
                        <street>Shuhama, Alusteng</street>
                                                                  
                        
                        <city>Srinagar</city>
                                                                  
                        
                        <countryPart>Jammu and Kashmir</countryPart>
                                                                  
                        
                        <country>India</country>
                                                               
                    
                    </address>
                                                    
                
                </affiliation>
                                         
            
            </affiliationGroup>
                              
        
        </publicationMeta>
                      
        
        <publicationMeta level="unit" position="160" type="chapter">
                                 
            
            <doi origin="wiley" registered="yes">10.1002/9781394253289.ch15</doi>
                                 
            
            <idGroup>
                                            
                
                <id type="unit" value="ch15"/>
                                            
                
                <id type="file" value="ch15"/>
                                         
            
            </idGroup>
                                 
            
            <countGroup>
                                            
                
                <count number="26" type="pageTotal"/>
                                         
            
            </countGroup>
                                 
            
            <copyright ownership="publisher">© 2025 John Wiley &amp; Sons Ltd.</copyright>
                                 
            
            <eventGroup><event agent="SPi Global" date="2025-05-26" type="xmlCreated"/><event date="2025-05-30" type="publishedOnlineFinalForm"/><event date="2025-05-30" type="firstOnline"/><event type="xmlConverted" agent="Converter:WML3G_To_WML3G version:1.9.3 mode:Header,remove_FC" date="2025-05-30"/></eventGroup>
                                 
            
            <numberingGroup>
                                            
                
                <numbering type="main">15</numbering>
                                            
                
                <numbering type="pageFirst">517</numbering>
                                            
                
                <numbering type="pageLast">542</numbering>
                                         
            
            </numberingGroup>
                                 
            
            <linkGroup>
                                            
                
                <link href="file:ch15.pdf" type="toTypesetVersion"/>
                                         
            
            </linkGroup>
                              
        
        </publicationMeta>
                      
        
        <contentMeta>
                                 
            
            <countGroup>
                                            
                
                <count number="4" type="figureTotal"/>
                                            
                
                <count number="2" type="tableTotal"/>
                                            
                
                <count number="114" type="referenceTotal"/>
                                         
            
            </countGroup>
                                 
            
            <titleGroup>
                                            
                
                <title type="main">Corneal Ulcers and Keratoconjunctivitis Sicca</title>
                                         
            
            </titleGroup>
                                 
            
            <keywordGroup type="author">
                                            
                
                <keyword xml:id="kwd-0001">Corneal ulcers</keyword>
                                            
                
                <keyword xml:id="kwd-0002">Corneal/limbal stem cells</keyword>
                                            
                
                <keyword xml:id="kwd-0003">Corneal superficial keratitis</keyword>
                                            
                
                <keyword xml:id="kwd-0004">Descemetocele</keyword>
                                            
                
                <keyword xml:id="kwd-0005">Dogs</keyword>
                                            
                
                <keyword xml:id="kwd-0006">Keratoconjunctivitis sicca</keyword>
                                            
                
                <keyword xml:id="kwd-0007">Mesenchymal stem cells</keyword>
                                         
            
            </keywordGroup>
                                 
            
            <abstractGroup>
                                            
                
                <abstract type="main">
                                                       
                    
                    <title type="main">Summary</title>
                                                       
                    
                    <p>Veterinary ophthalmology has grown significantly over the past few decades and has become an essential specialty in canine practice. With the advancements in understanding of animal eye diseases and disorders, corresponding improvement in diagnosis and treatment has also improved. However, many ophthalmic conditions in dogs currently lack definitive treatment. These include corneal affections, keratoconjunctivitis sicca (KCS), retinal degeneration, glaucoma, and optic nerve damage. There is a scarcity of literature on canine regenerative medicine in relation to these conditions. The main clinical conditions that traverse the path of regenerative medicine in canines include corneal affections and KCS. As a number of these conditions are immune‐mediated and have associated tissue damage, stem cells, especially mesenchymal stem cells (MSCs), therapy is being instituted. There are stem cells in the cornea/limbus as well, however, due to the limited availability, understanding of their properties and the fact that they are often affected in disease processes, MSCs are preferably evaluated for their therapeutic effects. This chapter weighs MSCs properties against the corneal/limbal stem cells and discusses the therapeutic role of MSCs in the context of canine corneal affections and KCS.</p>
                                                    
                
                </abstract>
                                         
            
            </abstractGroup>
                              
        
        </contentMeta>
                   
    
    </header>
           
    
    
        

</component>