<?xml version="1.0" encoding="UTF-8"?><component xmlns="http://www.wiley.com/namespaces/wiley" xmlns:wiley="http://www.wiley.com/namespaces/wiley/wiley" type="bookChapter" version="2.0" xml:id="w9781394253258c3" xml:lang="en">
           
    
    <header>
                      
        
        <publicationMeta level="product">
                                 
            
            <publisherInfo>
                                            
                
                <publisherName>John Wiley &amp; Sons, Ltd</publisherName>
                                            
                
                <publisherLoc>Chichester, UK</publisherLoc>
                                         
            
            </publisherInfo>
                                 
            
            <doi origin="wiley" registered="yes">10.1002/9781394253289</doi>
                                 
            
            <isbn type="online-13">9781394253289</isbn>
                                 
            
            <isbn type="printCloth-13">9781394253258</isbn>
                                 
            
            <idGroup>
                                            
                
                <id type="product" value="C9781394253289"/>
                                         
            
            </idGroup>
                                 
            
            <titleGroup>
                                            
                
                <title sort="STEM CELL‐BASED REGENERATIVE MEDICINE IN CANINE PRACTICE" type="main">Stem Cell‐Based Regenerative Medicine in Canine Practice</title>
                                            
                
                <title type="tocForm">Stem Cell‐Based Regenerative Medicine in Canine Practice</title>
                                         
            
            </titleGroup>
                                 
            
            <copyright ownership="publisher">© 2025 John Wiley &amp; Sons Ltd.</copyright>
                                 
            
            <eventGroup>
                                            
                
                <event date="2025-09-04" type="publishedPrint"/>
                                         
            
            </eventGroup>
                                 
            
            <creators>
                                            
                
                <creator affiliationRef="#aff-0001" creatorRole="author" xml:id="cr-0001">
                                                       
                    
                    <personName>
                                                                  
                        
                        <givenNames>Mudasir Bashir</givenNames>
                                                                  
                        
                        <familyName>Gugjoo</familyName>
                                                               
                    
                    </personName>
                                                    
                
                </creator>
                                         
            
            </creators>
                                 
            
            <affiliationGroup>
                                            
                
                <affiliation countryCode="IN" type="organization" xml:id="aff-0001">
                                                       
                    
                    <orgDiv>Division of Veterinary Clinical Complex</orgDiv>
                                                       
                    
                    <orgName>Faculty of Veterinary Sciences &amp; Animal Husbandry</orgName>
                                                       
                    
                    <orgName>Sher‐e‐Kashmir University of Agricultural Sciences and Technology of Kashmir</orgName>
                                                       
                    
                    <address>
                                                                  
                        
                        <street>Shuhama, Alusteng</street>
                                                                  
                        
                        <city>Srinagar</city>
                                                                  
                        
                        <countryPart>Jammu and Kashmir</countryPart>
                                                                  
                        
                        <country>India</country>
                                                               
                    
                    </address>
                                                    
                
                </affiliation>
                                         
            
            </affiliationGroup>
                              
        
        </publicationMeta>
                      
        
        <publicationMeta level="unit" position="40" type="chapter">
                                 
            
            <doi origin="wiley" registered="yes">10.1002/9781394253289.ch3</doi>
                                 
            
            <idGroup>
                                            
                
                <id type="unit" value="ch3"/>
                                            
                
                <id type="file" value="ch3"/>
                                         
            
            </idGroup>
                                 
            
            <countGroup>
                                            
                
                <count number="51" type="pageTotal"/>
                                         
            
            </countGroup>
                                 
            
            <copyright ownership="publisher">© 2025 John Wiley &amp; Sons Ltd.</copyright>
                                 
            
            <eventGroup><event agent="SPi Global" date="2025-05-26" type="xmlCreated"/><event date="2025-05-30" type="publishedOnlineFinalForm"/><event date="2025-05-30" type="firstOnline"/><event type="xmlConverted" agent="Converter:WML3G_To_WML3G version:1.9.3 mode:Header,remove_FC" date="2025-05-30"/></eventGroup>
                                 
            
            <numberingGroup>
                                            
                
                <numbering type="main">3</numbering>
                                            
                
                <numbering type="pageFirst">97</numbering>
                                            
                
                <numbering type="pageLast">147</numbering>
                                         
            
            </numberingGroup>
                                 
            
            <linkGroup>
                                            
                
                <link href="file:ch3.pdf" type="toTypesetVersion"/>
                                         
            
            </linkGroup>
                              
        
        </publicationMeta>
                      
        
        <contentMeta>
                                 
            
            <countGroup>
                                            
                
                <count number="3" type="figureTotal"/>
                                            
                
                <count number="5" type="tableTotal"/>
                                            
                
                <count number="191" type="referenceTotal"/>
                                         
            
            </countGroup>
                                 
            
            <titleGroup>
                                            
                
                <title type="main">MSCs in Canine Bone Tissue Engineering</title>
                                         
            
            </titleGroup>
                                 
            
            <keywordGroup type="author">
                                            
                
                <keyword xml:id="kwd-0001">Bone gap defects</keyword>
                                            
                
                <keyword xml:id="kwd-0002">Dogs</keyword>
                                            
                
                <keyword xml:id="kwd-0003">Clinical cases</keyword>
                                            
                
                <keyword xml:id="kwd-0004">Experimental models</keyword>
                                            
                
                <keyword xml:id="kwd-0005">Fracture</keyword>
                                            
                
                <keyword xml:id="kwd-0006">Mesenchymal stem cells</keyword>
                                            
                
                <keyword xml:id="kwd-0007">Scaffolds</keyword>
                                         
            
            </keywordGroup>
                                 
            
            <abstractGroup>
                                            
                
                <abstract type="main">
                                                       
                    
                    <title type="main">Summary</title>
                                                       
                    
                    <p>
                                                Bone tissue engineering (BTE) is a well‐established field focused towards solving bone regeneration challenges. However, currently, there is not a single technique or biomaterial structure capable of healing every type of bone defect. The ability to heal is influenced by numerous factors, including the nature of the bone, defect size, and the extent of trauma to surrounding tissues. In dog practices, bone defects are not less common and demand tissue engineering techniques. In canine practice, BTE mainly utilizes mesenchymal stem cells (MSCs) loaded onto scaffolds. MSCs osteogenic differentiation potential is demonstrated both in 
                        
                        <i>ex vivo</i>
                                                 and 
                        
                        <i>in vivo</i>
                                                 studies. There is well‐documented literature that confirms MSCs differentiate into osteogenic lineage upon getting proper microenvironment signals. Experimental trials indicate that MSCs, in combination with scaffolds, can successfully bridge critical‐size bone gap defects. Clinically, MSCs have been exclusively used to treat dog nonunion or standard fracture cases and the studies are in favor of their application. This chapter deliberates on the role of MSCs in BTE vis‐à‐vis 
                        
                        <i>ex vivo</i>
                                                 and 
                        
                        <i>in vivo</i>
                                                 literature.
                    
                    </p>
                                                    
                
                </abstract>
                                         
            
            </abstractGroup>
                              
        
        </contentMeta>
                   
    
    </header>
           
    
    
        

</component>