<?xml version="1.0" encoding="UTF-8"?><component xmlns="http://www.wiley.com/namespaces/wiley" xmlns:wiley="http://www.wiley.com/namespaces/wiley/wiley" type="bookChapter" version="2.0" xml:id="w9781394253258c4" xml:lang="en">
           
    
    <header>
                      
        
        <publicationMeta level="product">
                                 
            
            <publisherInfo>
                                            
                
                <publisherName>John Wiley &amp; Sons, Ltd</publisherName>
                                            
                
                <publisherLoc>Chichester, UK</publisherLoc>
                                         
            
            </publisherInfo>
                                 
            
            <doi origin="wiley" registered="yes">10.1002/9781394253289</doi>
                                 
            
            <isbn type="online-13">9781394253289</isbn>
                                 
            
            <isbn type="printCloth-13">9781394253258</isbn>
                                 
            
            <idGroup>
                                            
                
                <id type="product" value="C9781394253289"/>
                                         
            
            </idGroup>
                                 
            
            <titleGroup>
                                            
                
                <title sort="STEM CELL‐BASED REGENERATIVE MEDICINE IN CANINE PRACTICE" type="main">Stem Cell‐Based Regenerative Medicine in Canine Practice</title>
                                            
                
                <title type="tocForm">Stem Cell‐Based Regenerative Medicine in Canine Practice</title>
                                         
            
            </titleGroup>
                                 
            
            <copyright ownership="publisher">© 2025 John Wiley &amp; Sons Ltd.</copyright>
                                 
            
            <eventGroup>
                                            
                
                <event date="2025-09-04" type="publishedPrint"/>
                                         
            
            </eventGroup>
                                 
            
            <creators>
                                            
                
                <creator affiliationRef="#aff-0001" creatorRole="author" xml:id="cr-0001">
                                                       
                    
                    <personName>
                                                                  
                        
                        <givenNames>Mudasir Bashir</givenNames>
                                                                  
                        
                        <familyName>Gugjoo</familyName>
                                                               
                    
                    </personName>
                                                    
                
                </creator>
                                         
            
            </creators>
                                 
            
            <affiliationGroup>
                                            
                
                <affiliation countryCode="IN" type="organization" xml:id="aff-0001">
                                                       
                    
                    <orgDiv>Division of Veterinary Clinical Complex</orgDiv>
                                                       
                    
                    <orgName>Faculty of Veterinary Sciences &amp; Animal Husbandry</orgName>
                                                       
                    
                    <orgName>Sher‐e‐Kashmir University of Agricultural Sciences and Technology of Kashmir</orgName>
                                                       
                    
                    <address>
                                                                  
                        
                        <street>Shuhama, Alusteng</street>
                                                                  
                        
                        <city>Srinagar</city>
                                                                  
                        
                        <countryPart>Jammu and Kashmir</countryPart>
                                                                  
                        
                        <country>India</country>
                                                               
                    
                    </address>
                                                    
                
                </affiliation>
                                         
            
            </affiliationGroup>
                              
        
        </publicationMeta>
                      
        
        <publicationMeta level="unit" position="50" type="chapter">
                                 
            
            <doi origin="wiley" registered="yes">10.1002/9781394253289.ch4</doi>
                                 
            
            <idGroup>
                                            
                
                <id type="unit" value="ch4"/>
                                            
                
                <id type="file" value="ch4"/>
                                         
            
            </idGroup>
                                 
            
            <countGroup>
                                            
                
                <count number="47" type="pageTotal"/>
                                         
            
            </countGroup>
                                 
            
            <copyright ownership="publisher">© 2025 John Wiley &amp; Sons Ltd.</copyright>
                                 
            
            <eventGroup><event agent="SPi Global" date="2025-05-26" type="xmlCreated"/><event date="2025-05-30" type="publishedOnlineFinalForm"/><event date="2025-05-30" type="firstOnline"/><event type="xmlConverted" agent="Converter:WML3G_To_WML3G version:1.9.3 mode:Header,remove_FC" date="2025-05-30"/></eventGroup>
                                 
            
            <numberingGroup>
                                            
                
                <numbering type="main">4</numbering>
                                            
                
                <numbering type="pageFirst">149</numbering>
                                            
                
                <numbering type="pageLast">195</numbering>
                                         
            
            </numberingGroup>
                                 
            
            <linkGroup>
                                            
                
                <link href="file:ch4.pdf" type="toTypesetVersion"/>
                                         
            
            </linkGroup>
                              
        
        </publicationMeta>
                      
        
        <contentMeta>
                                 
            
            <countGroup>
                                            
                
                <count number="7" type="figureTotal"/>
                                            
                
                <count number="5" type="tableTotal"/>
                                            
                
                <count number="165" type="referenceTotal"/>
                                         
            
            </countGroup>
                                 
            
            <titleGroup>
                                            
                
                <title type="main">Muscle, Tendon, and Ligament Affections</title>
                                         
            
            </titleGroup>
                                 
            
            <keywordGroup type="author">
                                            
                
                <keyword xml:id="kwd-0001">Clinical musculoskeletal affections</keyword>
                                            
                
                <keyword xml:id="kwd-0002">Dogs</keyword>
                                            
                
                <keyword xml:id="kwd-0003">Ligament</keyword>
                                            
                
                <keyword xml:id="kwd-0004">Mesenchymal stem cells</keyword>
                                            
                
                <keyword xml:id="kwd-0005">Muscle</keyword>
                                            
                
                <keyword xml:id="kwd-0006">Tendinopathy</keyword>
                                            
                
                <keyword xml:id="kwd-0007">Duchenne's muscle dystrophy</keyword>
                                         
            
            </keywordGroup>
                                 
            
            <abstractGroup>
                                            
                
                <abstract type="main">
                                                       
                    
                    <title type="main">Summary</title>
                                                       
                    
                    <p>Musculoskeletal disorders present significant challenges to clinicians, as these disorders greatly reduce the quality of life (QoL) in affected individuals. Structures such as tendons, ligaments, and muscles are critical components of the musculoskeletal system, playing a fundamental role in locomotion and biomechanical function. Tendons and ligaments have limited healing capacities and require complete restoration to improve QoL and prevent the recurrence of injury. Although skeletal muscles possess relatively better regenerative potential, severe injuries or genetic conditions such as Duchenne's muscular dystrophy (DMD) present significant hurdles in functional muscle regeneration. Mesenchymal stem cells (MSCs) are emerging as a promising solution in regenerative therapy, given their ability to act as progenitor cells for tendons, ligaments and muscles. These cells have the ability to differentiate into tenocyte‐ and muscle‐like cells, and their pro‐healing secretome further enhances their therapeutic value. This chapter explores the challenges of musculoskeletal tissue healing in dogs, focusing on the properties of MSCs and their potential therapeutic effects.</p>
                                                    
                
                </abstract>
                                         
            
            </abstractGroup>
                              
        
        </contentMeta>
                   
    
    </header>
           
    
    
        

</component>