<?xml version="1.0" encoding="UTF-8"?><component xmlns="http://www.wiley.com/namespaces/wiley" xmlns:wiley="http://www.wiley.com/namespaces/wiley/wiley" type="bookChapter" version="2.0" xml:id="w9781394253258c5" xml:lang="en">
           
    
    <header>
                      
        
        <publicationMeta level="product">
                                 
            
            <publisherInfo>
                                            
                
                <publisherName>John Wiley &amp; Sons, Ltd</publisherName>
                                            
                
                <publisherLoc>Chichester, UK</publisherLoc>
                                         
            
            </publisherInfo>
                                 
            
            <doi origin="wiley" registered="yes">10.1002/9781394253289</doi>
                                 
            
            <isbn type="online-13">9781394253289</isbn>
                                 
            
            <isbn type="printCloth-13">9781394253258</isbn>
                                 
            
            <idGroup>
                                            
                
                <id type="product" value="C9781394253289"/>
                                         
            
            </idGroup>
                                 
            
            <titleGroup>
                                            
                
                <title sort="STEM CELL‐BASED REGENERATIVE MEDICINE IN CANINE PRACTICE" type="main">Stem Cell‐Based Regenerative Medicine in Canine Practice</title>
                                            
                
                <title type="tocForm">Stem Cell‐Based Regenerative Medicine in Canine Practice</title>
                                         
            
            </titleGroup>
                                 
            
            <copyright ownership="publisher">© 2025 John Wiley &amp; Sons Ltd.</copyright>
                                 
            
            <eventGroup>
                                            
                
                <event date="2025-09-04" type="publishedPrint"/>
                                         
            
            </eventGroup>
                                 
            
            <creators>
                                            
                
                <creator affiliationRef="#aff-0001" creatorRole="author" xml:id="cr-0001">
                                                       
                    
                    <personName>
                                                                  
                        
                        <givenNames>Mudasir Bashir</givenNames>
                                                                  
                        
                        <familyName>Gugjoo</familyName>
                                                               
                    
                    </personName>
                                                    
                
                </creator>
                                         
            
            </creators>
                                 
            
            <affiliationGroup>
                                            
                
                <affiliation countryCode="IN" type="organization" xml:id="aff-0001">
                                                       
                    
                    <orgDiv>Division of Veterinary Clinical Complex</orgDiv>
                                                       
                    
                    <orgName>Faculty of Veterinary Sciences &amp; Animal Husbandry</orgName>
                                                       
                    
                    <orgName>Sher‐e‐Kashmir University of Agricultural Sciences and Technology of Kashmir</orgName>
                                                       
                    
                    <address>
                                                                  
                        
                        <street>Shuhama, Alusteng</street>
                                                                  
                        
                        <city>Srinagar</city>
                                                                  
                        
                        <countryPart>Jammu and Kashmir</countryPart>
                                                                  
                        
                        <country>India</country>
                                                               
                    
                    </address>
                                                    
                
                </affiliation>
                                         
            
            </affiliationGroup>
                              
        
        </publicationMeta>
                      
        
        <publicationMeta level="unit" position="60" type="chapter">
                                 
            
            <doi origin="wiley" registered="yes">10.1002/9781394253289.ch5</doi>
                                 
            
            <idGroup>
                                            
                
                <id type="unit" value="ch5"/>
                                            
                
                <id type="file" value="ch5"/>
                                         
            
            </idGroup>
                                 
            
            <countGroup>
                                            
                
                <count number="28" type="pageTotal"/>
                                         
            
            </countGroup>
                                 
            
            <copyright ownership="publisher">© 2025 John Wiley &amp; Sons Ltd.</copyright>
                                 
            
            <eventGroup><event agent="SPi Global" date="2025-05-26" type="xmlCreated"/><event date="2025-05-30" type="publishedOnlineFinalForm"/><event date="2025-05-30" type="firstOnline"/><event type="xmlConverted" agent="Converter:WML3G_To_WML3G version:1.9.3 mode:Header,remove_FC" date="2025-05-30"/></eventGroup>
                                 
            
            <numberingGroup>
                                            
                
                <numbering type="main">5</numbering>
                                            
                
                <numbering type="pageFirst">197</numbering>
                                            
                
                <numbering type="pageLast">224</numbering>
                                         
            
            </numberingGroup>
                                 
            
            <linkGroup>
                                            
                
                <link href="file:ch5.pdf" type="toTypesetVersion"/>
                                         
            
            </linkGroup>
                              
        
        </publicationMeta>
                      
        
        <contentMeta>
                                 
            
            <countGroup>
                                            
                
                <count number="5" type="figureTotal"/>
                                            
                
                <count number="3" type="tableTotal"/>
                                            
                
                <count number="120" type="referenceTotal"/>
                                         
            
            </countGroup>
                                 
            
            <titleGroup>
                                            
                
                <title type="main">Peripheral Nerve Affections</title>
                                         
            
            </titleGroup>
                                 
            
            <keywordGroup type="author">
                                            
                
                <keyword xml:id="kwd-0001">Dogs</keyword>
                                            
                
                <keyword xml:id="kwd-0002">Facial nerve</keyword>
                                            
                
                <keyword xml:id="kwd-0003">Mesenchymal stem cells</keyword>
                                            
                
                <keyword xml:id="kwd-0004">Peripheral nerve injuries</keyword>
                                            
                
                <keyword xml:id="kwd-0005">Resection models</keyword>
                                            
                
                <keyword xml:id="kwd-0006">Sciatic nerve</keyword>
                                            
                
                <keyword xml:id="kwd-0007">Ulnar nerve</keyword>
                                         
            
            </keywordGroup>
                                 
            
            <abstractGroup>
                                            
                
                <abstract type="main">
                                                       
                    
                    <title type="main">Summary</title>
                                                       
                    
                    <p>Peripheral nerve affections significantly impact the quality of life (QoL), given their crucial functions and limited regenerative capacity. In dog clinics, these affections can arise from trauma or systemic affections. Traumatic nerve injuries are treated based on the severity of the damage, while systemic nerve conditions are typically incurable unless the underlying cause is addressed. Various grades of nerve injuries exist, each requiring a specific treatment approach. In cases of extensive damage, autografts or synthetic scaffolds are used, with the former grafts being the gold standard. However, due to limited availability, synthetic scaffolds are increasingly evaluated, though they often fall short of achieving the comparable outcome. To enhance recovery, mesenchymal stem cells (MSCs) are being incorporated into these scaffolds, leveraging their unique regenerative properties. The present chapter details peripheral nervous system (PNS)‐related injuries, their innate homeostatic mechanisms, and limitations of the current clinical techniques. Finally, MSCs properties and their therapeutic role in nerve tissue engineering is discussed in light of the available dog literature.</p>
                                                    
                
                </abstract>
                                         
            
            </abstractGroup>
                              
        
        </contentMeta>
                   
    
    </header>
           
    
    
        

</component>