<?xml version="1.0" encoding="UTF-8"?><component xmlns="http://www.wiley.com/namespaces/wiley" xmlns:wiley="http://www.wiley.com/namespaces/wiley/wiley" type="bookChapter" version="2.0" xml:id="w9781394253258c6" xml:lang="en">
           
    
    <header>
                      
        
        <publicationMeta level="product">
                                 
            
            <publisherInfo>
                                            
                
                <publisherName>John Wiley &amp; Sons, Ltd</publisherName>
                                            
                
                <publisherLoc>Chichester, UK</publisherLoc>
                                         
            
            </publisherInfo>
                                 
            
            <doi origin="wiley" registered="yes">10.1002/9781394253289</doi>
                                 
            
            <isbn type="online-13">9781394253289</isbn>
                                 
            
            <isbn type="printCloth-13">9781394253258</isbn>
                                 
            
            <idGroup>
                                            
                
                <id type="product" value="C9781394253289"/>
                                         
            
            </idGroup>
                                 
            
            <titleGroup>
                                            
                
                <title sort="STEM CELL‐BASED REGENERATIVE MEDICINE IN CANINE PRACTICE" type="main">Stem Cell‐Based Regenerative Medicine in Canine Practice</title>
                                            
                
                <title type="tocForm">Stem Cell‐Based Regenerative Medicine in Canine Practice</title>
                                         
            
            </titleGroup>
                                 
            
            <copyright ownership="publisher">© 2025 John Wiley &amp; Sons Ltd.</copyright>
                                 
            
            <eventGroup>
                                            
                
                <event date="2025-09-04" type="publishedPrint"/>
                                         
            
            </eventGroup>
                                 
            
            <creators>
                                            
                
                <creator affiliationRef="#aff-0001" creatorRole="author" xml:id="cr-0001">
                                                       
                    
                    <personName>
                                                                  
                        
                        <givenNames>Mudasir Bashir</givenNames>
                                                                  
                        
                        <familyName>Gugjoo</familyName>
                                                               
                    
                    </personName>
                                                    
                
                </creator>
                                         
            
            </creators>
                                 
            
            <affiliationGroup>
                                            
                
                <affiliation countryCode="IN" type="organization" xml:id="aff-0001">
                                                       
                    
                    <orgDiv>Division of Veterinary Clinical Complex</orgDiv>
                                                       
                    
                    <orgName>Faculty of Veterinary Sciences &amp; Animal Husbandry</orgName>
                                                       
                    
                    <orgName>Sher‐e‐Kashmir University of Agricultural Sciences and Technology of Kashmir</orgName>
                                                       
                    
                    <address>
                                                                  
                        
                        <street>Shuhama, Alusteng</street>
                                                                  
                        
                        <city>Srinagar</city>
                                                                  
                        
                        <countryPart>Jammu and Kashmir</countryPart>
                                                                  
                        
                        <country>India</country>
                                                               
                    
                    </address>
                                                    
                
                </affiliation>
                                         
            
            </affiliationGroup>
                              
        
        </publicationMeta>
                      
        
        <publicationMeta level="unit" position="70" type="chapter">
                                 
            
            <doi origin="wiley" registered="yes">10.1002/9781394253289.ch6</doi>
                                 
            
            <idGroup>
                                            
                
                <id type="unit" value="ch6"/>
                                            
                
                <id type="file" value="ch6"/>
                                         
            
            </idGroup>
                                 
            
            <countGroup>
                                            
                
                <count number="62" type="pageTotal"/>
                                         
            
            </countGroup>
                                 
            
            <copyright ownership="publisher">© 2025 John Wiley &amp; Sons Ltd.</copyright>
                                 
            
            <eventGroup><event agent="SPi Global" date="2025-05-26" type="xmlCreated"/><event date="2025-05-30" type="publishedOnlineFinalForm"/><event date="2025-05-30" type="firstOnline"/><event type="xmlConverted" agent="Converter:WML3G_To_WML3G version:1.9.3 mode:Header,remove_FC" date="2025-05-30"/></eventGroup>
                                 
            
            <numberingGroup>
                                            
                
                <numbering type="main">6</numbering>
                                            
                
                <numbering type="pageFirst">225</numbering>
                                            
                
                <numbering type="pageLast">286</numbering>
                                         
            
            </numberingGroup>
                                 
            
            <linkGroup>
                                            
                
                <link href="file:ch6.pdf" type="toTypesetVersion"/>
                                         
            
            </linkGroup>
                              
        
        </publicationMeta>
                      
        
        <contentMeta>
                                 
            
            <countGroup>
                                            
                
                <count number="5" type="figureTotal"/>
                                            
                
                <count number="5" type="tableTotal"/>
                                            
                
                <count number="188" type="referenceTotal"/>
                                         
            
            </countGroup>
                                 
            
            <titleGroup>
                                            
                
                <title type="main">Central Nervous System Affections</title>
                                         
            
            </titleGroup>
                                 
            
            <keywordGroup type="author">
                                            
                
                <keyword xml:id="kwd-0001">Brain</keyword>
                                            
                
                <keyword xml:id="kwd-0002">Dogs</keyword>
                                            
                
                <keyword xml:id="kwd-0003">Canine distemper</keyword>
                                            
                
                <keyword xml:id="kwd-0004">Mesenchymal stem cells</keyword>
                                            
                
                <keyword xml:id="kwd-0005">Spinal cord injury</keyword>
                                            
                
                <keyword xml:id="kwd-0006">Meningoencephalomyelitis of unknown origin</keyword>
                                         
            
            </keywordGroup>
                                 
            
            <abstractGroup>
                                            
                
                <abstract type="main">
                                                       
                    
                    <title type="main">Summary</title>
                                                       
                    
                    <p>
                                                The central nervous system (CNS), comprising the brain and spinal cord, serves as the primary regulatory center for peripheral and visceral organ functions. Due to its complexity, even minor disruptions in the CNS can lead to significant dysfunction in the body. Despite the presence of innate neural stem cells, the brain and spinal cord are among the body's least capable tissues when it comes to regeneration. To address this limitation, regenerative medicine using stem cells is being explored. Stem cells, known for their pro‐healing properties and ability to modulate the local microenvironment, are regarded as a promising therapeutic option. Currently, there is limited but promising evidence suggesting that stem cells, particularly mesenchymal stem cells (MSCs), may have a therapeutic role in CNS disorders. MSCs are being investigated in conditions like degenerative neuron diseases, such as canine distemper (CD), and inflammatory diseases like meningoencephalomyelitis of unknown origin (MUO), as well as in traumatic injuries like spinal cord damage. Although these studies show encouraging therapeutic potential of MSCs, there is still insufficient evidence to suggest they can fully restore function in affected animals. This chapter aims to explore the pro‐healing properties of 
                        
                        <i>ex vivo</i>
                                                 MSCs in relation to CNS disorders, along with 
                        
                        <i>in vivo</i>
                                                 experimental and clinical studies that demonstrate their actual therapeutic benefits.
                    
                    </p>
                                                    
                
                </abstract>
                                         
            
            </abstractGroup>
                              
        
        </contentMeta>
                   
    
    </header>
           
    
    
        

</component>