<?xml version="1.0" encoding="UTF-8"?><component xmlns="http://www.wiley.com/namespaces/wiley" xmlns:wiley="http://www.wiley.com/namespaces/wiley/wiley" type="bookChapter" version="2.0" xml:id="w9781394253258c7" xml:lang="en">
           
    
    <header>
                      
        
        <publicationMeta level="product">
                                 
            
            <publisherInfo>
                                            
                
                <publisherName>John Wiley &amp; Sons, Ltd</publisherName>
                                            
                
                <publisherLoc>Chichester, UK</publisherLoc>
                                         
            
            </publisherInfo>
                                 
            
            <doi origin="wiley" registered="yes">10.1002/9781394253289</doi>
                                 
            
            <isbn type="online-13">9781394253289</isbn>
                                 
            
            <isbn type="printCloth-13">9781394253258</isbn>
                                 
            
            <idGroup>
                                            
                
                <id type="product" value="C9781394253289"/>
                                         
            
            </idGroup>
                                 
            
            <titleGroup>
                                            
                
                <title sort="STEM CELL‐BASED REGENERATIVE MEDICINE IN CANINE PRACTICE" type="main">Stem Cell‐Based Regenerative Medicine in Canine Practice</title>
                                            
                
                <title type="tocForm">Stem Cell‐Based Regenerative Medicine in Canine Practice</title>
                                         
            
            </titleGroup>
                                 
            
            <copyright ownership="publisher">© 2025 John Wiley &amp; Sons Ltd.</copyright>
                                 
            
            <eventGroup>
                                            
                
                <event date="2025-09-04" type="publishedPrint"/>
                                         
            
            </eventGroup>
                                 
            
            <creators>
                                            
                
                <creator affiliationRef="#aff-0001" creatorRole="author" xml:id="cr-0001">
                                                       
                    
                    <personName>
                                                                  
                        
                        <givenNames>Mudasir Bashir</givenNames>
                                                                  
                        
                        <familyName>Gugjoo</familyName>
                                                               
                    
                    </personName>
                                                    
                
                </creator>
                                         
            
            </creators>
                                 
            
            <affiliationGroup>
                                            
                
                <affiliation countryCode="IN" type="organization" xml:id="aff-0001">
                                                       
                    
                    <orgDiv>Division of Veterinary Clinical Complex</orgDiv>
                                                       
                    
                    <orgName>Faculty of Veterinary Sciences &amp; Animal Husbandry</orgName>
                                                       
                    
                    <orgName>Sher‐e‐Kashmir University of Agricultural Sciences and Technology of Kashmir</orgName>
                                                       
                    
                    <address>
                                                                  
                        
                        <street>Shuhama, Alusteng</street>
                                                                  
                        
                        <city>Srinagar</city>
                                                                  
                        
                        <countryPart>Jammu and Kashmir</countryPart>
                                                                  
                        
                        <country>India</country>
                                                               
                    
                    </address>
                                                    
                
                </affiliation>
                                         
            
            </affiliationGroup>
                              
        
        </publicationMeta>
                      
        
        <publicationMeta level="unit" position="80" type="chapter">
                                 
            
            <doi origin="wiley" registered="yes">10.1002/9781394253289.ch7</doi>
                                 
            
            <idGroup>
                                            
                
                <id type="unit" value="ch7"/>
                                            
                
                <id type="file" value="ch7"/>
                                         
            
            </idGroup>
                                 
            
            <countGroup>
                                            
                
                <count number="53" type="pageTotal"/>
                                         
            
            </countGroup>
                                 
            
            <copyright ownership="publisher">© 2025 John Wiley &amp; Sons Ltd.</copyright>
                                 
            
            <eventGroup><event agent="SPi Global" date="2025-05-26" type="xmlCreated"/><event date="2025-05-30" type="publishedOnlineFinalForm"/><event date="2025-05-30" type="firstOnline"/><event type="xmlConverted" agent="Converter:WML3G_To_WML3G version:1.9.3 mode:Header,remove_FC" date="2025-05-30"/></eventGroup>
                                 
            
            <numberingGroup>
                                            
                
                <numbering type="main">7</numbering>
                                            
                
                <numbering type="pageFirst">287</numbering>
                                            
                
                <numbering type="pageLast">339</numbering>
                                         
            
            </numberingGroup>
                                 
            
            <linkGroup>
                                            
                
                <link href="file:ch7.pdf" type="toTypesetVersion"/>
                                         
            
            </linkGroup>
                              
        
        </publicationMeta>
                      
        
        <contentMeta>
                                 
            
            <countGroup>
                                            
                
                <count number="3" type="figureTotal"/>
                                            
                
                <count number="3" type="tableTotal"/>
                                            
                
                <count number="209" type="referenceTotal"/>
                                         
            
            </countGroup>
                                 
            
            <titleGroup>
                                            
                
                <title type="main">Myocardial and Valvular Diseases</title>
                                         
            
            </titleGroup>
                                 
            
            <keywordGroup type="author">
                                            
                
                <keyword xml:id="kwd-0001">Biological pacemaker</keyword>
                                            
                
                <keyword xml:id="kwd-0002">Dilatation cardiomyopathy</keyword>
                                            
                
                <keyword xml:id="kwd-0003">Myxomatous mitral valve disease</keyword>
                                            
                
                <keyword xml:id="kwd-0004">Mesenchymal stem cells</keyword>
                                         
            
            </keywordGroup>
                                 
            
            <abstractGroup>
                                            
                
                <abstract type="main">
                                                       
                    
                    <title type="main">Summary</title>
                                                       
                    
                    <p>Myocardial and valvular diseases are not uncommon in dogs. There are numerous cardiac ailments presented in canine clinical practice. The frequently observed myocardial affection is dilated cardiomyopathy, while the common valvular disorder is myxomatous mitral valve disease (MMVD). Most of the myocardial diseases are primarily managed through symptomatic treatment. Valvular diseases and sinoatrial node dysfunction require surgical intervention, which can be costly and requires highly specialized veterinary interventional cardiologists, typically found only in advanced medical centers. To address these conditions more economically and without requiring highly trained surgeons, advanced regenerative medicine techniques are being explored. One promising approach involves the use of stem cells, particularly mesenchymal stem cells (MSCs). The present available literature is still inconclusive; however, MSCs therapy shows potential, with some improvement observed in inflammatory conditions such as myocardial infarction (MI) and valvular diseases. This chapter discusses the cardiogenic properties of MSCs and their therapeutic potential in treating common cardiac conditions in dogs.</p>
                                                    
                
                </abstract>
                                         
            
            </abstractGroup>
                              
        
        </contentMeta>
                   
    
    </header>
           
    
    
        

</component>