<?xml version="1.0" encoding="UTF-8"?><component xmlns="http://www.wiley.com/namespaces/wiley" xmlns:wiley="http://www.wiley.com/namespaces/wiley/wiley" type="bookChapter" version="2.0" xml:id="w9781394253258c8" xml:lang="en">
           
    
    <header>
                      
        
        <publicationMeta level="product">
                                 
            
            <publisherInfo>
                                            
                
                <publisherName>John Wiley &amp; Sons, Ltd</publisherName>
                                            
                
                <publisherLoc>Chichester, UK</publisherLoc>
                                         
            
            </publisherInfo>
                                 
            
            <doi origin="wiley" registered="yes">10.1002/9781394253289</doi>
                                 
            
            <isbn type="online-13">9781394253289</isbn>
                                 
            
            <isbn type="printCloth-13">9781394253258</isbn>
                                 
            
            <idGroup>
                                            
                
                <id type="product" value="C9781394253289"/>
                                         
            
            </idGroup>
                                 
            
            <titleGroup>
                                            
                
                <title sort="STEM CELL‐BASED REGENERATIVE MEDICINE IN CANINE PRACTICE" type="main">Stem Cell‐Based Regenerative Medicine in Canine Practice</title>
                                            
                
                <title type="tocForm">Stem Cell‐Based Regenerative Medicine in Canine Practice</title>
                                         
            
            </titleGroup>
                                 
            
            <copyright ownership="publisher">© 2025 John Wiley &amp; Sons Ltd.</copyright>
                                 
            
            <eventGroup>
                                            
                
                <event date="2025-09-04" type="publishedPrint"/>
                                         
            
            </eventGroup>
                                 
            
            <creators>
                                            
                
                <creator affiliationRef="#aff-0001" creatorRole="author" xml:id="cr-0001">
                                                       
                    
                    <personName>
                                                                  
                        
                        <givenNames>Mudasir Bashir</givenNames>
                                                                  
                        
                        <familyName>Gugjoo</familyName>
                                                               
                    
                    </personName>
                                                    
                
                </creator>
                                         
            
            </creators>
                                 
            
            <affiliationGroup>
                                            
                
                <affiliation countryCode="IN" type="organization" xml:id="aff-0001">
                                                       
                    
                    <orgDiv>Division of Veterinary Clinical Complex</orgDiv>
                                                       
                    
                    <orgName>Faculty of Veterinary Sciences &amp; Animal Husbandry</orgName>
                                                       
                    
                    <orgName>Sher‐e‐Kashmir University of Agricultural Sciences and Technology of Kashmir</orgName>
                                                       
                    
                    <address>
                                                                  
                        
                        <street>Shuhama, Alusteng</street>
                                                                  
                        
                        <city>Srinagar</city>
                                                                  
                        
                        <countryPart>Jammu and Kashmir</countryPart>
                                                                  
                        
                        <country>India</country>
                                                               
                    
                    </address>
                                                    
                
                </affiliation>
                                         
            
            </affiliationGroup>
                              
        
        </publicationMeta>
                      
        
        <publicationMeta level="unit" position="90" type="chapter">
                                 
            
            <doi origin="wiley" registered="yes">10.1002/9781394253289.ch8</doi>
                                 
            
            <idGroup>
                                            
                
                <id type="unit" value="ch8"/>
                                            
                
                <id type="file" value="ch8"/>
                                         
            
            </idGroup>
                                 
            
            <countGroup>
                                            
                
                <count number="35" type="pageTotal"/>
                                         
            
            </countGroup>
                                 
            
            <copyright ownership="publisher">© 2025 John Wiley &amp; Sons Ltd.</copyright>
                                 
            
            <eventGroup><event agent="SPi Global" date="2025-05-26" type="xmlCreated"/><event date="2025-05-30" type="publishedOnlineFinalForm"/><event date="2025-05-30" type="firstOnline"/><event type="xmlConverted" agent="Converter:WML3G_To_WML3G version:1.9.3 mode:Header,remove_FC" date="2025-05-30"/></eventGroup>
                                 
            
            <numberingGroup>
                                            
                
                <numbering type="main">8</numbering>
                                            
                
                <numbering type="pageFirst">341</numbering>
                                            
                
                <numbering type="pageLast">375</numbering>
                                         
            
            </numberingGroup>
                                 
            
            <linkGroup>
                                            
                
                <link href="file:ch8.pdf" type="toTypesetVersion"/>
                                         
            
            </linkGroup>
                              
        
        </publicationMeta>
                      
        
        <contentMeta>
                                 
            
            <countGroup>
                                            
                
                <count number="3" type="figureTotal"/>
                                            
                
                <count number="5" type="tableTotal"/>
                                            
                
                <count number="109" type="referenceTotal"/>
                                         
            
            </countGroup>
                                 
            
            <titleGroup>
                                            
                
                <title type="main">Oral and Esophageal Affections</title>
                                         
            
            </titleGroup>
                                 
            
            <keywordGroup type="author">
                                            
                
                <keyword xml:id="kwd-0001">Dogs</keyword>
                                            
                
                <keyword xml:id="kwd-0002">Mesenchymal stem cells</keyword>
                                            
                
                <keyword xml:id="kwd-0003">Oral ulcers</keyword>
                                            
                
                <keyword xml:id="kwd-0004">Esophageal diseases</keyword>
                                            
                
                <keyword xml:id="kwd-0005">Periodontal diseases</keyword>
                                         
            
            </keywordGroup>
                                 
            
            <abstractGroup>
                                            
                
                <abstract type="main">
                                                       
                    
                    <title type="main">Summary</title>
                                                       
                    
                    <p>
                                                Numerous oral and esophageal conditions in pets require attention, particularly with the advent of advanced therapeutics. In a well‐developed society, animal health is appropriately prioritized. Because difficulties in eating and swallowing (dysphagia) cause significant suffering, early intervention is highly desired. In chronic cases, conservative treatments may prove ineffective. As a result, advanced therapeutics, such as stem cell therapy, particularly mesenchymal stem cells (MSCs), are being actively investigated. Although limited in number, studies have investigated the use of MSCs for these conditions with a promising outcome. To understand the role of stem cells in treating oral and esophageal disorders, this chapter reviews these conditions in dogs, highlights the limitations of current treatments, and finally explores the role of stem cells. The main emphasis remains on the available 
                        
                        <i>in vivo</i>
                                                 studies in dogs.
                    
                    </p>
                                                    
                
                </abstract>
                                         
            
            </abstractGroup>
                              
        
        </contentMeta>
                   
    
    </header>
           
    
    
        

</component>