<?xml version="1.0" encoding="utf-8"?><units xmlns="http://www.elsevier.com/xml/ani/ani" xmlns:xsi="http://www.w3.org/2001/XMLSchema-instance" xmlns:ce="http://www.elsevier.com/xml/ani/common" xsi:schemaLocation="http://www.elsevier.com/xml/ani/ani http://www.elsevier.com/xml/ani/ani515-input.xsd">
<unit type="BATCH">
<unit-info>
<unit-id>1</unit-id>
<order-id>1</order-id>
<parcel-id>none</parcel-id>
<supplier-id>5</supplier-id>
<timestamp>2025-08-08T17:14:51</timestamp>
</unit-info>
<unit-content>
<bibrecord>
<item-info>
<status state="new" stage="S300"/>
<itemidlist>
<ce:doi>10.1002/9781394245321</ce:doi>
<itemid idtype="TPB-ID">20252000321257</itemid>
</itemidlist>
</item-info>
<head>
<citation-info>
<citation-type code="bk"/>
<citation-language xml:lang="ENG"/>
<abstract-language xml:lang="ENG"/>
</citation-info>
<citation-title>
<titletext xml:lang="ENG" original="y">The Microprocessor: A Practical Introduction using the Arm® Cortex®-M0 Processor</titletext>
</citation-title>
<author-group seq="1">
<author seq="1">
<ce:initials>D.S.</ce:initials>
<ce:surname>Vasavada</ce:surname>
<ce:given-name>Darshak S.</ce:given-name>
</author>
<affiliation>
<organization>Robert Bosch Center for Cyber-Physical Systems</organization>
<organization>Indian Institute of Science</organization>
<city>Bangaluru</city>
<country iso-code="IND"/>
<ce:source-text>Robert Bosch Center for Cyber-Physical Systems, Indian Institute of Science, Bangaluru, India</ce:source-text>
</affiliation>
</author-group>
<author-group seq="2">
<author seq="2">
<ce:initials>S.K.</ce:initials>
<ce:surname>Sinha</ce:surname>
</author>
<affiliation>
<organization>Lab To Market Innovations Private Limited</organization>
<organization>FSID</organization>
<organization>IISc</organization>
<city>Bangaluru</city>
<country iso-code="IND"/>
<ce:source-text>Lab To Market Innovations Private Limited, FSID, IISc, Bangaluru, India</ce:source-text>
</affiliation>
</author-group>
<abstracts>
<abstract xml:lang="ENG" original="y">
<publishercopyright>© 2025 by John Wiley &amp; Sons Inc. All rights reserved.</publishercopyright>
<ce:para>Provides a comprehensive introduction to microprocessor architecture and programming concepts, using the Arm® Cortex®-M0 processor as an example The Microprocessor offers a supremely accessible and user-friendly introduction to microprocessor basics: instruction set, the exception model, system architecture and microcontroller programming. Explaining the working principles with simplified models, this first-level book builds the base for all onward courses at intermediate and advanced levels. Filled with exercises that can be executed on the free version of Keil® μVision® MDK without any hardware, the book explains the essential aspects of microprocessor architecture with simple programming examples in assembly and C. By blending conceptual knowledge with practical exercises, the book offers valuable insights that equip readers to engage with real-world applications in the fields of microprocessor architecture and embedded systems.</ce:para>
</abstract>
</abstracts>
<source type="book" country="USA">
<sourcetitle>The Microprocessor: A Practical Introduction using the Arm® Cortex®-M0 Processor</sourcetitle>
<sourcetitle-abbrev>The Microprocessor: A Practical Introduction using the Arm® Cortex®-M0 Processor</sourcetitle-abbrev>
<isbn type="print" length="13">9781394245307</isbn>
<isbn type="electronic" length="13">9781394245321</isbn>
<volisspag>
<page-information>
<pages>
<first-page>1</first-page>
<last-page>498</last-page>
</pages>
</page-information>
</volisspag>
<publicationyear first="2025"/>
<publicationdate>
<year>2025</year>
<month>01</month>
<day>01</day>
</publicationdate>
<website type="item">
<ce:e-address type="url">https://onlinelibrary.wiley.com/doi/book/10.1002/9781394245321</ce:e-address>
</website>
<publisher>
<publishername>Wiley</publishername>
</publisher>
</source>
<enhancement>
<classificationgroup>
<classifications type="ASJC">
<classification>
<classification-code>2200</classification-code>
</classification>
</classifications>
</classificationgroup>
</enhancement>
</head>
<tail>
<bibliography refcount="9">
<reference seq="1">
<ref-info>
<ref-authors>
<collaboration seq="1">
<ce:text>Cortex-M0 Devices Generic User Guide (DUI 0497A)</ce:text>
</collaboration>
</ref-authors>
<ref-text>The User Guide (UG) provides the list of Cortex-M0 features with a brief explanation on each. UG includes the complete instruction set, which would be useful in chapters 4–11 while writing programs in assembly language. UG also explains the exception model and details of the system peripherals SysTick and NVIC, which would help you go deeper into exception and interrupt handling, covered in chapters 10, 11 and 18. For most parts of this book, UG should provide a reasonably good first-level reference</ref-text>
</ref-info>
<ref-fulltext>Cortex-M0 Devices Generic User Guide (DUI 0497A): The User Guide (UG) provides the list of Cortex-M0 features with a brief explanation on each. UG includes the complete instruction set, which would be useful in chapters 4–11 while writing programs in assembly language. UG also explains the exception model and details of the system peripherals SysTick and NVIC, which would help you go deeper into exception and interrupt handling, covered in chapters 10, 11 and 18. For most parts of this book, UG should provide a reasonably good first-level reference.</ref-fulltext>
<ce:source-text>Cortex-M0 Devices Generic User Guide (DUI 0497A): The User Guide (UG) provides the list of Cortex-M0 features with a brief explanation on each. UG includes the complete instruction set, which would be useful in chapters 4–11 while writing programs in assembly language. UG also explains the exception model and details of the system peripherals SysTick and NVIC, which would help you go deeper into exception and interrupt handling, covered in chapters 10, 11 and 18. For most parts of this book, UG should provide a reasonably good first-level reference.</ce:source-text>
</reference>
<reference seq="2">
<ref-info>
<ref-authors>
<collaboration seq="1">
<ce:text>Cortex-M0 Technical Reference Manual (Revision: r0p0)</ce:text>
</collaboration>
</ref-authors>
<ref-text>The Technical Reference Manual (TRM) is a brief (∼70 pages!) yet comprehensive document that provides a summary of all the blocks of Cortex-M0. After providing a summary, TRM points to the respective section in the Armv6-M Architecture Reference Manual for more details</ref-text>
</ref-info>
<ref-fulltext>Cortex-M0 Technical Reference Manual (Revision: r0p0): The Technical Reference Manual (TRM) is a brief (∼70 pages!) yet comprehensive document that provides a summary of all the blocks of Cortex-M0. After providing a summary, TRM points to the respective section in the Armv6-M Architecture Reference Manual for more details.</ref-fulltext>
<ce:source-text>Cortex-M0 Technical Reference Manual (Revision: r0p0): The Technical Reference Manual (TRM) is a brief (∼70 pages!) yet comprehensive document that provides a summary of all the blocks of Cortex-M0. After providing a summary, TRM points to the respective section in the Armv6-M Architecture Reference Manual for more details.</ce:source-text>
</reference>
<reference seq="3">
<ref-info>
<ref-authors>
<collaboration seq="1">
<ce:text>Armv6-M Architecture Reference Manual (DDI 041C)</ce:text>
</collaboration>
</ref-authors>
<ref-text>Armv6-MArchitecture Reference Manual (Armv6-M ARM), is the ‘mother’ document for all the processors based on Armv6-M architecture, including Cortex-M0. It contains complete details about the architecture: registers, instruction set, memory model, exception model and details of system peripherals SysTick and NVIC. Armv6-M ARM contains two sections: Application-Level Architecture and System-Level Architecture. The “Application-Level Architecture” section describes registers, instruction set and memory model. There is a section on “Alphabetical list of ARMv6-M Thumb instructions”, which would be specifically useful in case you need to know every detail of an instruction. The section on “System-Level Architecture” describes exception handling, SysTick and NVIC</ref-text>
</ref-info>
<ref-fulltext>Armv6-M Architecture Reference Manual (DDI 041C): Armv6-MArchitecture Reference Manual (Armv6-M ARM), is the ‘mother’ document for all the processors based on Armv6-M architecture, including Cortex-M0. It contains complete details about the architecture: registers, instruction set, memory model, exception model and details of system peripherals SysTick and NVIC. Armv6-M ARM contains two sections: Application-Level Architecture and System-Level Architecture. The “Application-Level Architecture” section describes registers, instruction set and memory model. There is a section on “Alphabetical list of ARMv6-M Thumb instructions”, which would be specifically useful in case you need to know every detail of an instruction. The section on “System-Level Architecture” describes exception handling, SysTick and NVIC.</ref-fulltext>
<ce:source-text>Armv6-M Architecture Reference Manual (DDI 041C): Armv6-MArchitecture Reference Manual (Armv6-M ARM), is the ‘mother’ document for all the processors based on Armv6-M architecture, including Cortex-M0. It contains complete details about the architecture: registers, instruction set, memory model, exception model and details of system peripherals SysTick and NVIC. Armv6-M ARM contains two sections: Application-Level Architecture and System-Level Architecture. The “Application-Level Architecture” section describes registers, instruction set and memory model. There is a section on “Alphabetical list of ARMv6-M Thumb instructions”, which would be specifically useful in case you need to know every detail of an instruction. The section on “System-Level Architecture” describes exception handling, SysTick and NVIC.</ce:source-text>
</reference>
<reference seq="4">
<ref-info>
<ref-authors>
<collaboration seq="1">
<ce:text>Keil MDK Complete User’s Guide Selection</ce:text>
</collaboration>
</ref-authors>
<ref-text>This document is available through Books Window inside μVision Integrated Development Environment (IDE). It contains μVision User’s Guide, which describes the IDE in detail, including the user interface, project creation and build process, debugging interface and debugger features, and additional features like peripheral simulation, utilities and command-line reference</ref-text>
</ref-info>
<ref-fulltext>Keil MDK Complete User’s Guide Selection: This document is available through Books Window inside μVision Integrated Development Environment (IDE). It contains μVision User’s Guide, which describes the IDE in detail, including the user interface, project creation and build process, debugging interface and debugger features, and additional features like peripheral simulation, utilities and command-line reference.</ref-fulltext>
<ce:source-text>Keil MDK Complete User’s Guide Selection: This document is available through Books Window inside μVision Integrated Development Environment (IDE). It contains μVision User’s Guide, which describes the IDE in detail, including the user interface, project creation and build process, debugging interface and debugger features, and additional features like peripheral simulation, utilities and command-line reference.</ce:source-text>
</reference>
<reference seq="5">
<ref-info>
<ref-authors>
<collaboration seq="1">
<ce:text>Arm Compiler for Embedded Reference Guide (version 6.21)</ce:text>
</collaboration>
</ref-authors>
<ref-text>This document (∼1000 pages) contains the complete information about the Arm Compiler tool-chain. It includes armclang reference for the pre processor, compiler and integrated assembler, and for the linker. It also describes tools armlink reference fromelf to work with the object code binaries and armar to create compiler libraries. If you want to find out about the assembler directives, compiler optimization options or the scatter file details, this is the document to look up</ref-text>
</ref-info>
<ref-fulltext>Arm Compiler for Embedded Reference Guide (version 6.21): This document (∼1000 pages) contains the complete information about the Arm Compiler tool-chain. It includes armclang reference for the pre processor, compiler and integrated assembler, and for the linker. It also describes tools armlink reference fromelf to work with the object code binaries and armar to create compiler libraries. If you want to find out about the assembler directives, compiler optimization options or the scatter file details, this is the document to look up.</ref-fulltext>
<ce:source-text>Arm Compiler for Embedded Reference Guide (version 6.21): This document (∼1000 pages) contains the complete information about the Arm Compiler tool-chain. It includes armclang reference for the pre processor, compiler and integrated assembler, and for the linker. It also describes tools armlink reference fromelf to work with the object code binaries and armar to create compiler libraries. If you want to find out about the assembler directives, compiler optimization options or the scatter file details, this is the document to look up.</ce:source-text>
</reference>
<reference seq="6">
<ref-info>
<ref-authors>
<collaboration seq="1">
<ce:text>ISO/IEC 9899:1999 (C99) C programming language standard</ce:text>
</collaboration>
</ref-authors>
<ref-text>The C99 standard is a detailed document that specifies the C programming language. It contains formal grammar that defines C language in complete detail, including its keywords, data-types and various types of function statements. The standard also lists standard library functions for performing common tasks like input and output, math operations, and string manipulation. Additionally, it provides guidelines for structuring programs, including how to declare and use variables, write functions and organize code</ref-text>
</ref-info>
<ref-fulltext>ISO/IEC 9899:1999 (C99) C programming language standard: The C99 standard is a detailed document that specifies the C programming language. It contains formal grammar that defines C language in complete detail, including its keywords, data-types and various types of function statements. The standard also lists standard library functions for performing common tasks like input and output, math operations, and string manipulation. Additionally, it provides guidelines for structuring programs, including how to declare and use variables, write functions and organize code.</ref-fulltext>
<ce:source-text>ISO/IEC 9899:1999 (C99) C programming language standard: The C99 standard is a detailed document that specifies the C programming language. It contains formal grammar that defines C language in complete detail, including its keywords, data-types and various types of function statements. The standard also lists standard library functions for performing common tasks like input and output, math operations, and string manipulation. Additionally, it provides guidelines for structuring programs, including how to declare and use variables, write functions and organize code.</ce:source-text>
</reference>
<reference seq="7">
<ref-info>
<ref-authors>
<collaboration seq="1">
<ce:text>IEEE754 Standard for Floating-Point Arithmetic</ce:text>
</collaboration>
</ref-authors>
<ref-text>IEEE754 standard defines how floating-point numbers are represented and how operations such as addition, subtraction, multiplication, and division are performed on them. It defines single-precision (32-bit), double-precision (64-bit) and half-precision (16-bit) formats, and covers special cases like zero, infinities and Not-a-Number (NaN), along with the rules for rounding</ref-text>
</ref-info>
<ref-fulltext>IEEE754 Standard for Floating-Point Arithmetic: IEEE754 standard defines how floating-point numbers are represented and how operations such as addition, subtraction, multiplication, and division are performed on them. It defines single-precision (32-bit), double-precision (64-bit) and half-precision (16-bit) formats, and covers special cases like zero, infinities and Not-a-Number (NaN), along with the rules for rounding.</ref-fulltext>
<ce:source-text>IEEE754 Standard for Floating-Point Arithmetic: IEEE754 standard defines how floating-point numbers are represented and how operations such as addition, subtraction, multiplication, and division are performed on them. It defines single-precision (32-bit), double-precision (64-bit) and half-precision (16-bit) formats, and covers special cases like zero, infinities and Not-a-Number (NaN), along with the rules for rounding.</ce:source-text>
</reference>
<reference seq="8">
<ref-info>
<ref-authors>
<collaboration seq="1">
<ce:text>Procedure Call Standard for the Arm Architecture (ARM IHI 0042D)</ce:text>
</collaboration>
</ref-authors>
<ref-text>The Procedure Call Standard for the Arm Architecture (AAPCS) is a set of conventions that specifies how functions interact in Arm-based systems. It defines how arguments and return values are passed between functions, the register preservation rules (which registers are caller-saved and which are callee-saved), and the structure of the stack frame. By standardizing these details, AAPCS ensures that functions written in C or assembly and compiled by different toolchains can work together seamlessly</ref-text>
</ref-info>
<ref-fulltext>Procedure Call Standard for the Arm Architecture (ARM IHI 0042D): The Procedure Call Standard for the Arm Architecture (AAPCS) is a set of conventions that specifies how functions interact in Arm-based systems. It defines how arguments and return values are passed between functions, the register preservation rules (which registers are caller-saved and which are callee-saved), and the structure of the stack frame. By standardizing these details, AAPCS ensures that functions written in C or assembly and compiled by different toolchains can work together seamlessly.</ref-fulltext>
<ce:source-text>Procedure Call Standard for the Arm Architecture (ARM IHI 0042D): The Procedure Call Standard for the Arm Architecture (AAPCS) is a set of conventions that specifies how functions interact in Arm-based systems. It defines how arguments and return values are passed between functions, the register preservation rules (which registers are caller-saved and which are callee-saved), and the structure of the stack frame. By standardizing these details, AAPCS ensures that functions written in C or assembly and compiled by different toolchains can work together seamlessly.</ce:source-text>
</reference>
<reference seq="9">
<ref-info>
<ref-authors>
<collaboration seq="1">
<ce:text>AMBA 3 AHB-Lite Protocol 1.0 Specification</ce:text>
</collaboration>
</ref-authors>
<ref-text>AHB-Lite Protocol is the simplified version of the Advanced High performance Bus (AHB) used in ARM-based systems, designed for high-speed, high-bandwidth communication between system components like processors, memory, and peripherals in a microcontroller. This specification defines the protocol’s architecture, including the data transfer mechanisms, signal definitions and timing requirements. While the level of detail is well beyond the scope of this book, you might find the manual insightful in understanding exactly how the processor performs memory read and write operations</ref-text>
</ref-info>
<ref-fulltext>AMBA 3 AHB-Lite Protocol 1.0 Specification: AHB-Lite Protocol is the simplified version of the Advanced High performance Bus (AHB) used in ARM-based systems, designed for high-speed, high-bandwidth communication between system components like processors, memory, and peripherals in a microcontroller. This specification defines the protocol’s architecture, including the data transfer mechanisms, signal definitions and timing requirements. While the level of detail is well beyond the scope of this book, you might find the manual insightful in understanding exactly how the processor performs memory read and write operations</ref-fulltext>
<ce:source-text>AMBA 3 AHB-Lite Protocol 1.0 Specification: AHB-Lite Protocol is the simplified version of the Advanced High performance Bus (AHB) used in ARM-based systems, designed for high-speed, high-bandwidth communication between system components like processors, memory, and peripherals in a microcontroller. This specification defines the protocol’s architecture, including the data transfer mechanisms, signal definitions and timing requirements. While the level of detail is well beyond the scope of this book, you might find the manual insightful in understanding exactly how the processor performs memory read and write operations</ce:source-text>
</reference>
</bibliography>
</tail>
</bibrecord>
</unit-content>
</unit></units>