<?xml version="1.0" encoding="utf-8"?><units xmlns="http://www.elsevier.com/xml/ani/ani" xmlns:xsi="http://www.w3.org/2001/XMLSchema-instance" xmlns:ce="http://www.elsevier.com/xml/ani/common" xsi:schemaLocation="http://www.elsevier.com/xml/ani/ani http://www.elsevier.com/xml/ani/ani515-input.xsd">
<unit type="BATCH">
<unit-info>
<unit-id>1</unit-id>
<order-id>1</order-id>
<parcel-id>none</parcel-id>
<supplier-id>5</supplier-id>
<timestamp>2025-08-07T11:58:52</timestamp>
</unit-info>
<unit-content>
<bibrecord>
<item-info>
<status state="new" stage="S300"/>
<itemidlist>
<ce:doi>10.1515/9783110816631</ce:doi>
<itemid idtype="TPB-ID">20252000340425</itemid>
</itemidlist>
</item-info>
<head>
<citation-info>
<citation-type code="bk"/>
<citation-language xml:lang="ENG"/>
<abstract-language xml:lang="ENG"/>
<author-keywords>
<author-keyword>Strukturelle Linguistik</author-keyword>
</author-keywords>
</citation-info>
<citation-title>
<titletext xml:lang="ENG" original="y">Selected Papers in Structural Linguistics: Contributions to English and General Linguistics Written in the Years 1928–1978</titletext>
</citation-title>
<author-group seq="1">
<author seq="1">
<ce:initials>B.</ce:initials>
<ce:surname>Trnka</ce:surname>
<ce:given-name>Bohumil</ce:given-name>
</author>
<author seq="2">
<ce:initials>R.</ce:initials>
<ce:surname>Jakobson</ce:surname>
<ce:given-name>Roman</ce:given-name>
</author>
<author seq="3">
<ce:initials>V.</ce:initials>
<ce:surname>Fried</ce:surname>
<ce:given-name>Vilém</ce:given-name>
</author>
</author-group>
<abstracts>
<abstract xml:lang="ENG" original="y">
<publishercopyright>© Copyright 1982 by Walter de Gruyter &amp; Co., Berlin. All rights reserved.</publishercopyright>
</abstract>
</abstracts>
<source type="book" country="DEU">
<sourcetitle>Selected Papers in Structural Linguistics: Contributions to English and General Linguistics Written in the Years 1928–1978</sourcetitle>
<sourcetitle-abbrev>Selected Papers in Structural Linguistics: Contributions to Engl. and General Linguistics Writ. in the Years 1928–1978</sourcetitle-abbrev>
****<isbn type="print" length="10">90-279-3148-8</isbn>
<isbn type="print" length="13">9789027931481</isbn>
<isbn type="electronic" length="13">9783110816631</isbn>
<volisspag>
<page-information>
<pages>
<first-page>1</first-page>
<last-page>392</last-page>
</pages>
</page-information>
</volisspag>
<publicationyear first="2015"/>
<publicationdate>
<year>2015</year>
<month>01</month>
<day>01</day>
</publicationdate>
<website type="item">
<ce:e-address type="url">https://www.degruyterbrill.com/document/doi/10.1515/9783110816631/html</ce:e-address>
</website>
<publisher>
<publishername>De Gruyter</publishername>
</publisher>
</source>
<enhancement>
<classificationgroup>
<classifications type="ASJC">
<classification>
<classification-code>1200</classification-code>
<classification-code>3300</classification-code>
</classification>
</classifications>
</classificationgroup>
</enhancement>
</head>
<tail>
<bibliography refcount="60">
<reference seq="1">
<ref-info>
<ref-title>
<ref-titletext-english>The Prague School and Foreign Language Teaching</ref-titletext-english>
</ref-title>
<ref-authors>
<author seq="1">
<ce:initials>V.</ce:initials>
<ce:surname>Fried</ce:surname>
</author>
</ref-authors>
<ref-sourcetitle>Prague Studies in English</ref-sourcetitle>
<ref-publicationyear first="1965"/>
<volisspag>
<volume-issue-number>
<vol-first>11</vol-first>
</volume-issue-number>
<page-information>
<pages>
<first-page>15</first-page>
<last-page>32</last-page>
</pages>
</page-information>
</volisspag>
<ref-text>Universita Karlova</ref-text>
</ref-info>
<ref-fulltext>Fried, V. (1965). "The Prague School and Foreign Language Teaching". Prague Studies in English, Universita Karlova. 11:15-32.</ref-fulltext>
<ce:source-text>Fried, V. (1965). "The Prague School and Foreign Language Teaching". Prague Studies in English, Universita Karlova. 11:15-32.</ce:source-text>
</reference>
<reference seq="2">
<ref-info>
<ref-authors>
<author seq="1">
<ce:initials>V.</ce:initials>
<ce:surname>Fried</ce:surname>
</author>
</ref-authors>
<ref-sourcetitle>The Prague School of Linguistics and Language Teaching</ref-sourcetitle>
<ref-publicationyear first="1972"/>
<ref-text>London</ref-text>
</ref-info>
<ref-fulltext>Fried, V. ed., (1972). The Prague School of Linguistics and Language Teaching. London.</ref-fulltext>
<ce:source-text>Fried, V. ed., (1972). The Prague School of Linguistics and Language Teaching. London.</ce:source-text>
</reference>
<reference seq="3">
<ref-info>
<ref-title>
<ref-titletext-english>On the History of the 'Linguistic Circle of Prague' and the 'Prague School of Linguistics"</ref-titletext-english>
</ref-title>
<ref-authors>
<author seq="1">
<ce:initials>V.</ce:initials>
<ce:surname>Fried</ce:surname>
</author>
</ref-authors>
<ref-sourcetitle>Historiographia Linguistica</ref-sourcetitle>
<ref-publicationyear first="1978"/>
<volisspag>
<volume-issue-number>
<vol-first>5</vol-first>
</volume-issue-number>
<page-information>
<pages>
<first-page>289</first-page>
<last-page>304</last-page>
</pages>
</page-information>
</volisspag>
</ref-info>
<ref-fulltext>Fried, V. (1978). "On the History of the 'Linguistic Circle of Prague' and the 'Prague School of Linguistics" ". Historiographia Linguistica 5:289-304.</ref-fulltext>
<ce:source-text>Fried, V. (1978). "On the History of the 'Linguistic Circle of Prague' and the 'Prague School of Linguistics" ". Historiographia Linguistica 5:289-304.</ce:source-text>
</reference>
<reference seq="4">
<ref-info>
<ref-authors>
<author seq="1">
<ce:initials>B.</ce:initials>
<ce:surname>Havránek</ce:surname>
</author>
</ref-authors>
<ref-sourcetitle>Studie O spisovném Jazyce</ref-sourcetitle>
<ref-publicationyear first="1963"/>
<ref-text>[Studies in the Standard Language) Prague</ref-text>
</ref-info>
<ref-fulltext>Havránek, B. (1963). Studie o spisovném jazyce. [Studies in the Standard Language) Prague.</ref-fulltext>
<ce:source-text>Havránek, B. (1963). Studie o spisovném jazyce. [Studies in the Standard Language) Prague.</ce:source-text>
</reference>
<reference seq="5">
<ref-info>
<ref-title>
<ref-titletext-english>Remarques sur l'évolution phonologique de russe comparée à celle des autres langues slaves</ref-titletext-english>
</ref-title>
<ref-authors>
<author seq="1">
<ce:initials>R.</ce:initials>
<ce:surname>Jakobson</ce:surname>
</author>
</ref-authors>
<ref-sourcetitle>TCLP</ref-sourcetitle>
<ref-publicationyear first="1929"/>
<volisspag>
<page-information>
<pages>
<first-page>2</first-page>
</pages>
</page-information>
</volisspag>
</ref-info>
<ref-fulltext>Jakobson, R. (1929). "Remarques sur l'évolution phonologique de russe comparée à celle des autres langues slaves". TCLP 2.</ref-fulltext>
<ce:source-text>Jakobson, R. (1929). "Remarques sur l'évolution phonologique de russe comparée à celle des autres langues slaves". TCLP 2.</ce:source-text>
</reference>
<reference seq="6">
<ref-info>
<ref-authors>
<author seq="1">
<ce:initials>R.</ce:initials>
<ce:surname>Jakobson</ce:surname>
</author>
</ref-authors>
<ref-sourcetitle>Selected Writings</ref-sourcetitle>
<ref-publicationyear first="1971"/>
<volisspag>
<volume-issue-number>
<vol-first>4</vol-first>
</volume-issue-number>
</volisspag>
<ref-text>The Hague: Mouton</ref-text>
</ref-info>
<ref-fulltext>Jakobson, R. (1971, 1971, 1976). Selected Writings Vol 1, 2, 4. The Hague: Mouton.</ref-fulltext>
<ce:source-text>Jakobson, R. (1971, 1971, 1976). Selected Writings Vol 1, 2, 4. The Hague: Mouton.</ce:source-text>
</reference>
<reference seq="7">
<ref-info>
<ref-title>
<ref-titletext-english>Papers in General Linguistics</ref-titletext-english>
</ref-title>
<ref-authors>
<author seq="1">
<ce:initials>J.</ce:initials>
<ce:surname>Krámský</ce:surname>
</author>
</ref-authors>
<ref-sourcetitle>Janua Linguarum Minor</ref-sourcetitle>
<ref-publicationyear first="1976"/>
<volisspag>
<volume-issue-number>
<vol-first>209</vol-first>
</volume-issue-number>
</volisspag>
<ref-text>The Hague: Mouton</ref-text>
</ref-info>
<ref-fulltext>Krámský, J. (1976). Papers in General Linguistics. Janua Linguarum Minor, 209. The Hague: Mouton.</ref-fulltext>
<ce:source-text>Krámský, J. (1976). Papers in General Linguistics. Janua Linguarum Minor, 209. The Hague: Mouton.</ce:source-text>
</reference>
<reference seq="8">
<ref-info>
<ref-authors>
<author seq="1">
<ce:initials>J.</ce:initials>
<ce:surname>Lyons</ce:surname>
</author>
</ref-authors>
<ref-sourcetitle>Semantics</ref-sourcetitle>
<ref-publicationyear first="1977"/>
<volisspag>
<volume-issue-number>
<vol-first>2</vol-first>
</volume-issue-number>
</volisspag>
<ref-text>Cambridge</ref-text>
</ref-info>
<ref-fulltext>Lyons, J. (1977). Semantics Vol. 1, 2. Cambridge.</ref-fulltext>
<ce:source-text>Lyons, J. (1977). Semantics Vol. 1, 2. Cambridge.</ce:source-text>
</reference>
<reference seq="9">
<ref-info>
<ref-title>
<ref-titletext-english>"Die Persönlichkeit Josef Zubatýs</ref-titletext-english>
</ref-title>
<ref-authors>
<author seq="1">
<ce:initials>V.</ce:initials>
<ce:surname>Mathesius</ce:surname>
</author>
</ref-authors>
<ref-sourcetitle>Prager Rundschau</ref-sourcetitle>
<ref-publicationyear first="1931"/>
<volisspag>
<volume-issue-number>
<vol-first>1</vol-first>
</volume-issue-number>
<page-information>
<pages>
<first-page>239</first-page>
<last-page>247</last-page>
</pages>
</page-information>
</volisspag>
<ref-text>Reprinted in Sebeok (1966), 2: 78-86</ref-text>
</ref-info>
<ref-fulltext>Mathesius, V. (1931). "Die Persönlichkeit Josef Zubatýs". Prager Rundschau 1: 239-247. Reprinted in Sebeok (1966), 2: 78-86.</ref-fulltext>
<ce:source-text>Mathesius, V. (1931). "Die Persönlichkeit Josef Zubatýs". Prager Rundschau 1: 239-247. Reprinted in Sebeok (1966), 2: 78-86.</ce:source-text>
</reference>
<reference seq="10">
<ref-info>
<ref-title>
<ref-titletext-english>Deset let Pražského linguistického kroužku"</ref-titletext-english>
</ref-title>
<ref-authors>
<author seq="1">
<ce:initials>V.</ce:initials>
<ce:surname>Mathesius</ce:surname>
</author>
</ref-authors>
<ref-sourcetitle>Sas</ref-sourcetitle>
<ref-publicationyear first="1936"/>
<volisspag>
<volume-issue-number>
<vol-first>2</vol-first>
</volume-issue-number>
<page-information>
<pages>
<first-page>37</first-page>
<last-page>145</last-page>
</pages>
</page-information>
</volisspag>
<ref-text>English translation "Ten Years of the Prague Linguistic Circle" in Vachek (1966). Appendix 2: 137-151</ref-text>
</ref-info>
<ref-fulltext>Mathesius, V. (1936). "Deset let Pražského linguistického kroužku". SaS 2: 37-145. English translation "Ten Years of the Prague Linguistic Circle" in Vachek (1966). Appendix 2: 137-151.</ref-fulltext>
<ce:source-text>Mathesius, V. (1936). "Deset let Pražského linguistického kroužku". SaS 2: 37-145. English translation "Ten Years of the Prague Linguistic Circle" in Vachek (1966). Appendix 2: 137-151.</ce:source-text>
</reference>
<reference seq="11">
<ref-info>
<ref-authors>
<author seq="1">
<ce:initials>V.</ce:initials>
<ce:surname>Mathesius</ce:surname>
</author>
<author seq="2">
<ce:initials>O.</ce:initials>
<ce:surname>Horbatch</ce:surname>
</author>
<author seq="3">
<ce:initials>G.</ce:initials>
<ce:surname>Freidhof</ce:surname>
</author>
</ref-authors>
<ref-sourcetitle>Čeština a obecný Jazykozpyt</ref-sourcetitle>
<ref-publicationyear first="1947"/>
<volisspag>
<volume-issue-number>
<vol-first>22</vol-first>
</volume-issue-number>
</volisspag>
<ref-text>[Czech and General Linguistics] Prague. A shortened reprint was published in Frankfurt/M (1979) in Specimena Philologiae Slavicae</ref-text>
</ref-info>
<ref-fulltext>Mathesius, V. (1947). Čeština a obecný jazykozpyt. [Czech and General Linguistics] Prague. A shortened reprint was published in Frankfurt/M (1979) in Specimena Philologiae Slavicae, Bd. 22 (eds. O. Horbatch, G. Freidhof).</ref-fulltext>
<ce:source-text>Mathesius, V. (1947). Čeština a obecný jazykozpyt. [Czech and General Linguistics] Prague. A shortened reprint was published in Frankfurt/M (1979) in Specimena Philologiae Slavicae, Bd. 22 (eds. O. Horbatch, G. Freidhof).</ce:source-text>
</reference>
<reference seq="12">
<ref-info>
<ref-authors>
<author seq="1">
<ce:initials>V.</ce:initials>
<ce:surname>Mathesius</ce:surname>
</author>
<author seq="2">
<ce:initials>J.</ce:initials>
<ce:surname>Vachek</ce:surname>
</author>
</ref-authors>
<ref-sourcetitle>A Functional Analysis of Present-Day English on a General Linguistic Basis</ref-sourcetitle>
<ref-publicationyear first="1975"/>
<ref-text>Prague. Original Czech version: Obsahový rozbor současné angličtiny na základě obecně linguistickém. Prague, 1961</ref-text>
</ref-info>
<ref-fulltext>Mathesius, V. (1975). A Functional Analysis of Present-Day English on a General Linguistic Basis. Prague. Original Czech version: Obsahový rozbor současné angličtiny na základě obecně linguistickém. (J. Vachek, ed.) Prague, 1961.</ref-fulltext>
<ce:source-text>Mathesius, V. (1975). A Functional Analysis of Present-Day English on a General Linguistic Basis. Prague. Original Czech version: Obsahový rozbor současné angličtiny na základě obecně linguistickém. (J. Vachek, ed.) Prague, 1961.</ce:source-text>
</reference>
<reference seq="13">
<ref-info>
<ref-authors>
<author seq="1">
<ce:initials>J.</ce:initials>
<ce:surname>Mukařovský</ce:surname>
</author>
</ref-authors>
<ref-sourcetitle>Studie Z Estetiky</ref-sourcetitle>
<ref-publicationyear first="1966"/>
<ref-text>[Studies in Aesthetics).Prague</ref-text>
</ref-info>
<ref-fulltext>Mukařovský, J. (1966). Studie z estetiky. [Studies in Aesthetics). Prague.</ref-fulltext>
<ce:source-text>Mukařovský, J. (1966). Studie z estetiky. [Studies in Aesthetics). Prague.</ce:source-text>
</reference>
<reference seq="14">
<ref-info>
<ref-authors>
<author seq="1">
<ce:initials>J.</ce:initials>
<ce:surname>Mukařovský</ce:surname>
</author>
</ref-authors>
<ref-sourcetitle>Cestami Poetiky a Estetiky</ref-sourcetitle>
<ref-publicationyear first="1971"/>
<ref-text>Along the Paths of Poetics and Aesthetics]. Prague</ref-text>
</ref-info>
<ref-fulltext>Mukařovský, J. (1971). Cestami poetiky a estetiky. (Along the Paths of Poetics and Aesthetics]. Prague</ref-fulltext>
<ce:source-text>Mukařovský, J. (1971). Cestami poetiky a estetiky. (Along the Paths of Poetics and Aesthetics]. Prague</ce:source-text>
</reference>
<reference seq="15">
<ref-info>
<ref-title>
<ref-titletext-english>The Word and Verbal Art</ref-titletext-english>
</ref-title>
<ref-authors>
<author seq="1">
<ce:initials>J.</ce:initials>
<ce:surname>Mukařovský</ce:surname>
</author>
<author seq="2">
<ce:initials>R.</ce:initials>
<ce:surname>Wellek</ce:surname>
</author>
<author seq="3">
<ce:initials>J.</ce:initials>
<ce:surname>Burbank</ce:surname>
</author>
<author seq="4">
<ce:initials>P.</ce:initials>
<ce:surname>Steiner</ce:surname>
</author>
<author seq="5">
<ce:initials>J.</ce:initials>
<ce:surname>Burbank</ce:surname>
</author>
<author seq="6">
<ce:initials>P.</ce:initials>
<ce:surname>Steiner</ce:surname>
</author>
</ref-authors>
<ref-sourcetitle>New Haven. Structure, Sign and Function</ref-sourcetitle>
<ref-publicationyear first="1977"/>
<ref-text>New Haven</ref-text>
</ref-info>
<ref-fulltext>Mukařovský, J. (1977). The Word and Verbal Art. Foreword by R. Wellek. Transl. and ed. by J. Burbank and P. Steiner. New Haven. Structure, Sign and Function. Transl. and ed. by J. Burbank and P. Steiner, New Haven.</ref-fulltext>
<ce:source-text>Mukařovský, J. (1977). The Word and Verbal Art. Foreword by R. Wellek. Transl. and ed. by J. Burbank and P. Steiner. New Haven. Structure, Sign and Function. Transl. and ed. by J. Burbank and P. Steiner, New Haven.</ce:source-text>
</reference>
<reference seq="16">
<ref-info>
<ref-title>
<ref-titletext-english>"Soupis uveřejněných prací univ. profesora Dr. Bohumila Trnky" [Bibliography of Professor Tinka's Published Work</ref-titletext-english>
</ref-title>
<ref-authors>
<author seq="1">
<ce:initials>J.</ce:initials>
<ce:surname>Nosek</ce:surname>
</author>
</ref-authors>
<ref-sourcetitle>Prague Studies in English</ref-sourcetitle>
<ref-publicationyear first="1965"/>
<volisspag>
<volume-issue-number>
<vol-first>11</vol-first>
</volume-issue-number>
<page-information>
<pages>
<first-page>69</first-page>
<last-page>83</last-page>
</pages>
</page-information>
</volisspag>
<ref-text>Universita Karlova</ref-text>
</ref-info>
<ref-fulltext>Nosek, J. (1965 a). "Soupis uveřejněných prací univ. profesora Dr. Bohumila Trnky" [Bibliography of Professor Tinka's Published Work. Prague Studies in English, Universita Karlova. 11:69-83.</ref-fulltext>
<ce:source-text>Nosek, J. (1965 a). "Soupis uveřejněných prací univ. profesora Dr. Bohumila Trnky" [Bibliography of Professor Tinka's Published Work. Prague Studies in English, Universita Karlova. 11:69-83.</ce:source-text>
</reference>
<reference seq="17">
<ref-info>
<ref-title>
<ref-titletext-english>Bibliography of Professor Bohumil Trnka's Work Published in the Years 1965-1970</ref-titletext-english>
</ref-title>
<ref-authors>
<author seq="1">
<ce:initials>J.</ce:initials>
<ce:surname>Nosek</ce:surname>
</author>
</ref-authors>
<ref-sourcetitle>Prague Studies in English</ref-sourcetitle>
<ref-publicationyear first="1971"/>
<volisspag>
<volume-issue-number>
<vol-first>14</vol-first>
</volume-issue-number>
<page-information>
<pages>
<first-page>143</first-page>
<last-page>145</last-page>
</pages>
</page-information>
</volisspag>
<ref-text>Univerzita Karlova</ref-text>
</ref-info>
<ref-fulltext>Nosek, J. (1971 a). "Bibliography of Professor Bohumil Trnka's Work Published in the Years 1965-1970", Prague Studies in English, Univerzita Karlova. 14: 143-145.</ref-fulltext>
<ce:source-text>Nosek, J. (1971 a). "Bibliography of Professor Bohumil Trnka's Work Published in the Years 1965-1970", Prague Studies in English, Univerzita Karlova. 14: 143-145.</ce:source-text>
</reference>
<reference seq="18">
<ref-info>
<ref-authors>
<author seq="1">
<ce:initials>J.</ce:initials>
<ce:surname>Nosek</ce:surname>
</author>
</ref-authors>
<ref-sourcetitle>Bibliography of Professor Bohumil Traka's Work Published in the Years 1970-1975</ref-sourcetitle>
<ref-publicationyear first="1975"/>
<volisspag>
<volume-issue-number>
<vol-first>18</vol-first>
</volume-issue-number>
<page-information>
<pages>
<first-page>160</first-page>
<last-page>161</last-page>
</pages>
</page-information>
</volisspag>
</ref-info>
<ref-fulltext>Nosek, J. (1975 a). "Bibliography of Professor Bohumil Traka's Work Published in the Years 1970-1975" PP 18: 160-161.</ref-fulltext>
<ce:source-text>Nosek, J. (1975 a). "Bibliography of Professor Bohumil Traka's Work Published in the Years 1970-1975" PP 18: 160-161.</ce:source-text>
</reference>
<reference seq="19">
<ref-info>
<ref-authors>
<author seq="1">
<ce:initials>J.</ce:initials>
<ce:surname>Nosek</ce:surname>
</author>
</ref-authors>
<ref-sourcetitle>O vědeckém díle Univ. Prof. Dr. Bohumila Trnky</ref-sourcetitle>
<ref-publicationyear first="1965"/>
<volisspag>
<page-information>
<pages>
<first-page>6</first-page>
<last-page>9</last-page>
</pages>
</page-information>
</volisspag>
<ref-text>"The Scientific Work of Professor Bohumil Tinka"VIII. ročenka Kruhu moderních filologů při Československé akademii věd za rok 1964 [The 8th Annual Report of the Circle of Modern Philologists associated with the Czechoslovak Academy of Sciences for the Year 1964Prague</ref-text>
</ref-info>
<ref-fulltext>Nosek, J. (1965 b). "O vědeckém díle univ. prof. Dr. Bohumila Trnky" ["The Scientific Work of Professor Bohumil Tinka"]. VIII. ročenka Kruhu moderních filologů při Československé akademii věd za rok 1964 [The 8th Annual Report of the Circle of Modern Philologists associated with the Czechoslovak Academy of Sciences for the Year 1964]. Prague, p. 6-9.</ref-fulltext>
<ce:source-text>Nosek, J. (1965 b). "O vědeckém díle univ. prof. Dr. Bohumila Trnky" ["The Scientific Work of Professor Bohumil Tinka"]. VIII. ročenka Kruhu moderních filologů při Československé akademii věd za rok 1964 [The 8th Annual Report of the Circle of Modern Philologists associated with the Czechoslovak Academy of Sciences for the Year 1964]. Prague, p. 6-9.</ce:source-text>
</reference>
<reference seq="20">
<ref-info>
<ref-title>
<ref-titletext-english>Univ. Prof. Dr. Bohumil Taka, DrSc., pětasedmdesátiletý</ref-titletext-english>
</ref-title>
<ref-authors>
<author seq="1">
<ce:initials>J.</ce:initials>
<ce:surname>Nosek</ce:surname>
</author>
</ref-authors>
<ref-sourcetitle>CMF</ref-sourcetitle>
<ref-publicationyear first="1970"/>
<volisspag>
<volume-issue-number>
<vol-first>52</vol-first>
</volume-issue-number>
<page-information>
<pages>
<first-page>209</first-page>
<last-page>211</last-page>
</pages>
</page-information>
</volisspag>
<ref-text>[Professor Bohumil Traka's seventy-five years old)</ref-text>
</ref-info>
<ref-fulltext>Nosek, J. (1970). "Univ. Prof. Dr. Bohumil Taka, DrSc., pětasedmdesátiletý". [Professor Bohumil Traka's seventy-five years old). CMF 52: 209-11.</ref-fulltext>
<ce:source-text>Nosek, J. (1970). "Univ. Prof. Dr. Bohumil Taka, DrSc., pětasedmdesátiletý". [Professor Bohumil Traka's seventy-five years old). CMF 52: 209-11.</ce:source-text>
</reference>
<reference seq="21">
<ref-info>
<ref-authors>
<author seq="1">
<ce:initials>J.</ce:initials>
<ce:surname>Nosek</ce:surname>
</author>
</ref-authors>
<ref-sourcetitle>The Life and Work of Professor Bohumil Trnka (On the Occasion of His Seventy-Fifth Birthday)</ref-sourcetitle>
<ref-publicationyear first="1971"/>
<volisspag>
<volume-issue-number>
<vol-first>14</vol-first>
</volume-issue-number>
<page-information>
<pages>
<first-page>39</first-page>
<last-page>41</last-page>
</pages>
</page-information>
</volisspag>
</ref-info>
<ref-fulltext>Nosek, J. (1971 b). "The Life and Work of Professor Bohumil Trnka (On the Occasion of his Seventy-fifth Birthday)". PP 14: 39-41.</ref-fulltext>
<ce:source-text>Nosek, J. (1971 b). "The Life and Work of Professor Bohumil Trnka (On the Occasion of his Seventy-fifth Birthday)". PP 14: 39-41.</ce:source-text>
</reference>
<reference seq="22">
<ref-info>
<ref-title>
<ref-titletext-english>"Professor Trnka: Eightieth Birthday"</ref-titletext-english>
</ref-title>
<ref-authors>
<author seq="1">
<ce:initials>J.</ce:initials>
<ce:surname>Nosek</ce:surname>
</author>
</ref-authors>
<ref-sourcetitle>Prague Studies in English</ref-sourcetitle>
<ref-publicationyear first="1975"/>
<volisspag>
<volume-issue-number>
<vol-first>16</vol-first>
</volume-issue-number>
<page-information>
<pages>
<first-page>7</first-page>
<last-page>9</last-page>
</pages>
</page-information>
</volisspag>
<ref-text>Univerzita Karlova</ref-text>
</ref-info>
<ref-fulltext>Nosek, J. (1975 b). "Professor Trnka: Eightieth Birthday". Prague Studies in English, Univerzita Karlova. 16: 7-9.</ref-fulltext>
<ce:source-text>Nosek, J. (1975 b). "Professor Trnka: Eightieth Birthday". Prague Studies in English, Univerzita Karlova. 16: 7-9.</ce:source-text>
</reference>
<reference seq="23">
<ref-info>
<ref-authors>
<author seq="1">
<ce:initials>J.</ce:initials>
<ce:surname>Nosek</ce:surname>
</author>
</ref-authors>
<ref-sourcetitle>Professor Bohumil Trnka, Octogenarian</ref-sourcetitle>
<ref-publicationyear first="1975"/>
<volisspag>
<volume-issue-number>
<vol-first>18</vol-first>
</volume-issue-number>
<page-information>
<pages>
<first-page>159</first-page>
</pages>
</page-information>
</volisspag>
<ref-text>(c)</ref-text>
</ref-info>
<ref-fulltext>Nosek, J. (1975c). "Professor Bohumil Trnka, Octogenarian". PP. 18: 159.</ref-fulltext>
<ce:source-text>Nosek, J. (1975c). "Professor Bohumil Trnka, Octogenarian". PP. 18: 159.</ce:source-text>
</reference>
<reference seq="24">
<ref-info>
<ref-authors>
<author seq="1">
<ce:initials>J.</ce:initials>
<ce:surname>Nosek</ce:surname>
</author>
</ref-authors>
<ref-sourcetitle>A Supplement of the Bibliography of Professor Bohumil Trnka's Writings</ref-sourcetitle>
<ref-publicationyear first="1980"/>
<volisspag>
<volume-issue-number>
<vol-first>23</vol-first>
</volume-issue-number>
<page-information>
<pages>
<first-page>169</first-page>
</pages>
</page-information>
</volisspag>
<ref-text>(a)</ref-text>
</ref-info>
<ref-fulltext>Nosek, J. (1980a). "A Supplement of the Bibliography of Professor Bohumil Trnka's Writings". PP 23: 169.</ref-fulltext>
<ce:source-text>Nosek, J. (1980a). "A Supplement of the Bibliography of Professor Bohumil Trnka's Writings". PP 23: 169.</ce:source-text>
</reference>
<reference seq="25">
<ref-info>
<ref-authors>
<author seq="1">
<ce:initials>J.</ce:initials>
<ce:surname>Nosek</ce:surname>
</author>
</ref-authors>
<ref-sourcetitle>The Eighty-Fifth Birthday Anniversary of Professor Bohumil Trnka</ref-sourcetitle>
<ref-publicationyear first="1980"/>
<volisspag>
<volume-issue-number>
<vol-first>23</vol-first>
</volume-issue-number>
<page-information>
<pages>
<first-page>168</first-page>
</pages>
</page-information>
</volisspag>
<ref-text>(b</ref-text>
</ref-info>
<ref-fulltext>Nosek, J. (1980b). "The Eighty-fifth Birthday Anniversary of Professor Bohumil Trnka". PP. 23: 168.</ref-fulltext>
<ce:source-text>Nosek, J. (1980b). "The Eighty-fifth Birthday Anniversary of Professor Bohumil Trnka". PP. 23: 168.</ce:source-text>
</reference>
<reference seq="26">
<ref-info>
<ref-authors>
<author seq="1">
<ce:initials>S.</ce:initials>
<ce:surname>Potter</ce:surname>
</author>
</ref-authors>
<ref-sourcetitle>English Phrasal Verbs</ref-sourcetitle>
<ref-publicationyear first="1965"/>
<volisspag>
<volume-issue-number>
<vol-first>8</vol-first>
</volume-issue-number>
<page-information>
<pages>
<first-page>286</first-page>
<last-page>289</last-page>
</pages>
</page-information>
</volisspag>
</ref-info>
<ref-fulltext>Potter, S. (1965). "English Phrasal Verbs". PP 8:286-289.</ref-fulltext>
<ce:source-text>Potter, S. (1965). "English Phrasal Verbs". PP 8:286-289.</ce:source-text>
</reference>
<reference seq="27">
<ref-info>
<ref-authors>
<author seq="1">
<ce:initials>T.A.</ce:initials>
<ce:surname>Sebeok</ce:surname>
****<ce:given-name>Th. A.</ce:given-name>
</author>
</ref-authors>
<ref-sourcetitle>Portraits of Linguists</ref-sourcetitle>
<ref-publicationyear first="1966"/>
<volisspag>
<volume-issue-number>
<vol-first>2</vol-first>
</volume-issue-number>
</volisspag>
<ref-text>Bloomington, London</ref-text>
</ref-info>
<ref-fulltext>Sebeok, Th. A. ed., (1966). Portraits of Linguists, Vols. 1, 2. Bloomington, London.</ref-fulltext>
<ce:source-text>Sebeok, Th. A. ed., (1966). Portraits of Linguists, Vols. 1, 2. Bloomington, London.</ce:source-text>
</reference>
<reference seq="28">
<ref-info>
<ref-authors>
<author seq="1">
<ce:initials>V.</ce:initials>
<ce:surname>Skalička</ce:surname>
</author>
</ref-authors>
<ref-sourcetitle>Typologische Studien. Hg. P. Hartmann</ref-sourcetitle>
<ref-publicationyear first="1979"/>
<ref-text>Braunschweig/Wiesbaden</ref-text>
</ref-info>
<ref-fulltext>Skalička, V. (1979). Typologische Studien. Hg. P. Hartmann. Braunschweig/Wiesbaden.</ref-fulltext>
<ce:source-text>Skalička, V. (1979). Typologische Studien. Hg. P. Hartmann. Braunschweig/Wiesbaden.</ce:source-text>
</reference>
<reference seq="29">
<ref-info>
<ref-authors>
<author seq="1">
<ce:initials>B.</ce:initials>
<ce:surname>Trnka</ce:surname>
</author>
</ref-authors>
<ref-sourcetitle>Příspěvky K syntaktickému a frazeologickému vývoji Slovesa TO HAVE</ref-sourcetitle>
<ref-publicationyear first="1924"/>
<volisspag>
<volume-issue-number>
<vol-first>1</vol-first>
</volume-issue-number>
<page-information>
<pages>
<first-page>1</first-page>
<last-page>35</last-page>
</pages>
</page-information>
</volisspag>
<ref-text>Contributions to the Syntactic and Phraseological Development of the Verb to HAVE. Prague Studies in English, Universita Karlova</ref-text>
</ref-info>
<ref-fulltext>Trnka, B. (1924). "Příspěvky k syntaktickému a frazeologickému vývoji slovesa TO HAVE" [Contributions to the Syntactic and Phraseological Development of the Verb to HAVE. Prague Studies in English, Universita Karlova. 1:1-35,</ref-fulltext>
<ce:source-text>Trnka, B. (1924). "Příspěvky k syntaktickému a frazeologickému vývoji slovesa TO HAVE" [Contributions to the Syntactic and Phraseological Development of the Verb to HAVE. Prague Studies in English, Universita Karlova. 1:1-35,</ce:source-text>
</reference>
<reference seq="30">
<ref-info>
<ref-authors>
<author seq="1">
<ce:initials>B.</ce:initials>
<ce:surname>Trnka</ce:surname>
</author>
</ref-authors>
<ref-sourcetitle>Syntaktická Charakteristika Feci anglosaských památek básnických.</ref-sourcetitle>
<ref-publicationyear first="1925"/>
<volisspag>
<volume-issue-number>
<vol-first>1</vol-first>
</volume-issue-number>
<page-information>
<pages>
<first-page>2</first-page>
</pages>
</page-information>
</volisspag>
<ref-text>[Syntactic Characteristics of Anglosaxon Poetry]. Prague Studies in English, Universita Karlova</ref-text>
</ref-info>
<ref-fulltext>Trnka, B. (1925). Syntaktická charakteristika feci anglosaských památek básnických. [Syntactic Characteristics of Anglosaxon Poetry]. Prague Studies in English, Universita Karlova. 1, 2.</ref-fulltext>
<ce:source-text>Trnka, B. (1925). Syntaktická charakteristika feci anglosaských památek básnických. [Syntactic Characteristics of Anglosaxon Poetry]. Prague Studies in English, Universita Karlova. 1, 2.</ce:source-text>
</reference>
<reference seq="31">
<ref-info>
<ref-title>
<ref-titletext-english>Učebnice jazyka anglického pro střední školy I, II, III</ref-titletext-english>
</ref-title>
<ref-authors>
<author seq="1">
<ce:initials>B.</ce:initials>
<ce:surname>Trnka</ce:surname>
</author>
<author seq="2">
<ce:initials>S.</ce:initials>
<ce:surname>Potter</ce:surname>
</author>
</ref-authors>
<ref-sourcetitle>[Textbook of English for Secondary Schools</ref-sourcetitle>
<ref-publicationyear first="1926"/>
<ref-text>Prague</ref-text>
</ref-info>
<ref-fulltext>Trnka, B. (1926, 1927, 1928). Učebnice jazyka anglického pro střední školy I, II, III. [Textbook of English for Secondary Schools. Joint author_ S. Potter. Prague. (Several revised editions until 1939).</ref-fulltext>
<ce:source-text>Trnka, B. (1926, 1927, 1928). Učebnice jazyka anglického pro střední školy I, II, III. [Textbook of English for Secondary Schools. Joint author_ S. Potter. Prague. (Several revised editions until 1939).</ce:source-text>
</reference>
<reference seq="32">
<ref-info>
<ref-title>
<ref-titletext-english>Some Remarks on the Phonological Structure of English</ref-titletext-english>
</ref-title>
<ref-authors>
<author seq="1">
<ce:initials>B.</ce:initials>
<ce:surname>Trnka</ce:surname>
</author>
<author seq="2">
<ce:initials>J.</ce:initials>
<ce:surname>Janko</ce:surname>
</author>
</ref-authors>
<ref-sourcetitle>Xenia Pragensia</ref-sourcetitle>
<ref-publicationyear first="1929"/>
<ref-text>Festschrift für Prague</ref-text>
</ref-info>
<ref-fulltext>Trnka, B. (1929). "Some Remarks on the Phonological Structure of English". Xenia Pragensia (Festschrift für J. Janko). Prague.</ref-fulltext>
<ce:source-text>Trnka, B. (1929). "Some Remarks on the Phonological Structure of English". Xenia Pragensia (Festschrift für J. Janko). Prague.</ce:source-text>
</reference>
<reference seq="33">
<ref-info>
<ref-title>
<ref-titletext-english>On the Syntax of the English Verb from Caxton to Dryden</ref-titletext-english>
</ref-title>
<ref-authors>
<author seq="1">
<ce:initials>B.</ce:initials>
<ce:surname>Trnka</ce:surname>
</author>
<author seq="2">
<ce:initials>S.</ce:initials>
<ce:surname>Saito</ce:surname>
<ce:given-name>Shizuka</ce:given-name>
</author>
</ref-authors>
<ref-sourcetitle>TCLP</ref-sourcetitle>
<ref-publicationyear first="1930"/>
<volisspag>
<volume-issue-number>
<vol-first>3</vol-first>
</volume-issue-number>
</volisspag>
<ref-text>Kraus Reprint, Liechtenstein1974Japanese translation, edition and preface by Professor "Survey of the History of Verb Syntax"]. Tokyo, 1956</ref-text>
</ref-info>
<ref-fulltext>Trnka, B. (1930). On the Syntax of the English Verb from Caxton to Dryden. TCLP 3. Kraus Reprint, Liechtenstein, 1974. Japanese translation, edition and preface by Professor Shizuka Saito ["Survey of the History of Verb Syntax"]. Tokyo, 1956.</ref-fulltext>
<ce:source-text>Trnka, B. (1930). On the Syntax of the English Verb from Caxton to Dryden. TCLP 3. Kraus Reprint, Liechtenstein, 1974. Japanese translation, edition and preface by Professor Shizuka Saito ["Survey of the History of Verb Syntax"]. Tokyo, 1956.</ce:source-text>
</reference>
<reference seq="34">
<ref-info>
<ref-title>
<ref-titletext-english>Synchronie a diachronie v strukturním jazykozpytu</ref-titletext-english>
</ref-title>
<ref-authors>
<author seq="1">
<ce:initials>B.</ce:initials>
<ce:surname>Trnka</ce:surname>
</author>
</ref-authors>
<ref-sourcetitle>CMF</ref-sourcetitle>
<ref-publicationyear first="1933"/>
<volisspag>
<volume-issue-number>
<vol-first>20</vol-first>
</volume-issue-number>
<page-information>
<pages>
<first-page>62</first-page>
<last-page>66</last-page>
</pages>
</page-information>
</volisspag>
<ref-text>Synchrony and diachrony in Structural Linguistics</ref-text>
</ref-info>
<ref-fulltext>Trnka, B. (1933). "Synchronie a diachronie v strukturním jazykozpytu". [Synchrony and diachrony in Structural Linguistics.] CMF 20:62-66.</ref-fulltext>
<ce:source-text>Trnka, B. (1933). "Synchronie a diachronie v strukturním jazykozpytu". [Synchrony and diachrony in Structural Linguistics.] CMF 20:62-66.</ce:source-text>
</reference>
<reference seq="35">
<ref-info>
<ref-title>
<ref-titletext-english>A Phonological Analysis of Present-Day Standard English</ref-titletext-english>
</ref-title>
<ref-authors>
<author seq="1">
<ce:initials>B.</ce:initials>
<ce:surname>Trnka</ce:surname>
</author>
</ref-authors>
<ref-sourcetitle>Prague Studies in English</ref-sourcetitle>
<ref-publicationyear first="1935"/>
<volisspag>
<volume-issue-number>
<vol-first>1</vol-first>
</volume-issue-number>
<page-information>
<pages>
<first-page>5</first-page>
</pages>
</page-information>
</volisspag>
<ref-text>Universita Karlova</ref-text>
</ref-info>
<ref-fulltext>Trnka, B. (1935). A Phonological Analysis of Present-Day Standard English. Prague Studies in English, Universita Karlova. 1, 5.</ref-fulltext>
<ce:source-text>Trnka, B. (1935). A Phonological Analysis of Present-Day Standard English. Prague Studies in English, Universita Karlova. 1, 5.</ce:source-text>
</reference>
<reference seq="36">
<ref-info>
<ref-authors>
<author seq="1">
<ce:initials>T.</ce:initials>
<ce:surname>Kanegiyo</ce:surname>
</author>
<author seq="2">
<ce:initials>T.</ce:initials>
<ce:surname>Koizumi</ce:surname>
</author>
<collaboration seq="1">
<ce:text>Revised new edition</ce:text>
</collaboration>
</ref-authors>
<ref-publicationyear first="1966"/>
<ref-text>) Tokyo</ref-text>
</ref-info>
<ref-fulltext>Revised new edition (edited by T. Kanegiyo and T. Koizumi) Tokyo 1966.</ref-fulltext>
<ce:source-text>Revised new edition (edited by T. Kanegiyo and T. Koizumi) Tokyo 1966.</ce:source-text>
</reference>
<reference seq="37">
<ref-info>
<ref-title>
<ref-titletext-english>Pokus o vědeckou a praktickou reformu těsnopisu</ref-titletext-english>
</ref-title>
<ref-authors>
<author seq="1">
<ce:initials>B.</ce:initials>
<ce:surname>Trnka</ce:surname>
</author>
</ref-authors>
<ref-sourcetitle>For a Scientific and Practical Reform of Shorthand</ref-sourcetitle>
<ref-publicationyear first="1937"/>
<ref-text>Universita Karlova, Prague</ref-text>
</ref-info>
<ref-fulltext>Trnka, B. (1937 a). Pokus o vědeckou a praktickou reformu těsnopisu. For a Scientific and Practical Reform of Shorthand). Universita Karlova, Prague.</ref-fulltext>
<ce:source-text>Trnka, B. (1937 a). Pokus o vědeckou a praktickou reformu těsnopisu. For a Scientific and Practical Reform of Shorthand). Universita Karlova, Prague.</ce:source-text>
</reference>
<reference seq="38">
<ref-info>
<ref-title>
<ref-titletext-english>"Význam funčního jazykozpy tu pro vyučování moderních jazyků"</ref-titletext-english>
</ref-title>
<ref-authors>
<author seq="1">
<ce:initials>B.</ce:initials>
<ce:surname>Trnka</ce:surname>
</author>
</ref-authors>
<ref-sourcetitle>Sas</ref-sourcetitle>
<ref-publicationyear first="1937"/>
<volisspag>
<volume-issue-number>
<vol-first>3</vol-first>
</volume-issue-number>
<page-information>
<pages>
<first-page>236</first-page>
<last-page>241</last-page>
</pages>
</page-information>
</volisspag>
<ref-text>[The importance of Functional Linguistics for Modern Language Teaching)</ref-text>
</ref-info>
<ref-fulltext>Trnka, B. (1937 b). "Význam funčního jazykozpy tu pro vyučování moderních jazyků". [The importance of Functional Linguistics for Modern Language Teaching). SaS 3:236-241.</ref-fulltext>
<ce:source-text>Trnka, B. (1937 b). "Význam funčního jazykozpy tu pro vyučování moderních jazyků". [The importance of Functional Linguistics for Modern Language Teaching). SaS 3:236-241.</ce:source-text>
</reference>
<reference seq="39">
<ref-info>
<ref-title>
<ref-titletext-english>Učebnice dánštiny se slovnikem</ref-titletext-english>
</ref-title>
<ref-authors>
<author seq="1">
<ce:initials>B.</ce:initials>
<ce:surname>Trnka</ce:surname>
</author>
<author seq="2">
<ce:initials>M.</ce:initials>
<ce:surname>Lesná</ce:surname>
</author>
</ref-authors>
<ref-sourcetitle>Textbook of Danish with a Dictionary</ref-sourcetitle>
<ref-publicationyear first="1937"/>
<ref-text>Prague, 1948</ref-text>
</ref-info>
<ref-fulltext>Trnka, B. (1937 c). Učebnice dánštiny se slovnikem [Textbook of Danish with a Dictionary. Joint author M. Lesná. Prague. Revised Edition 1948.</ref-fulltext>
<ce:source-text>Trnka, B. (1937 c). Učebnice dánštiny se slovnikem [Textbook of Danish with a Dictionary. Joint author M. Lesná. Prague. Revised Edition 1948.</ce:source-text>
</reference>
<reference seq="40">
<ref-info>
<ref-authors>
<author seq="1">
<ce:initials>B.</ce:initials>
<ce:surname>Trnka</ce:surname>
</author>
<author seq="2">
<ce:initials>F.P.</ce:initials>
<ce:surname>Marchant</ce:surname>
</author>
</ref-authors>
<ref-sourcetitle>The English Visitor to Czechoslovakia</ref-sourcetitle>
<ref-publicationyear first="1937"/>
<ref-text>Prague</ref-text>
</ref-info>
<ref-fulltext>Trnka, B. (1937d). The English Visitor to Czechoslovakia. Joint author F.P. Marchant. Prague.</ref-fulltext>
<ce:source-text>Trnka, B. (1937d). The English Visitor to Czechoslovakia. Joint author F.P. Marchant. Prague.</ce:source-text>
</reference>
<reference seq="41">
<ref-info>
<ref-authors>
<author seq="1">
<ce:initials>B.</ce:initials>
<ce:surname>Trnka</ce:surname>
</author>
</ref-authors>
<ref-sourcetitle>Čech Mezi Angličany</ref-sourcetitle>
<ref-publicationyear first="1937"/>
<ref-text>Prague</ref-text>
</ref-info>
<ref-fulltext>Trnka, B. (1937e). Čech mezi Angličany. (The Czech among the English) (in English). Prague.</ref-fulltext>
<ce:source-text>Trnka, B. (1937e). Čech mezi Angličany. (The Czech among the English) (in English). Prague.</ce:source-text>
</reference>
<reference seq="42">
<ref-info>
<ref-authors>
<author seq="1">
<ce:initials>B.</ce:initials>
<ce:surname>Trnka</ce:surname>
</author>
<author seq="2">
<ce:initials>L.J.</ce:initials>
<ce:surname>Guittart</ce:surname>
</author>
</ref-authors>
<ref-sourcetitle>Učebnice holandštiny Se slovníkem</ref-sourcetitle>
<ref-publicationyear first="1939"/>
<ref-text>Prague</ref-text>
</ref-info>
<ref-fulltext>Trnka, B. 1939). Učebnice holandštiny se slovníkem. [Textbook of Dutch with a Dictionary). Joint author L.J. Guittart. Prague. Revised edition 1948.</ref-fulltext>
<ce:source-text>Trnka, B. 1939). Učebnice holandštiny se slovníkem. [Textbook of Dutch with a Dictionary). Joint author L.J. Guittart. Prague. Revised edition 1948.</ce:source-text>
</reference>
<reference seq="43">
<ref-info>
<ref-authors>
<author seq="1">
<ce:initials>B.</ce:initials>
<ce:surname>Trnka</ce:surname>
</author>
</ref-authors>
<ref-sourcetitle>Obecné otázky strukturálního Jazykozpytu</ref-sourcetitle>
<ref-publicationyear first="1943"/>
<volisspag>
<page-information>
<pages>
<first-page>32</first-page>
</pages>
</page-information>
</volisspag>
<ref-text>General Problems of Structural Linguistics</ref-text>
</ref-info>
<ref-fulltext>Trnka, B. (1943). "Obecné otázky strukturálního jazykozpytu". [General Problems of Structural Linguistics.] English translation in this volume in Section 1, p. 32.</ref-fulltext>
<ce:source-text>Trnka, B. (1943). "Obecné otázky strukturálního jazykozpytu". [General Problems of Structural Linguistics.] English translation in this volume in Section 1, p. 32.</ce:source-text>
</reference>
<reference seq="44">
<ref-info>
<ref-authors>
<author seq="1">
<ce:initials>B.</ce:initials>
<ce:surname>Trnka</ce:surname>
</author>
</ref-authors>
<ref-sourcetitle>"Peut-On Poser Une définition Universellement Valable Des Domaines Respectifs De La Morphologie Et De La Syntaxe?" Rapports Sur Les Questions théoretiques Et Practiques Mises à L'ordre Du Jour Sixième congrès International Des Linguistes</ref-sourcetitle>
<ref-publicationyear first="1948"/>
<volisspag>
<page-information>
<pages>
<first-page>19</first-page>
<last-page>24</last-page>
</pages>
</page-information>
</volisspag>
<ref-text>Paris</ref-text>
</ref-info>
<ref-fulltext>Trnka, B. (1948). "Peut-on poser une définition universellement valable des domaines respectifs de la morphologie et de la syntaxe?" Rapports sur les questions théoretiques et practiques mises à l'ordre du jour Sixième congrès international des linguistes. Paris, p. 19-24.</ref-fulltext>
<ce:source-text>Trnka, B. (1948). "Peut-on poser une définition universellement valable des domaines respectifs de la morphologie et de la syntaxe?" Rapports sur les questions théoretiques et practiques mises à l'ordre du jour Sixième congrès international des linguistes. Paris, p. 19-24.</ce:source-text>
</reference>
<reference seq="45">
<ref-info>
<ref-title>
<ref-titletext-english>A Tentative Bibliography</ref-titletext-english>
</ref-title>
<ref-authors>
<author seq="1">
<ce:initials>B.</ce:initials>
<ce:surname>Trnka</ce:surname>
</author>
<author seq="2">
<ce:initials>M.</ce:initials>
<ce:surname>Cohen</ce:surname>
<ce:given-name>Marcel</ce:given-name>
</author>
</ref-authors>
<ref-sourcetitle>Publication of the Committee of Linguistic Statistics, International Permanent Committee of Linguists</ref-sourcetitle>
<ref-publicationyear first="1950"/>
<ref-text>Utrecht-Brussels</ref-text>
</ref-info>
<ref-fulltext>Trnka, B. (1950). A Tentative Bibliography. (With an introduction by Marcel Cohen). Publication of the Committee of Linguistic Statistics, International Permanent Committee of Linguists. Utrecht-Brussels.</ref-fulltext>
<ce:source-text>Trnka, B. (1950). A Tentative Bibliography. (With an introduction by Marcel Cohen). Publication of the Committee of Linguistic Statistics, International Permanent Committee of Linguists. Utrecht-Brussels.</ce:source-text>
</reference>
<reference seq="46">
<ref-info>
<ref-title>
<ref-titletext-english>Učebnice žvéditiny</ref-titletext-english>
</ref-title>
<ref-authors>
<author seq="1">
<ce:initials>B.</ce:initials>
<ce:surname>Trnka</ce:surname>
</author>
</ref-authors>
<ref-sourcetitle>A Textbook of Swedish</ref-sourcetitle>
<ref-publicationyear first="1953"/>
<ref-text>Prague</ref-text>
</ref-info>
<ref-fulltext>Trnka, B. (1953 a). Učebnice žvéditiny. A Textbook of Swedish.] (mimeographed). Prague.</ref-fulltext>
<ce:source-text>Trnka, B. (1953 a). Učebnice žvéditiny. A Textbook of Swedish.] (mimeographed). Prague.</ce:source-text>
</reference>
<reference seq="47">
<ref-info>
<ref-authors>
<author seq="1">
<ce:initials>B.</ce:initials>
<ce:surname>Trnka</ce:surname>
</author>
</ref-authors>
<ref-sourcetitle>Rozbor nynějši spisovné angličtiny. I. Rozbor fonologický.</ref-sourcetitle>
<ref-publicationyear first="1970"/>
<ref-text>[Analysis of Present-Day Standard English, I. Phonological Analysis) (mimeo-graphed). Prague</ref-text>
</ref-info>
<ref-fulltext>Trnka, B. ('1953 b, 1970). Rozbor nynějši spisovné angličtiny. I. Rozbor fonologický. [Analysis of Present-Day Standard English, I. Phonological Analysis) (mimeo-graphed). Prague.</ref-fulltext>
<ce:source-text>Trnka, B. ('1953 b, 1970). Rozbor nynějši spisovné angličtiny. I. Rozbor fonologický. [Analysis of Present-Day Standard English, I. Phonological Analysis) (mimeo-graphed). Prague.</ce:source-text>
</reference>
<reference seq="48">
<ref-info>
<ref-title>
<ref-titletext-english>Rozbor nynější spisovné angličtiny, II. morfologie slovních druhu (částí řečij a tvořeni slow</ref-titletext-english>
</ref-title>
<ref-authors>
<author seq="1">
<ce:initials>B.</ce:initials>
<ce:surname>Trnka</ce:surname>
</author>
</ref-authors>
<ref-sourcetitle>[Analysis of Present-Day Standard English, II. Morphology of the Parts of Speech and Wordformation. (Mimeographed)</ref-sourcetitle>
<ref-publicationyear first="1954"/>
<ref-text>Prague</ref-text>
</ref-info>
<ref-fulltext>Trnka, B. ('1954, 1972 revised). Rozbor nynější spisovné angličtiny, II. morfologie slovních druhu (částí řečij a tvořeni slow. [Analysis of Present-Day Standard English, II. Morphology of the Parts of Speech and Wordformation. (mimeographed). Prague.</ref-fulltext>
<ce:source-text>Trnka, B. ('1954, 1972 revised). Rozbor nynější spisovné angličtiny, II. morfologie slovních druhu (částí řečij a tvořeni slow. [Analysis of Present-Day Standard English, II. Morphology of the Parts of Speech and Wordformation. (mimeographed). Prague.</ce:source-text>
</reference>
<reference seq="49">
<ref-info>
<ref-authors>
<author seq="1">
<ce:initials>B.</ce:initials>
<ce:surname>Trnka</ce:surname>
</author>
</ref-authors>
<ref-sourcetitle>Rozbor nynější spisovné angličtiny III. Syntaxe jména a jmenných tvarů slovesných.</ref-sourcetitle>
<ref-publicationyear first="1956"/>
<ref-text>[Analysis of Present-Day English, 3. Syntax of the Noun and of the Nominal Verb Forms.](mimeographed). Prague</ref-text>
</ref-info>
<ref-fulltext>Trnka, B. (1956). Rozbor nynější spisovné angličtiny III. Syntaxe jména a jmenných tvarů slovesných. [Analysis of Present-Day English, 3. Syntax of the Noun and of the Nominal Verb Forms.] (mimeographed). Prague.</ref-fulltext>
<ce:source-text>Trnka, B. (1956). Rozbor nynější spisovné angličtiny III. Syntaxe jména a jmenných tvarů slovesných. [Analysis of Present-Day English, 3. Syntax of the Noun and of the Nominal Verb Forms.] (mimeographed). Prague.</ce:source-text>
</reference>
<reference seq="50">
<ref-info>
<ref-authors>
<author seq="1">
<ce:initials>B.</ce:initials>
<ce:surname>Trnka</ce:surname>
</author>
</ref-authors>
<ref-sourcetitle>Prague Structural Linguistics</ref-sourcetitle>
<ref-publicationyear first="1958"/>
<volisspag>
<page-information>
<pages>
<first-page>70</first-page>
</pages>
</page-information>
</volisspag>
<ref-text>Reprinted in this volume in. Section 1</ref-text>
</ref-info>
<ref-fulltext>Trnka, B. et al. (1958 a). "Prague Structural Linguistics". Reprinted in this volume in. Section 1, p. 70.</ref-fulltext>
<ce:source-text>Trnka, B. et al. (1958 a). "Prague Structural Linguistics". Reprinted in this volume in. Section 1, p. 70.</ce:source-text>
</reference>
<reference seq="51">
<ref-info>
<ref-authors>
<author seq="1">
<ce:initials>B.</ce:initials>
<ce:surname>Trnka</ce:surname>
</author>
</ref-authors>
<ref-sourcetitle>Učebnice spisovné norštiny (bokmål) a úvod Do nové norštiny</ref-sourcetitle>
<ref-publicationyear first="1958"/>
<ref-text>[Textbook of Standard Norwegian (Bokmål), An Introduction to Modern Norwegian) (mimeographed) Prague</ref-text>
</ref-info>
<ref-fulltext>Trnka, B. (1958 b). Učebnice spisovné norštiny (bokmål) a úvod do nové norštiny. [Textbook of Standard Norwegian (Bokmål), An Introduction to Modern Norwegian) (mimeographed). Prague.</ref-fulltext>
<ce:source-text>Trnka, B. (1958 b). Učebnice spisovné norštiny (bokmål) a úvod do nové norštiny. [Textbook of Standard Norwegian (Bokmål), An Introduction to Modern Norwegian) (mimeographed). Prague.</ce:source-text>
</reference>
<reference seq="52">
<ref-info>
<ref-title>
<ref-titletext-english>Reply to a question</ref-titletext-english>
</ref-title>
<ref-authors>
<author seq="1">
<ce:initials>B.</ce:initials>
<ce:surname>Trnka</ce:surname>
</author>
</ref-authors>
<ref-sourcetitle>Zeichen Und System Der Sprache</ref-sourcetitle>
<ref-publicationyear first="1961"/>
<volisspag>
<volume-issue-number>
<vol-first>1</vol-first>
</volume-issue-number>
<page-information>
<pages>
<first-page>142</first-page>
<last-page>145</last-page>
</pages>
</page-information>
</volisspag>
<ref-text>Berlin</ref-text>
</ref-info>
<ref-fulltext>Trnka, B. (1961). "Reply to a question". Zeichen und System der Sprache Vol. 1., Berlin (GDR), 142-145.</ref-fulltext>
<ce:source-text>Trnka, B. (1961). "Reply to a question". Zeichen und System der Sprache Vol. 1., Berlin (GDR), 142-145.</ce:source-text>
</reference>
<reference seq="53">
<ref-info>
<ref-authors>
<author seq="1">
<ce:initials>B.</ce:initials>
<ce:surname>Trnka</ce:surname>
</author>
</ref-authors>
<ref-sourcetitle>On the Linguistic Sign and the Multilevel Organisation of Language</ref-sourcetitle>
<ref-publicationyear first="1964"/>
<volisspag>
<page-information>
<pages>
<first-page>86</first-page>
</pages>
</page-information>
</volisspag>
<ref-text>Reprinted in this volume in Section 1</ref-text>
</ref-info>
<ref-fulltext>Trnka, B. (1964). "On the Linguistic Sign and the Multilevel Organisation of Language". Reprinted in this volume in Section 1, p. 86.</ref-fulltext>
<ce:source-text>Trnka, B. (1964). "On the Linguistic Sign and the Multilevel Organisation of Language". Reprinted in this volume in Section 1, p. 86.</ce:source-text>
</reference>
<reference seq="54">
<ref-info>
<ref-authors>
<author seq="1">
<ce:initials>B.</ce:initials>
<ce:surname>Trnka</ce:surname>
</author>
</ref-authors>
<ref-sourcetitle>"Děkovný Projev přednesený 2. června 1965".</ref-sourcetitle>
<ref-publicationyear first="1965"/>
<volisspag>
<page-information>
<pages>
<first-page>10</first-page>
<last-page>11</last-page>
</pages>
</page-information>
</volisspag>
<ref-text>[A Vote of Thanks. Proposed on June 2, 1965). VIII. ročenka Kruhu moderních filologů při Československé akademii věd za rok 1964. (8th Annual Report of the Circle of Modern Philologists associated with the Czechoslovak Academy of Sciences for 1964Prague</ref-text>
</ref-info>
<ref-fulltext>Trnka, B. (1965). "Děkovný projev přednesený 2. června 1965". [A Vote of Thanks. Proposed on June 2, 1965). VIII. ročenka Kruhu moderních filologů při Československé akademii věd za rok 1964. (8th Annual Report of the Circle of Modern Philologists associated with the Czechoslovak Academy of Sciences for 1964. Prague, p. 10-11.</ref-fulltext>
<ce:source-text>Trnka, B. (1965). "Děkovný projev přednesený 2. června 1965". [A Vote of Thanks. Proposed on June 2, 1965). VIII. ročenka Kruhu moderních filologů při Československé akademii věd za rok 1964. (8th Annual Report of the Circle of Modern Philologists associated with the Czechoslovak Academy of Sciences for 1964. Prague, p. 10-11.</ce:source-text>
</reference>
<reference seq="55">
<ref-info>
<ref-title>
<ref-titletext-english>Hjelmslevova teorie jazykové analýzy</ref-titletext-english>
</ref-title>
<ref-authors>
<author seq="1">
<ce:initials>B.</ce:initials>
<ce:surname>Trnka</ce:surname>
</author>
</ref-authors>
<ref-sourcetitle>CMF</ref-sourcetitle>
<ref-publicationyear first="1967"/>
<volisspag>
<volume-issue-number>
<vol-first>49</vol-first>
</volume-issue-number>
<page-information>
<pages>
<first-page>24</first-page>
<last-page>29</last-page>
</pages>
</page-information>
</volisspag>
<ref-text>[Hjelmslev's Theory of Language Analysis)</ref-text>
</ref-info>
<ref-fulltext>Trnka, B. (1967). "Hjelmslevova teorie jazykové analýzy". [Hjelmslev's Theory of Language Analysis) CMF 49: 24-29.</ref-fulltext>
<ce:source-text>Trnka, B. (1967). "Hjelmslevova teorie jazykové analýzy". [Hjelmslev's Theory of Language Analysis) CMF 49: 24-29.</ce:source-text>
</reference>
<reference seq="56">
<ref-info>
<ref-authors>
<author seq="1">
<ce:initials>J.</ce:initials>
<ce:surname>Vachek</ce:surname>
</author>
</ref-authors>
<ref-sourcetitle>A Prague School Reader in Linguistics</ref-sourcetitle>
<ref-publicationyear first="1964"/>
<ref-text>Bloomington</ref-text>
</ref-info>
<ref-fulltext>Vachek, J. ed., (1964). A Prague School Reader in Linguistics. Bloomington.</ref-fulltext>
<ce:source-text>Vachek, J. ed., (1964). A Prague School Reader in Linguistics. Bloomington.</ce:source-text>
</reference>
<reference seq="57">
<ref-info>
<ref-authors>
<author seq="1">
<ce:initials>J.</ce:initials>
<ce:surname>Vachek</ce:surname>
</author>
</ref-authors>
<ref-sourcetitle>The Linguistic School of Prague</ref-sourcetitle>
<ref-publicationyear first="1966"/>
<ref-text>Bloomington, London</ref-text>
</ref-info>
<ref-fulltext>Vachek, J. ed., (1966). The Linguistic School of Prague. Bloomington, London.</ref-fulltext>
<ce:source-text>Vachek, J. ed., (1966). The Linguistic School of Prague. Bloomington, London.</ce:source-text>
</reference>
<reference seq="58">
<ref-info>
<ref-authors>
<author seq="1">
<ce:initials>J.</ce:initials>
<ce:surname>Vachek</ce:surname>
</author>
</ref-authors>
<ref-sourcetitle>Selected Writings in English and General Linguistics</ref-sourcetitle>
<ref-publicationyear first="1976"/>
<ref-text>Prague</ref-text>
</ref-info>
<ref-fulltext>Vachek, J. ed., (1976). Selected Writings in English and General Linguistics. Prague.</ref-fulltext>
<ce:source-text>Vachek, J. ed., (1976). Selected Writings in English and General Linguistics. Prague.</ce:source-text>
</reference>
<reference seq="59">
<ref-info>
<ref-authors>
<author seq="1">
<ce:initials>J.</ce:initials>
<ce:surname>Vachek</ce:surname>
</author>
</ref-authors>
<ref-sourcetitle>N.S. Trubetzkoy and the Prague Linguistic School</ref-sourcetitle>
<ref-publicationyear first="1977"/>
<volisspag>
<volume-issue-number>
<vol-first>33</vol-first>
</volume-issue-number>
<page-information>
<pages>
<first-page>103</first-page>
<last-page>109</last-page>
</pages>
</page-information>
</volisspag>
<ref-text>Wiener Slavistisches Jahrbuch</ref-text>
</ref-info>
<ref-fulltext>Vachek, J. ed., (1977). "N.S. Trubetzkoy and the Prague Linguistic School". Wiener Slavistisches Jahrbuch. 33: 103-109.</ref-fulltext>
<ce:source-text>Vachek, J. ed., (1977). "N.S. Trubetzkoy and the Prague Linguistic School". Wiener Slavistisches Jahrbuch. 33: 103-109.</ce:source-text>
</reference>
<reference seq="60">
<ref-info>
<ref-title>
<ref-titletext-english>The Heritage of the Prague School to Modern Linguistic Research (with Special Reference to English Studies)</ref-titletext-english>
</ref-title>
<ref-authors>
<author seq="1">
<ce:initials>J.</ce:initials>
<ce:surname>Vachek</ce:surname>
</author>
</ref-authors>
<ref-sourcetitle>Zeitschrift F. Anglistik Und Amerikanistik</ref-sourcetitle>
<ref-publicationyear first="1979"/>
<volisspag>
<volume-issue-number>
<vol-first>27</vol-first>
</volume-issue-number>
<page-information>
<pages>
<first-page>52</first-page>
<last-page>61</last-page>
</pages>
</page-information>
</volisspag>
</ref-info>
<ref-fulltext>Vachek, J. ed., (1979). "The Heritage of the Prague School to Modern Linguistic Research (with Special Reference to English Studies)". Zeitschrift f. Anglistik und Amerikanistik 27:52-61.</ref-fulltext>
<ce:source-text>Vachek, J. ed., (1979). "The Heritage of the Prague School to Modern Linguistic Research (with Special Reference to English Studies)". Zeitschrift f. Anglistik und Amerikanistik 27:52-61.</ce:source-text>
</reference>
</bibliography>
</tail>
</bibrecord>
</unit-content>
</unit></units>