<?xml version="1.0" encoding="UTF-8"?><component xmlns="http://www.wiley.com/namespaces/wiley" xmlns:wiley="http://www.wiley.com/namespaces/wiley/wiley" type="bookChapter" version="2.0" xml:id="w9781394275045c1" xml:lang="en">
           
    
    <header>
                      
        
        <publicationMeta level="product">
                                 
            
            <publisherInfo>
                                            
                
                <publisherName>John Wiley &amp; Sons, Inc.</publisherName>
                                            
                
                <publisherLoc>Hoboken, NJ, USA</publisherLoc>
                                         
            
            </publisherInfo>
                                 
            
            <doi origin="wiley" registered="yes">10.1002/9781394275076</doi>
                                 
            
            <isbn type="online-13">9781394275076</isbn>
                                 
            
            <isbn type="printCloth-13">9781394275045</isbn>
                                 
            
            <idGroup>
                                            
                
                <id type="product" value="N9781394275076"/>
                                         
            
            </idGroup>
                                 
            
            <titleGroup>
                                            
                
                <title sort="ARTIFICIAL INTELLIGENCE AND MACHINE LEARNING FOR INDUSTRY 4.0" type="main">Artificial Intelligence and Machine Learning for Industry 4.0</title>
                                            
                
                <title type="tocForm">Artificial Intelligence and Machine Learning for Industry 4.0</title>
                                         
            
            </titleGroup>
                                 
            
            <copyright ownership="thirdParty">© 2025 Scrivener Publishing LLC</copyright>
                                 
            
            <eventGroup>
                                            
                
                <event date="2025-06-23" type="publishedPrint"/>
                                         
            
            </eventGroup>
                                 
            
            <creators>
                                            
                
                <creator creatorRole="editor" xml:id="cr-0001">
                                                       
                    
                    <personName>
                                                                  
                        
                        <givenNames>M.</givenNames>
                                                                  
                        
                        <familyName>Thirunavukkarasan</familyName>
                                                               
                    
                    </personName>
                                                    
                
                </creator>
                                            
                
                <creator creatorRole="editor" xml:id="cr-0002">
                                                       
                    
                    <personName>
                                                                  
                        
                        <givenNames>S. A.</givenNames>
                                                                  
                        
                        <familyName>Sahaaya Arul Mary</familyName>
                                                               
                    
                    </personName>
                                                    
                
                </creator>
                                            
                
                <creator creatorRole="editor" xml:id="cr-0003">
                                                       
                    
                    <personName>
                                                                  
                        
                        <givenNames>R</givenNames>
                                                                  
                        
                        <familyName>Sathiyaraj</familyName>
                                                               
                    
                    </personName>
                                                    
                
                </creator>
                                            
                
                <creator creatorRole="editor" xml:id="cr-0004">
                                                       
                    
                    <personName>
                                                                  
                        
                        <givenNames>G. S.</givenNames>
                                                                  
                        
                        <familyName>Pradeep Ghantasala</familyName>
                                                               
                    
                    </personName>
                                                    
                
                </creator>
                                            
                
                <creator creatorRole="editor" xml:id="cr-0005">
                                                       
                    
                    <personName>
                                                                  
                        
                        <givenNames>Mudassir</givenNames>
                                                                  
                        
                        <familyName>Khan</familyName>
                                                               
                    
                    </personName>
                                                    
                
                </creator>
                                         
            
            </creators>
                              
        
        </publicationMeta>
                      
        
        <publicationMeta level="unit" position="20" type="chapter">
                                 
            
            <doi origin="wiley" registered="yes">10.1002/9781394275076.ch1</doi>
                                 
            
            <idGroup>
                                            
                
                <id type="unit" value="ch1"/>
                                            
                
                <id type="file" value="ch1"/>
                                         
            
            </idGroup>
                                 
            
            <countGroup>
                                            
                
                <count number="27" type="pageTotal"/>
                                         
            
            </countGroup>
                                 
            
            <copyright ownership="thirdParty">© 2025 Scrivener Publishing LLC</copyright>
                                 
            
            <eventGroup><event agent="SPi Global" date="2025-06-06" type="xmlCreated"/><event date="2025-06-07" type="publishedOnlineFinalForm"/><event date="2025-06-07" type="firstOnline"/><event type="xmlConverted" agent="Converter:WML3G_To_WML3G version:1.9.3 mode:Header,remove_FC" date="2025-06-07"/></eventGroup>
                                 
            
            <numberingGroup>
                                            
                
                <numbering type="main">1</numbering>
                                            
                
                <numbering type="pageFirst">1</numbering>
                                            
                
                <numbering type="pageLast">27</numbering>
                                         
            
            </numberingGroup>
                                 
            
            <linkGroup>
                                            
                
                <link href="file:ch1.pdf" type="toTypesetVersion"/>
                                         
            
            </linkGroup>
                              
        
        </publicationMeta>
                      
        
        <contentMeta>
                                 
            
            <countGroup>
                                            
                
                <count number="3" type="figureTotal"/>
                                            
                
                <count number="50" type="referenceTotal"/>
                                         
            
            </countGroup>
                                 
            
            <titleGroup>
                                            
                
                <title type="main">Industry 4.0 and the AI/ML Era</title>
                                            
                
                <title type="subtitle">Revolutionizing Manufacturing</title>
                                            
                
                <title type="tocForm">Industry 4.0 and the AI/ML Era: Revolutionizing Manufacturing</title>
                                         
            
            </titleGroup>
                                 
            
            <creators>
                                            
                
                <creator affiliationRef="#c1-aff-0001" creatorRole="author" xml:id="c1-cr-0001">
                                                       
                    
                    <personName>
                                                                  
                        
                        <givenNames>Balusamy</givenNames>
                                                                  
                        
                        <familyName>Nachiappan</familyName>
                                                               
                    
                    </personName>
                                                    
                
                </creator>
                                            
                
                <creator affiliationRef="#c1-aff-0002" creatorRole="author" xml:id="c1-cr-0002">
                                                       
                    
                    <personName>
                                                                  
                        
                        <givenNames>C.</givenNames>
                                                                  
                        
                        <familyName>Viji</familyName>
                                                               
                    
                    </personName>
                                                    
                
                </creator>
                                            
                
                <creator affiliationRef="#c1-aff-0002" creatorRole="author" xml:id="c1-cr-0003">
                                                       
                    
                    <personName>
                                                                  
                        
                        <givenNames>N.</givenNames>
                                                                  
                        
                        <familyName>Rajkumar</familyName>
                                                               
                    
                    </personName>
                                                    
                
                </creator>
                                            
                
                <creator affiliationRef="#c1-aff-0003" creatorRole="author" xml:id="c1-cr-0004">
                                                       
                    
                    <personName>
                                                                  
                        
                        <givenNames>A.</givenNames>
                                                                  
                        
                        <familyName>Mohanraj</familyName>
                                                               
                    
                    </personName>
                                                    
                
                </creator>
                                            
                
                <creator affiliationRef="#c1-aff-0004" creatorRole="author" xml:id="c1-cr-0005">
                                                       
                    
                    <personName>
                                                                  
                        
                        <givenNames>N.</givenNames>
                                                                  
                        
                        <familyName>Karthikeyan</familyName>
                                                               
                    
                    </personName>
                                                    
                
                </creator>
                                            
                
                <creator affiliationRef="#c1-aff-0002" creatorRole="author" xml:id="c1-cr-0006">
                                                       
                    
                    <personName>
                                                                  
                        
                        <givenNames>J.</givenNames>
                                                                  
                        
                        <familyName>Judeson Antony Kovilpillai</familyName>
                                                               
                    
                    </personName>
                                                    
                
                </creator>
                                            
                
                <creator affiliationRef="#c1-aff-0005" creatorRole="author" xml:id="c1-cr-0007">
                                                       
                    
                    <personName>
                                                                  
                        
                        <givenNames>Pellakuri</givenNames>
                                                                  
                        
                        <familyName>Vidyullatha</familyName>
                                                               
                    
                    </personName>
                                                    
                
                </creator>
                                         
            
            </creators>
                                 
            
            <affiliationGroup>
                                            
                
                <affiliation countryCode="US" type="organization" xml:id="c1-aff-0001">
                                                       
                    
                    <orgName>Department of Information Technology, Prologis</orgName>
                                                       
                    
                    <address>
                                                                  
                        
                        <city>Denver</city>
                                                                  
                        
                        <country>USA</country>
                                                               
                    
                    </address>
                                                    
                
                </affiliation>
                                            
                
                <affiliation countryCode="IN" type="organization" xml:id="c1-aff-0002">
                                                       
                    
                    <orgDiv>Department of Computer Science &amp; Engineering, Alliance College of Engineering and Design</orgDiv>
                                                       
                    
                    <orgName>Alliance University</orgName>
                                                       
                    
                    <address>
                                                                  
                        
                        <city>Bengaluru</city>
                                                                  
                        
                        <countryPart>Karnataka</countryPart>
                                                                  
                        
                        <country>India</country>
                                                               
                    
                    </address>
                                                    
                
                </affiliation>
                                            
                
                <affiliation countryCode="IN" type="organization" xml:id="c1-aff-0003">
                                                       
                    
                    <orgDiv>Department of Computer Science &amp; Engineering</orgDiv>
                                                       
                    
                    <orgName>Sri Eshwar College of Engineering</orgName>
                                                       
                    
                    <address>
                                                                  
                        
                        <city>Coimbatore</city>
                                                                  
                        
                        <countryPart>Tamil Nadu</countryPart>
                                                                  
                        
                        <country>India</country>
                                                               
                    
                    </address>
                                                    
                
                </affiliation>
                                            
                
                <affiliation countryCode="IN" type="organization" xml:id="c1-aff-0004">
                                                       
                    
                    <orgName>Vellore Institute of Technology</orgName>
                                                       
                    
                    <address>
                                                                  
                        
                        <city>Chennai</city>
                                                                  
                        
                        <country>India</country>
                                                               
                    
                    </address>
                                                    
                
                </affiliation>
                                            
                
                <affiliation countryCode="IN" type="organization" xml:id="c1-aff-0005">
                                                       
                    
                    <orgName>Department of Computer Science and Engineering, Koneru Lakshmaiah Education Foundation, Vaddeswaram</orgName>
                                                       
                    
                    <address>
                                                                  
                        
                        <city>Guntur</city>
                                                                  
                        
                        <countryPart>Andhra Pradesh</countryPart>
                                                                  
                        
                        <country>India</country>
                                                               
                    
                    </address>
                                                    
                
                </affiliation>
                                         
            
            </affiliationGroup>
                                 
            
            <keywordGroup type="author">
                                            
                
                <keyword xml:id="kwd-0001">Business intelligence</keyword>
                                            
                
                <keyword xml:id="kwd-0002">big data analytics</keyword>
                                            
                
                <keyword xml:id="kwd-0003">industry 4.0</keyword>
                                            
                
                <keyword xml:id="kwd-0004">machine learning</keyword>
                                            
                
                <keyword xml:id="kwd-0005">artificial intelligence</keyword>
                                         
            
            </keywordGroup>
                                 
            
            <abstractGroup>
                                            
                
                <abstract type="main">
                                                       
                    
                    <title type="main">Summary</title>
                                                       
                    
                    <p>The emergence of enterprise 4.0 signs a transformative era in manufacturing, wherein digital technology seamlessly merges with traditional business methods. This precis explores the profound impact of Industry 4.0, highlighting the synergy of the various Industrial Internet of Things (IoT) and its implications for clever production. At its core, business enterprise 4.0 allows the mixing of physical and virtual structures, fostering heightened interconnectivity and transparency. The IoT permits actual‐time facts change among interconnected gadgets, supplying manufacturer with comprehensive insights into their production ecosystems. Decentralized selection‐making, a key function of enterprise 4.0, is made viable with the aid of cyber‐physical systems, empowering machines with independent choice‐making capabilities and enhancing operational performance.</p>
                                                       
                    
                    <p>Even as AI is absent from the narrative, the point of interest stays at the transformative electricity of enterprise 4.0. Predictive preservation algorithms preemptively understand and prevent device failures, making sure ultimate performance and minimizing downtime. Actual‐time quality manipulation mechanisms contribute to product consistency through early illness detection. The concept of smart automation outcomes in adaptive and self‐optimizing manufacturing strategies involves responding in real‐time to changing conditions. Past the manufacturing facility, the strategic integration of the digital era optimizes delivery chain dynamics, facilitating smart forecasting, stock management, and logistics.</p>
                                                    
                
                </abstract>
                                         
            
            </abstractGroup>
                              
        
        </contentMeta>
                   
    
    </header>
           
    
    
        

</component>