<?xml version="1.0" encoding="UTF-8"?><component xmlns="http://www.wiley.com/namespaces/wiley" xmlns:wiley="http://www.wiley.com/namespaces/wiley/wiley" type="bookChapter" version="2.0" xml:id="w9781394275045c10" xml:lang="en">
           
    
    <header>
                      
        
        <publicationMeta level="product">
                                 
            
            <publisherInfo>
                                            
                
                <publisherName>John Wiley &amp; Sons, Inc.</publisherName>
                                            
                
                <publisherLoc>Hoboken, NJ, USA</publisherLoc>
                                         
            
            </publisherInfo>
                                 
            
            <doi origin="wiley" registered="yes">10.1002/9781394275076</doi>
                                 
            
            <isbn type="online-13">9781394275076</isbn>
                                 
            
            <isbn type="printCloth-13">9781394275045</isbn>
                                 
            
            <idGroup>
                                            
                
                <id type="product" value="N9781394275076"/>
                                         
            
            </idGroup>
                                 
            
            <titleGroup>
                                            
                
                <title sort="ARTIFICIAL INTELLIGENCE AND MACHINE LEARNING FOR INDUSTRY 4.0" type="main">Artificial Intelligence and Machine Learning for Industry 4.0</title>
                                            
                
                <title type="tocForm">Artificial Intelligence and Machine Learning for Industry 4.0</title>
                                         
            
            </titleGroup>
                                 
            
            <copyright ownership="thirdParty">© 2025 Scrivener Publishing LLC</copyright>
                                 
            
            <eventGroup>
                                            
                
                <event date="2025-06-23" type="publishedPrint"/>
                                         
            
            </eventGroup>
                                 
            
            <creators>
                                            
                
                <creator creatorRole="editor" xml:id="cr-0001">
                                                       
                    
                    <personName>
                                                                  
                        
                        <givenNames>M.</givenNames>
                                                                  
                        
                        <familyName>Thirunavukkarasan</familyName>
                                                               
                    
                    </personName>
                                                    
                
                </creator>
                                            
                
                <creator creatorRole="editor" xml:id="cr-0002">
                                                       
                    
                    <personName>
                                                                  
                        
                        <givenNames>S. A.</givenNames>
                                                                  
                        
                        <familyName>Sahaaya Arul Mary</familyName>
                                                               
                    
                    </personName>
                                                    
                
                </creator>
                                            
                
                <creator creatorRole="editor" xml:id="cr-0003">
                                                       
                    
                    <personName>
                                                                  
                        
                        <givenNames>R</givenNames>
                                                                  
                        
                        <familyName>Sathiyaraj</familyName>
                                                               
                    
                    </personName>
                                                    
                
                </creator>
                                            
                
                <creator creatorRole="editor" xml:id="cr-0004">
                                                       
                    
                    <personName>
                                                                  
                        
                        <givenNames>G. S.</givenNames>
                                                                  
                        
                        <familyName>Pradeep Ghantasala</familyName>
                                                               
                    
                    </personName>
                                                    
                
                </creator>
                                            
                
                <creator creatorRole="editor" xml:id="cr-0005">
                                                       
                    
                    <personName>
                                                                  
                        
                        <givenNames>Mudassir</givenNames>
                                                                  
                        
                        <familyName>Khan</familyName>
                                                               
                    
                    </personName>
                                                    
                
                </creator>
                                         
            
            </creators>
                              
        
        </publicationMeta>
                      
        
        <publicationMeta level="unit" position="110" type="chapter">
                                 
            
            <doi origin="wiley" registered="yes">10.1002/9781394275076.ch10</doi>
                                 
            
            <idGroup>
                                            
                
                <id type="unit" value="ch10"/>
                                            
                
                <id type="file" value="ch10"/>
                                         
            
            </idGroup>
                                 
            
            <countGroup>
                                            
                
                <count number="19" type="pageTotal"/>
                                         
            
            </countGroup>
                                 
            
            <copyright ownership="thirdParty">© 2025 Scrivener Publishing LLC</copyright>
                                 
            
            <eventGroup><event agent="SPi Global" date="2025-06-06" type="xmlCreated"/><event date="2025-06-07" type="publishedOnlineFinalForm"/><event date="2025-06-07" type="firstOnline"/><event type="xmlConverted" agent="Converter:WML3G_To_WML3G version:1.9.3 mode:Header,remove_FC" date="2025-06-07"/></eventGroup>
                                 
            
            <numberingGroup>
                                            
                
                <numbering type="main">10</numbering>
                                            
                
                <numbering type="pageFirst">247</numbering>
                                            
                
                <numbering type="pageLast">265</numbering>
                                         
            
            </numberingGroup>
                                 
            
            <linkGroup>
                                            
                
                <link href="file:ch10.pdf" type="toTypesetVersion"/>
                                         
            
            </linkGroup>
                              
        
        </publicationMeta>
                      
        
        <contentMeta>
                                 
            
            <countGroup>
                                            
                
                <count number="10" type="figureTotal"/>
                                            
                
                <count number="2" type="tableTotal"/>
                                            
                
                <count number="35" type="referenceTotal"/>
                                         
            
            </countGroup>
                                 
            
            <titleGroup>
                                            
                
                <title type="main">Enhanced Security Framework with Blockchain for Industry 4.0 Cyber‐Physical Systems, Exploring IoT Integration Challenges and Applications</title>
                                         
            
            </titleGroup>
                                 
            
            <creators>
                                            
                
                <creator affiliationRef="#c10-aff-0001" creatorRole="author" xml:id="c10-cr-0001">
                                                       
                    
                    <personName>
                                                                  
                        
                        <givenNames>P.</givenNames>
                                                                  
                        
                        <familyName>Vijayalakshmi</familyName>
                                                               
                    
                    </personName>
                                                    
                
                </creator>
                                            
                
                <creator affiliationRef="#c10-aff-0002" creatorRole="author" xml:id="c10-cr-0002">
                                                       
                    
                    <personName>
                                                                  
                        
                        <givenNames>B.</givenNames>
                                                                  
                        
                        <familyName>Selvalakshmi</familyName>
                                                               
                    
                    </personName>
                                                    
                
                </creator>
                                            
                
                <creator affiliationRef="#c10-aff-0003" creatorRole="author" xml:id="c10-cr-0003">
                                                       
                    
                    <personName>
                                                                  
                        
                        <givenNames>K.</givenNames>
                                                                  
                        
                        <familyName>Subashini</familyName>
                                                               
                    
                    </personName>
                                                    
                
                </creator>
                                            
                
                <creator affiliationRef="#c10-aff-0004" creatorRole="author" xml:id="c10-cr-0004">
                                                       
                    
                    <personName>
                                                                  
                        
                        <givenNames>G.</givenNames>
                                                                  
                        
                        <familyName>Sudhakar</familyName>
                                                               
                    
                    </personName>
                                                    
                
                </creator>
                                            
                
                <creator affiliationRef="#c10-aff-0005" creatorRole="author" xml:id="c10-cr-0005">
                                                       
                    
                    <personName>
                                                                  
                        
                        <givenNames>Kavin Francis</givenNames>
                                                                  
                        
                        <familyName>Xavier</familyName>
                                                               
                    
                    </personName>
                                                    
                
                </creator>
                                            
                
                <creator affiliationRef="#c10-aff-0006" creatorRole="author" xml:id="c10-cr-0006">
                                                       
                    
                    <personName>
                                                                  
                        
                        <givenNames>K.</givenNames>
                                                                  
                        
                        <familyName>Pradeepa</familyName>
                                                               
                    
                    </personName>
                                                    
                
                </creator>
                                         
            
            </creators>
                                 
            
            <affiliationGroup>
                                            
                
                <affiliation countryCode="IN" type="organization" xml:id="c10-aff-0001">
                                                       
                    
                    <orgDiv>Computer Science and Engineering</orgDiv>
                                                       
                    
                    <orgName>Knowledge Institute of Technology</orgName>
                                                       
                    
                    <address>
                                                                  
                        
                        <city>Salem</city>
                                                                  
                        
                        <countryPart>Tamil Nadu</countryPart>
                                                                  
                        
                        <country>India</country>
                                                               
                    
                    </address>
                                                    
                
                </affiliation>
                                            
                
                <affiliation countryCode="IN" type="organization" xml:id="c10-aff-0002">
                                                       
                    
                    <orgDiv>Department of Computer Science and Engineering</orgDiv>
                                                       
                    
                    <orgName>Tagore Engineering College</orgName>
                                                       
                    
                    <address>
                                                                  
                        
                        <city>Chennai</city>
                                                                  
                        
                        <countryPart>Tamil Nadu</countryPart>
                                                                  
                        
                        <country>India</country>
                                                               
                    
                    </address>
                                                    
                
                </affiliation>
                                            
                
                <affiliation countryCode="IN" type="organization" xml:id="c10-aff-0003">
                                                       
                    
                    <orgDiv>Department of Information Technology</orgDiv>
                                                       
                    
                    <orgName>Tagore Engineering College</orgName>
                                                       
                    
                    <address>
                                                                  
                        
                        <city>Chennai</city>
                                                                  
                        
                        <countryPart>Tamil Nadu</countryPart>
                                                                  
                        
                        <country>India</country>
                                                               
                    
                    </address>
                                                    
                
                </affiliation>
                                            
                
                <affiliation countryCode="IN" type="organization" xml:id="c10-aff-0004">
                                                       
                    
                    <orgDiv>Department of CSE</orgDiv>
                                                       
                    
                    <orgName>Sri Sai Ranganathan Engineering College</orgName>
                                                       
                    
                    <address>
                                                                  
                        
                        <city>Coimbatore</city>
                                                                  
                        
                        <countryPart>Tamil Nadu</countryPart>
                                                                  
                        
                        <country>India</country>
                                                               
                    
                    </address>
                                                    
                
                </affiliation>
                                            
                
                <affiliation countryCode="IN" type="organization" xml:id="c10-aff-0005">
                                                       
                    
                    <orgName>M/S Muscat Engineering Consultancy Pvt. Ltd</orgName>
                                                       
                    
                    <address>
                                                                  
                        
                        <city>Trichy</city>
                                                                  
                        
                        <countryPart>Tamil Nadu</countryPart>
                                                                  
                        
                        <country>India</country>
                                                               
                    
                    </address>
                                                    
                
                </affiliation>
                                            
                
                <affiliation countryCode="IN" type="organization" xml:id="c10-aff-0006">
                                                       
                    
                    <orgName>Department of Computer Science and Engineering, St. Michael College of Engineering and Technology, Kalayarkoil</orgName>
                                                       
                    
                    <address>
                                                                  
                        
                        <city>Sivaganga</city>
                                                                  
                        
                        <countryPart>Tamil Nadu</countryPart>
                                                                  
                        
                        <country>India</country>
                                                               
                    
                    </address>
                                                    
                
                </affiliation>
                                         
            
            </affiliationGroup>
                                 
            
            <keywordGroup type="author">
                                            
                
                <keyword xml:id="kwd-0001">Cyberphysical systems</keyword>
                                            
                
                <keyword xml:id="kwd-0002">artificial intelligence</keyword>
                                            
                
                <keyword xml:id="kwd-0003">security framework</keyword>
                                            
                
                <keyword xml:id="kwd-0004">industry 4.0, IoT integration, blockchain, industrial internet of things, data protection</keyword>
                                         
            
            </keywordGroup>
                                 
            
            <abstractGroup>
                                            
                
                <abstract type="main">
                                                       
                    
                    <title type="main">Summary</title>
                                                       
                    
                    <p>The idea of “Industry 4.0” is revolutionary and has far‐reaching effects on many different industries around the globe. Industry 4.0 uses new‐generation, state‐of‐the‐art engineering technologies and methodical adaptability to drive development as a technological accelerator. The Internet of Things (IoT), blockchain, Artificial Intelligence (AI), Augmented Reality (AR), printing in three dimensions, cloud computing and big data analytics are some of the key innovations that collaborate to realize the Industry 4.0 vision. A Cyber‐Physical System (CPS) allows the exchange of information between physical things and a linked network of technologies and objects by combining computational and storage features with the physical objects. A novel distributed computing paradigm called blockchain offers a viable remedy for contemporary CPS applications. Strong options for CPS applications are offered by the natural combination of distributed memory and consensus techniques with cutting‐edge security mechanisms. Blockchains in CPSs/IoT provide safe and preserved data for many industrial purposes and accomplish flexibility, procedure, and operational security, for instance, in activities related to production, logistics, medical care, and power.</p>
                                                    
                
                </abstract>
                                         
            
            </abstractGroup>
                              
        
        </contentMeta>
                   
    
    </header>
           
    
    
        

</component>