<?xml version="1.0" encoding="UTF-8"?><component xmlns="http://www.wiley.com/namespaces/wiley" xmlns:wiley="http://www.wiley.com/namespaces/wiley/wiley" type="bookChapter" version="2.0" xml:id="w9781394275045c11" xml:lang="en">
           
    
    <header>
                      
        
        <publicationMeta level="product">
                                 
            
            <publisherInfo>
                                            
                
                <publisherName>John Wiley &amp; Sons, Inc.</publisherName>
                                            
                
                <publisherLoc>Hoboken, NJ, USA</publisherLoc>
                                         
            
            </publisherInfo>
                                 
            
            <doi origin="wiley" registered="yes">10.1002/9781394275076</doi>
                                 
            
            <isbn type="online-13">9781394275076</isbn>
                                 
            
            <isbn type="printCloth-13">9781394275045</isbn>
                                 
            
            <idGroup>
                                            
                
                <id type="product" value="N9781394275076"/>
                                         
            
            </idGroup>
                                 
            
            <titleGroup>
                                            
                
                <title sort="ARTIFICIAL INTELLIGENCE AND MACHINE LEARNING FOR INDUSTRY 4.0" type="main">Artificial Intelligence and Machine Learning for Industry 4.0</title>
                                            
                
                <title type="tocForm">Artificial Intelligence and Machine Learning for Industry 4.0</title>
                                         
            
            </titleGroup>
                                 
            
            <copyright ownership="thirdParty">© 2025 Scrivener Publishing LLC</copyright>
                                 
            
            <eventGroup>
                                            
                
                <event date="2025-06-23" type="publishedPrint"/>
                                         
            
            </eventGroup>
                                 
            
            <creators>
                                            
                
                <creator creatorRole="editor" xml:id="cr-0001">
                                                       
                    
                    <personName>
                                                                  
                        
                        <givenNames>M.</givenNames>
                                                                  
                        
                        <familyName>Thirunavukkarasan</familyName>
                                                               
                    
                    </personName>
                                                    
                
                </creator>
                                            
                
                <creator creatorRole="editor" xml:id="cr-0002">
                                                       
                    
                    <personName>
                                                                  
                        
                        <givenNames>S. A.</givenNames>
                                                                  
                        
                        <familyName>Sahaaya Arul Mary</familyName>
                                                               
                    
                    </personName>
                                                    
                
                </creator>
                                            
                
                <creator creatorRole="editor" xml:id="cr-0003">
                                                       
                    
                    <personName>
                                                                  
                        
                        <givenNames>R</givenNames>
                                                                  
                        
                        <familyName>Sathiyaraj</familyName>
                                                               
                    
                    </personName>
                                                    
                
                </creator>
                                            
                
                <creator creatorRole="editor" xml:id="cr-0004">
                                                       
                    
                    <personName>
                                                                  
                        
                        <givenNames>G. S.</givenNames>
                                                                  
                        
                        <familyName>Pradeep Ghantasala</familyName>
                                                               
                    
                    </personName>
                                                    
                
                </creator>
                                            
                
                <creator creatorRole="editor" xml:id="cr-0005">
                                                       
                    
                    <personName>
                                                                  
                        
                        <givenNames>Mudassir</givenNames>
                                                                  
                        
                        <familyName>Khan</familyName>
                                                               
                    
                    </personName>
                                                    
                
                </creator>
                                         
            
            </creators>
                              
        
        </publicationMeta>
                      
        
        <publicationMeta level="unit" position="120" type="chapter">
                                 
            
            <doi origin="wiley" registered="yes">10.1002/9781394275076.ch11</doi>
                                 
            
            <idGroup>
                                            
                
                <id type="unit" value="ch11"/>
                                            
                
                <id type="file" value="ch11"/>
                                         
            
            </idGroup>
                                 
            
            <countGroup>
                                            
                
                <count number="20" type="pageTotal"/>
                                         
            
            </countGroup>
                                 
            
            <copyright ownership="thirdParty">© 2025 Scrivener Publishing LLC</copyright>
                                 
            
            <eventGroup><event agent="SPi Global" date="2025-06-06" type="xmlCreated"/><event date="2025-06-07" type="publishedOnlineFinalForm"/><event date="2025-06-07" type="firstOnline"/><event type="xmlConverted" agent="Converter:WML3G_To_WML3G version:1.9.3 mode:Header,remove_FC" date="2025-06-07"/></eventGroup>
                                 
            
            <numberingGroup>
                                            
                
                <numbering type="main">11</numbering>
                                            
                
                <numbering type="pageFirst">267</numbering>
                                            
                
                <numbering type="pageLast">286</numbering>
                                         
            
            </numberingGroup>
                                 
            
            <linkGroup>
                                            
                
                <link href="file:ch11.pdf" type="toTypesetVersion"/>
                                         
            
            </linkGroup>
                              
        
        </publicationMeta>
                      
        
        <contentMeta>
                                 
            
            <countGroup>
                                            
                
                <count number="14" type="figureTotal"/>
                                            
                
                <count number="7" type="tableTotal"/>
                                            
                
                <count number="29" type="referenceTotal"/>
                                         
            
            </countGroup>
                                 
            
            <titleGroup>
                                            
                
                <title type="main">Integrating Artificial Intelligence and Machine Learning for Enhanced Cyber Security in Industry 4.0</title>
                                            
                
                <title type="subtitle">Designing a Smart Factory with IoT and CPS</title>
                                            
                
                <title type="tocForm">Integrating Artificial Intelligence and Machine Learning for Enhanced Cyber Security in Industry 4.0: Designing a Smart Factory with IoT and CPS</title>
                                         
            
            </titleGroup>
                                 
            
            <creators>
                                            
                
                <creator affiliationRef="#c11-aff-0001" creatorRole="author" xml:id="c11-cr-0001">
                                                       
                    
                    <personName>
                                                                  
                        
                        <givenNames>Kavin Francis</givenNames>
                                                                  
                        
                        <familyName>Xavier</familyName>
                                                               
                    
                    </personName>
                                                    
                
                </creator>
                                            
                
                <creator affiliationRef="#c11-aff-0002" creatorRole="author" xml:id="c11-cr-0002">
                                                       
                    
                    <personName>
                                                                  
                        
                        <givenNames>K.</givenNames>
                                                                  
                        
                        <familyName>Subashini</familyName>
                                                               
                    
                    </personName>
                                                    
                
                </creator>
                                            
                
                <creator affiliationRef="#c11-aff-0003" creatorRole="author" xml:id="c11-cr-0003">
                                                       
                    
                    <personName>
                                                                  
                        
                        <givenNames>P.</givenNames>
                                                                  
                        
                        <familyName>Vijayalakshmi</familyName>
                                                               
                    
                    </personName>
                                                    
                
                </creator>
                                            
                
                <creator affiliationRef="#c11-aff-0004" creatorRole="author" xml:id="c11-cr-0004">
                                                       
                    
                    <personName>
                                                                  
                        
                        <givenNames>B.</givenNames>
                                                                  
                        
                        <familyName>Selvalakshmi</familyName>
                                                               
                    
                    </personName>
                                                    
                
                </creator>
                                            
                
                <creator affiliationRef="#c11-aff-0005" creatorRole="author" xml:id="c11-cr-0005">
                                                       
                    
                    <personName>
                                                                  
                        
                        <givenNames>G.</givenNames>
                                                                  
                        
                        <familyName>Sudhakar</familyName>
                                                               
                    
                    </personName>
                                                    
                
                </creator>
                                            
                
                <creator affiliationRef="#c11-aff-0006" creatorRole="author" xml:id="c11-cr-0006">
                                                       
                    
                    <personName>
                                                                  
                        
                        <givenNames>K.</givenNames>
                                                                  
                        
                        <familyName>Pradeepa</familyName>
                                                               
                    
                    </personName>
                                                    
                
                </creator>
                                         
            
            </creators>
                                 
            
            <affiliationGroup>
                                            
                
                <affiliation countryCode="IN" type="organization" xml:id="c11-aff-0001">
                                                       
                    
                    <orgName>M/S Muscat Engineering Consultancy Pvt. Ltd</orgName>
                                                       
                    
                    <address>
                                                                  
                        
                        <city>Trichy</city>
                                                                  
                        
                        <countryPart>Tamil Nadu</countryPart>
                                                                  
                        
                        <country>India</country>
                                                               
                    
                    </address>
                                                    
                
                </affiliation>
                                            
                
                <affiliation countryCode="IN" type="organization" xml:id="c11-aff-0002">
                                                       
                    
                    <orgDiv>Department of Information Technology</orgDiv>
                                                       
                    
                    <orgName>Tagore Engineering College</orgName>
                                                       
                    
                    <address>
                                                                  
                        
                        <city>Chennai</city>
                                                                  
                        
                        <countryPart>Tamil Nadu</countryPart>
                                                                  
                        
                        <country>India</country>
                                                               
                    
                    </address>
                                                    
                
                </affiliation>
                                            
                
                <affiliation countryCode="IN" type="organization" xml:id="c11-aff-0003">
                                                       
                    
                    <orgDiv>Computer Science and Engineering</orgDiv>
                                                       
                    
                    <orgName>Knowledge Institute of Technology</orgName>
                                                       
                    
                    <address>
                                                                  
                        
                        <city>Salem</city>
                                                                  
                        
                        <countryPart>Tamil Nadu</countryPart>
                                                                  
                        
                        <country>India</country>
                                                               
                    
                    </address>
                                                    
                
                </affiliation>
                                            
                
                <affiliation countryCode="IN" type="organization" xml:id="c11-aff-0004">
                                                       
                    
                    <orgDiv>Department of Computer Science and Engineering</orgDiv>
                                                       
                    
                    <orgName>Tagore Engineering College</orgName>
                                                       
                    
                    <address>
                                                                  
                        
                        <city>Chennai</city>
                                                                  
                        
                        <countryPart>Tamil Nadu</countryPart>
                                                                  
                        
                        <country>India</country>
                                                               
                    
                    </address>
                                                    
                
                </affiliation>
                                            
                
                <affiliation countryCode="IN" type="organization" xml:id="c11-aff-0005">
                                                       
                    
                    <orgDiv>Department of CSE</orgDiv>
                                                       
                    
                    <orgName>Sri Sai Ranganathan Engineering College</orgName>
                                                       
                    
                    <address>
                                                                  
                        
                        <city>Coimbatore</city>
                                                                  
                        
                        <countryPart>Tamil Nadu</countryPart>
                                                                  
                        
                        <country>India</country>
                                                               
                    
                    </address>
                                                    
                
                </affiliation>
                                            
                
                <affiliation countryCode="IN" type="organization" xml:id="c11-aff-0006">
                                                       
                    
                    <orgName>Department of Computer Science and Engineering, St. Michael College of Engineering and Technology, Kalayarkoil</orgName>
                                                       
                    
                    <address>
                                                                  
                        
                        <city>Sivaganga</city>
                                                                  
                        
                        <countryPart>Tamil Nadu</countryPart>
                                                                  
                        
                        <country>India</country>
                                                               
                    
                    </address>
                                                    
                
                </affiliation>
                                         
            
            </affiliationGroup>
                                 
            
            <keywordGroup type="author">
                                            
                
                <keyword xml:id="kwd-0001">Machine learning</keyword>
                                            
                
                <keyword xml:id="kwd-0002">intrusion detection systems</keyword>
                                            
                
                <keyword xml:id="kwd-0003">artificial intelligence</keyword>
                                            
                
                <keyword xml:id="kwd-0004">cybersecurity</keyword>
                                            
                
                <keyword xml:id="kwd-0005">cyber physical systems</keyword>
                                         
            
            </keywordGroup>
                                 
            
            <abstractGroup>
                                            
                
                <abstract type="main">
                                                       
                    
                    <title type="main">Summary</title>
                                                       
                    
                    <p>As a result of Industry 4.0, Fourth Industrial Revolution companies are now transforming into intelligent cyber‐physical production systems (CPPSs) with complete supply‐chain interconnectivity between people, products, and machines. Although streamlined, efficient, and rapid manufacturing are some of the many benefits of this digitalization. It also introduces several innovative methods of attack that endanger people's lives, manufacturing processes, and company services. In the framework of Industry 4.0, this article explores the detailed review of the integration of artificial intelligence (AI) with machine learning (ML) to strengthen cyber security precautions. The important objective is to construct a smart factory by integrating Internet of things (IoT) and cyber physical systems (CPS). Cyber risks, especially DDoS assaults, pose a major threat to the operational integrity of Industry 4.0 installations in the modern world. Intrusion detection systems (IDS) can successfully counteract such risks by utilizing ML and AI capabilities. The article addresses the process of merging the fundamental elements of an established industry to establish a smart production framework. An investigation into smart production using a drilling procedure is presented as an example of a simplified smart factory framework, and the investigation of the proposed model is discussed and confirmed through testing.</p>
                                                    
                
                </abstract>
                                         
            
            </abstractGroup>
                              
        
        </contentMeta>
                   
    
    </header>
           
    
    
        

</component>