<?xml version="1.0" encoding="UTF-8"?><component xmlns="http://www.wiley.com/namespaces/wiley" xmlns:wiley="http://www.wiley.com/namespaces/wiley/wiley" type="bookChapter" version="2.0" xml:id="w9781394275045c12" xml:lang="en">
           
    
    <header>
                      
        
        <publicationMeta level="product">
                                 
            
            <publisherInfo>
                                            
                
                <publisherName>John Wiley &amp; Sons, Inc.</publisherName>
                                            
                
                <publisherLoc>Hoboken, NJ, USA</publisherLoc>
                                         
            
            </publisherInfo>
                                 
            
            <doi origin="wiley" registered="yes">10.1002/9781394275076</doi>
                                 
            
            <isbn type="online-13">9781394275076</isbn>
                                 
            
            <isbn type="printCloth-13">9781394275045</isbn>
                                 
            
            <idGroup>
                                            
                
                <id type="product" value="N9781394275076"/>
                                         
            
            </idGroup>
                                 
            
            <titleGroup>
                                            
                
                <title sort="ARTIFICIAL INTELLIGENCE AND MACHINE LEARNING FOR INDUSTRY 4.0" type="main">Artificial Intelligence and Machine Learning for Industry 4.0</title>
                                            
                
                <title type="tocForm">Artificial Intelligence and Machine Learning for Industry 4.0</title>
                                         
            
            </titleGroup>
                                 
            
            <copyright ownership="thirdParty">© 2025 Scrivener Publishing LLC</copyright>
                                 
            
            <eventGroup>
                                            
                
                <event date="2025-06-23" type="publishedPrint"/>
                                         
            
            </eventGroup>
                                 
            
            <creators>
                                            
                
                <creator creatorRole="editor" xml:id="cr-0001">
                                                       
                    
                    <personName>
                                                                  
                        
                        <givenNames>M.</givenNames>
                                                                  
                        
                        <familyName>Thirunavukkarasan</familyName>
                                                               
                    
                    </personName>
                                                    
                
                </creator>
                                            
                
                <creator creatorRole="editor" xml:id="cr-0002">
                                                       
                    
                    <personName>
                                                                  
                        
                        <givenNames>S. A.</givenNames>
                                                                  
                        
                        <familyName>Sahaaya Arul Mary</familyName>
                                                               
                    
                    </personName>
                                                    
                
                </creator>
                                            
                
                <creator creatorRole="editor" xml:id="cr-0003">
                                                       
                    
                    <personName>
                                                                  
                        
                        <givenNames>R</givenNames>
                                                                  
                        
                        <familyName>Sathiyaraj</familyName>
                                                               
                    
                    </personName>
                                                    
                
                </creator>
                                            
                
                <creator creatorRole="editor" xml:id="cr-0004">
                                                       
                    
                    <personName>
                                                                  
                        
                        <givenNames>G. S.</givenNames>
                                                                  
                        
                        <familyName>Pradeep Ghantasala</familyName>
                                                               
                    
                    </personName>
                                                    
                
                </creator>
                                            
                
                <creator creatorRole="editor" xml:id="cr-0005">
                                                       
                    
                    <personName>
                                                                  
                        
                        <givenNames>Mudassir</givenNames>
                                                                  
                        
                        <familyName>Khan</familyName>
                                                               
                    
                    </personName>
                                                    
                
                </creator>
                                         
            
            </creators>
                              
        
        </publicationMeta>
                      
        
        <publicationMeta level="unit" position="130" type="chapter">
                                 
            
            <doi origin="wiley" registered="yes">10.1002/9781394275076.ch12</doi>
                                 
            
            <idGroup>
                                            
                
                <id type="unit" value="ch12"/>
                                            
                
                <id type="file" value="ch12"/>
                                         
            
            </idGroup>
                                 
            
            <countGroup>
                                            
                
                <count number="19" type="pageTotal"/>
                                         
            
            </countGroup>
                                 
            
            <copyright ownership="thirdParty">© 2025 Scrivener Publishing LLC</copyright>
                                 
            
            <eventGroup><event agent="SPi Global" date="2025-06-06" type="xmlCreated"/><event date="2025-06-07" type="publishedOnlineFinalForm"/><event date="2025-06-07" type="firstOnline"/><event type="xmlConverted" agent="Converter:WML3G_To_WML3G version:1.9.3 mode:Header,remove_FC" date="2025-06-07"/></eventGroup>
                                 
            
            <numberingGroup>
                                            
                
                <numbering type="main">12</numbering>
                                            
                
                <numbering type="pageFirst">287</numbering>
                                            
                
                <numbering type="pageLast">305</numbering>
                                         
            
            </numberingGroup>
                                 
            
            <linkGroup>
                                            
                
                <link href="file:ch12.pdf" type="toTypesetVersion"/>
                                         
            
            </linkGroup>
                              
        
        </publicationMeta>
                      
        
        <contentMeta>
                                 
            
            <countGroup>
                                            
                
                <count number="3" type="figureTotal"/>
                                            
                
                <count number="1" type="tableTotal"/>
                                            
                
                <count number="37" type="referenceTotal"/>
                                         
            
            </countGroup>
                                 
            
            <titleGroup>
                                            
                
                <title type="main">Application of AI and ML in Industry 4.0</title>
                                         
            
            </titleGroup>
                                 
            
            <creators>
                                            
                
                <creator affiliationRef="#c12-aff-0001" creatorRole="author" xml:id="c12-cr-0001">
                                                       
                    
                    <personName>
                                                                  
                        
                        <givenNames>V. Vinaya</givenNames>
                                                                  
                        
                        <familyName>Kumari</familyName>
                                                               
                    
                    </personName>
                                                    
                
                </creator>
                                            
                
                <creator affiliationRef="#c12-aff-0002" creatorRole="author" xml:id="c12-cr-0003">
                                                       
                    
                    <personName>
                                                                  
                        
                        <givenNames>G. S. Pradeep</givenNames>
                                                                  
                        
                        <familyName>Ghantasala</familyName>
                                                               
                    
                    </personName>
                                                    
                
                </creator>
                                            
                
                <creator affiliationRef="#c12-aff-0003" creatorRole="author" xml:id="c12-cr-0005">
                                                       
                    
                    <personName>
                                                                  
                        
                        <givenNames>S. A. Sahaaya Arul</givenNames>
                                                                  
                        
                        <familyName>Mary</familyName>
                                                               
                    
                    </personName>
                                                    
                
                </creator>
                                            
                
                <creator affiliationRef="#c12-aff-0003" creatorRole="author" xml:id="c12-cr-0007">
                                                       
                    
                    <personName>
                                                                  
                        
                        <givenNames>M.</givenNames>
                                                                  
                        
                        <familyName>Thirunavukkarasan</familyName>
                                                               
                    
                    </personName>
                                                    
                
                </creator>
                                            
                
                <creator affiliationRef="#c12-aff-0004" creatorRole="author" xml:id="c12-cr-0009">
                                                       
                    
                    <personName>
                                                                  
                        
                        <givenNames>R</givenNames>
                                                                  
                        
                        <familyName>Sathiyaraj</familyName>
                                                               
                    
                    </personName>
                                                    
                
                </creator>
                                         
            
            </creators>
                                 
            
            <affiliationGroup>
                                            
                
                <affiliation countryCode="IN" type="organization" xml:id="c12-aff-0001">
                                                       
                    
                    <orgDiv>Department of Computer Science and Engineering</orgDiv>
                                                       
                    
                    <orgName>Malla Reddy Engineering College for Women</orgName>
                                                       
                    
                    <address>
                                                                  
                        
                        <city>Hyderabad</city>
                                                                  
                        
                        <country>India</country>
                                                               
                    
                    </address>
                                                    
                
                </affiliation>
                                            
                
                <affiliation countryCode="IN" type="organization" xml:id="c12-aff-0002">
                                                       
                    
                    <orgDiv>Department of Computer Science and Engineering, Alliance College of Engineering and Design</orgDiv>
                                                       
                    
                    <orgName>Alliance University</orgName>
                                                       
                    
                    <address>
                                                                  
                        
                        <city>Bengaluru</city>
                                                                  
                        
                        <country>India</country>
                                                               
                    
                    </address>
                                                    
                
                </affiliation>
                                            
                
                <affiliation countryCode="IN" type="organization" xml:id="c12-aff-0003">
                                                       
                    
                    <orgDiv>School of CSE, Vellore Institute of Technology</orgDiv>
                                                       
                    
                    <orgName>VIT University</orgName>
                                                       
                    
                    <address>
                                                                  
                        
                        <city>Vellore</city>
                                                                  
                        
                        <country>India</country>
                                                               
                    
                    </address>
                                                    
                
                </affiliation>
                                            
                
                <affiliation countryCode="IN" type="organization" xml:id="c12-aff-0004">
                                                       
                    
                    <orgDiv>GITAM School of Technology</orgDiv>
                                                       
                    
                    <orgName>GITAM University</orgName>
                                                       
                    
                    <address>
                                                                  
                        
                        <city>Bangalore</city>
                                                                  
                        
                        <countryPart>Karnataka</countryPart>
                                                                  
                        
                        <country>India</country>
                                                               
                    
                    </address>
                                                    
                
                </affiliation>
                                         
            
            </affiliationGroup>
                                 
            
            <keywordGroup type="author">
                                            
                
                <keyword xml:id="kwd-0001">AI and ML</keyword>
                                            
                
                <keyword xml:id="kwd-0002">IoT</keyword>
                                            
                
                <keyword xml:id="kwd-0003">cyber‐physical systems</keyword>
                                            
                
                <keyword xml:id="kwd-0004">supply chain optimization</keyword>
                                         
            
            </keywordGroup>
                                 
            
            <abstractGroup>
                                            
                
                <abstract type="main">
                                                       
                    
                    <title type="main">Summary</title>
                                                       
                    
                    <p>The emergence of Industry 4.0 marks a transformative alternative in commercial practices pushed through the convergence of cyber‐physical structures, the Internet of Things (IoT), and superior computing technology. Artificial intelligence (AI) and Machine Learning (ML) are at the core of this commercial revolution, playing a pivotal role in making production techniques extra green, productive, and innovative. This chapter explores the huge variety of packages of AI and ML within the Industry 4.0 paradigm and explains their effect on diverse components which include predictive upkeep, great management, deliver chain optimization, and the improvement of self‐reliant structures. Predictive upkeep makes use of AI and ML algorithms to investigate records from gadget sensors and expect gadget disasters earlier than they occur. This not only minimizes downtime but also reduces upkeep expenses and extends the carrier existence of the gadget. Quality management makes use of AI‐powered imaginative and prescient structures and ML fashions to discover defects and anomalies in real time, ensuring better product requirements and lowering waste. Additionally, AI and ML facilitate delivery chain optimization by reading big quantities of records to expect demand, manipulate inventory, and optimize logistics. This technology permits organizations to reply quickly to marketplace changes, enhancing operational agility and patron satisfaction. Another key application, self‐reliant operations, is seeing the combination of AI and ML in robotics and clever factories, permitting machines and structures to self‐organize and adapt to special manufacturing wishes without human intervention. The integration of AI and ML in Industry 4.0 additionally enables the introduction of virtual twins (digital replicas of bodily assets) that allow superior simulation, monitoring, and optimization of techniques. These virtual representations enhance decision‐making and operational performance by presenting a deep perception of the device's overall performance and ability issues. This evaluation highlights the transformative effect of AI and ML on Industry 4.0 and emphasizes their position in riding shrewd production, shrewd automation, and human empowerment.</p>
                                                    
                
                </abstract>
                                         
            
            </abstractGroup>
                              
        
        </contentMeta>
                   
    
    </header>
           
    
    
        

</component>