<?xml version="1.0" encoding="UTF-8"?><component xmlns="http://www.wiley.com/namespaces/wiley" xmlns:wiley="http://www.wiley.com/namespaces/wiley/wiley" type="bookChapter" version="2.0" xml:id="w9781394275045c2" xml:lang="en">
           
    
    <header>
                      
        
        <publicationMeta level="product">
                                 
            
            <publisherInfo>
                                            
                
                <publisherName>John Wiley &amp; Sons, Inc.</publisherName>
                                            
                
                <publisherLoc>Hoboken, NJ, USA</publisherLoc>
                                         
            
            </publisherInfo>
                                 
            
            <doi origin="wiley" registered="yes">10.1002/9781394275076</doi>
                                 
            
            <isbn type="online-13">9781394275076</isbn>
                                 
            
            <isbn type="printCloth-13">9781394275045</isbn>
                                 
            
            <idGroup>
                                            
                
                <id type="product" value="N9781394275076"/>
                                         
            
            </idGroup>
                                 
            
            <titleGroup>
                                            
                
                <title sort="ARTIFICIAL INTELLIGENCE AND MACHINE LEARNING FOR INDUSTRY 4.0" type="main">Artificial Intelligence and Machine Learning for Industry 4.0</title>
                                            
                
                <title type="tocForm">Artificial Intelligence and Machine Learning for Industry 4.0</title>
                                         
            
            </titleGroup>
                                 
            
            <copyright ownership="thirdParty">© 2025 Scrivener Publishing LLC</copyright>
                                 
            
            <eventGroup>
                                            
                
                <event date="2025-06-23" type="publishedPrint"/>
                                         
            
            </eventGroup>
                                 
            
            <creators>
                                            
                
                <creator creatorRole="editor" xml:id="cr-0001">
                                                       
                    
                    <personName>
                                                                  
                        
                        <givenNames>M.</givenNames>
                                                                  
                        
                        <familyName>Thirunavukkarasan</familyName>
                                                               
                    
                    </personName>
                                                    
                
                </creator>
                                            
                
                <creator creatorRole="editor" xml:id="cr-0002">
                                                       
                    
                    <personName>
                                                                  
                        
                        <givenNames>S. A.</givenNames>
                                                                  
                        
                        <familyName>Sahaaya Arul Mary</familyName>
                                                               
                    
                    </personName>
                                                    
                
                </creator>
                                            
                
                <creator creatorRole="editor" xml:id="cr-0003">
                                                       
                    
                    <personName>
                                                                  
                        
                        <givenNames>R</givenNames>
                                                                  
                        
                        <familyName>Sathiyaraj</familyName>
                                                               
                    
                    </personName>
                                                    
                
                </creator>
                                            
                
                <creator creatorRole="editor" xml:id="cr-0004">
                                                       
                    
                    <personName>
                                                                  
                        
                        <givenNames>G. S.</givenNames>
                                                                  
                        
                        <familyName>Pradeep Ghantasala</familyName>
                                                               
                    
                    </personName>
                                                    
                
                </creator>
                                            
                
                <creator creatorRole="editor" xml:id="cr-0005">
                                                       
                    
                    <personName>
                                                                  
                        
                        <givenNames>Mudassir</givenNames>
                                                                  
                        
                        <familyName>Khan</familyName>
                                                               
                    
                    </personName>
                                                    
                
                </creator>
                                         
            
            </creators>
                              
        
        </publicationMeta>
                      
        
        <publicationMeta level="unit" position="30" type="chapter">
                                 
            
            <doi origin="wiley" registered="yes">10.1002/9781394275076.ch2</doi>
                                 
            
            <idGroup>
                                            
                
                <id type="unit" value="ch2"/>
                                            
                
                <id type="file" value="ch2"/>
                                         
            
            </idGroup>
                                 
            
            <countGroup>
                                            
                
                <count number="25" type="pageTotal"/>
                                         
            
            </countGroup>
                                 
            
            <copyright ownership="thirdParty">© 2025 Scrivener Publishing LLC</copyright>
                                 
            
            <eventGroup><event agent="SPi Global" date="2025-06-06" type="xmlCreated"/><event date="2025-06-07" type="publishedOnlineFinalForm"/><event date="2025-06-07" type="firstOnline"/><event type="xmlConverted" agent="Converter:WML3G_To_WML3G version:1.9.3 mode:Header,remove_FC" date="2025-06-07"/></eventGroup>
                                 
            
            <numberingGroup>
                                            
                
                <numbering type="main">2</numbering>
                                            
                
                <numbering type="pageFirst">29</numbering>
                                            
                
                <numbering type="pageLast">53</numbering>
                                         
            
            </numberingGroup>
                                 
            
            <linkGroup>
                                            
                
                <link href="file:ch2.pdf" type="toTypesetVersion"/>
                                         
            
            </linkGroup>
                              
        
        </publicationMeta>
                      
        
        <contentMeta>
                                 
            
            <countGroup>
                                            
                
                <count number="5" type="figureTotal"/>
                                            
                
                <count number="3" type="tableTotal"/>
                                            
                
                <count number="55" type="referenceTotal"/>
                                         
            
            </countGroup>
                                 
            
            <titleGroup>
                                            
                
                <title type="main">Business Intelligence and Big Data Analytics for Industry 4.0</title>
                                         
            
            </titleGroup>
                                 
            
            <creators>
                                            
                
                <creator affiliationRef="#c2-aff-0001" creatorRole="author" xml:id="c2-cr-0001">
                                                       
                    
                    <personName>
                                                                  
                        
                        <givenNames>N.</givenNames>
                                                                  
                        
                        <familyName>Rajkumar</familyName>
                                                               
                    
                    </personName>
                                                    
                
                </creator>
                                            
                
                <creator affiliationRef="#c2-aff-0001" creatorRole="author" xml:id="c2-cr-0003">
                                                       
                    
                    <personName>
                                                                  
                        
                        <givenNames>C.</givenNames>
                                                                  
                        
                        <familyName>Viji</familyName>
                                                               
                    
                    </personName>
                                                    
                
                </creator>
                                            
                
                <creator affiliationRef="#c2-aff-0002" creatorRole="author" xml:id="c2-cr-0005">
                                                       
                    
                    <personName>
                                                                  
                        
                        <givenNames>Balusamy</givenNames>
                                                                  
                        
                        <familyName>Nachiappan</familyName>
                                                               
                    
                    </personName>
                                                    
                
                </creator>
                                            
                
                <creator affiliationRef="#c2-aff-0003" creatorRole="author" xml:id="c2-cr-0007">
                                                       
                    
                    <personName>
                                                                  
                        
                        <givenNames>A.</givenNames>
                                                                  
                        
                        <familyName>Mohanraj</familyName>
                                                               
                    
                    </personName>
                                                    
                
                </creator>
                                            
                
                <creator affiliationRef="#c2-aff-0004" creatorRole="author" xml:id="c2-cr-0009">
                                                       
                    
                    <personName>
                                                                  
                        
                        <givenNames>N.</givenNames>
                                                                  
                        
                        <familyName>Karthikeyan</familyName>
                                                               
                    
                    </personName>
                                                    
                
                </creator>
                                            
                
                <creator affiliationRef="#c2-aff-0001" creatorRole="author" xml:id="c2-cr-0011">
                                                       
                    
                    <personName>
                                                                  
                        
                        <givenNames>J.</givenNames>
                                                                  
                        
                        <familyName>Judeson Antony Kovilpillai</familyName>
                                                               
                    
                    </personName>
                                                    
                
                </creator>
                                            
                
                <creator affiliationRef="#c2-aff-0005" creatorRole="author" xml:id="c2-cr-0013">
                                                       
                    
                    <personName>
                                                                  
                        
                        <givenNames>R</givenNames>
                                                                  
                        
                        <familyName>Sathiyaraj</familyName>
                                                               
                    
                    </personName>
                                                    
                
                </creator>
                                         
            
            </creators>
                                 
            
            <affiliationGroup>
                                            
                
                <affiliation countryCode="IN" type="organization" xml:id="c2-aff-0001">
                                                       
                    
                    <orgDiv>Department of Computer Science &amp; Engineering, Alliance College of Engineering and Design</orgDiv>
                                                       
                    
                    <orgName>Alliance University</orgName>
                                                       
                    
                    <address>
                                                                  
                        
                        <city>Bengaluru</city>
                                                                  
                        
                        <countryPart>Karnataka</countryPart>
                                                                  
                        
                        <country>India</country>
                                                               
                    
                    </address>
                                                    
                
                </affiliation>
                                            
                
                <affiliation countryCode="US" type="organization" xml:id="c2-aff-0002">
                                                       
                    
                    <orgName>Department of Information Technology, Prologis</orgName>
                                                       
                    
                    <address>
                                                                  
                        
                        <city>Denver</city>
                                                                  
                        
                        <country>USA</country>
                                                               
                    
                    </address>
                                                    
                
                </affiliation>
                                            
                
                <affiliation countryCode="IN" type="organization" xml:id="c2-aff-0003">
                                                       
                    
                    <orgDiv>Department of Computer Science &amp; Engineering</orgDiv>
                                                       
                    
                    <orgName>Sri Eshwar College of Engineering</orgName>
                                                       
                    
                    <address>
                                                                  
                        
                        <city>Coimbatore</city>
                                                                  
                        
                        <countryPart>Tamil Nadu</countryPart>
                                                                  
                        
                        <country>India</country>
                                                               
                    
                    </address>
                                                    
                
                </affiliation>
                                            
                
                <affiliation countryCode="IN" type="organization" xml:id="c2-aff-0004">
                                                       
                    
                    <orgDiv>Vellore Institute of Technology</orgDiv>
                                                       
                    
                    <orgName>School of Computer Science and Engineering</orgName>
                                                       
                    
                    <address>
                                                                  
                        
                        <city>Chennai</city>
                                                                  
                        
                        <country>India</country>
                                                               
                    
                    </address>
                                                    
                
                </affiliation>
                                            
                
                <affiliation countryCode="IN" type="organization" xml:id="c2-aff-0005">
                                                       
                    
                    <orgDiv>GITAM School of Technology</orgDiv>
                                                       
                    
                    <orgName>GITAM University</orgName>
                                                       
                    
                    <address>
                                                                  
                        
                        <city>Bangalore</city>
                                                                  
                        
                        <country>India</country>
                                                               
                    
                    </address>
                                                    
                
                </affiliation>
                                         
            
            </affiliationGroup>
                                 
            
            <keywordGroup type="author">
                                            
                
                <keyword xml:id="kwd-0001">Industry 4.0</keyword>
                                            
                
                <keyword xml:id="kwd-0002">business intelligence</keyword>
                                            
                
                <keyword xml:id="kwd-0003">big data analytics</keyword>
                                            
                
                <keyword xml:id="kwd-0004">machine learning</keyword>
                                            
                
                <keyword xml:id="kwd-0005">artificial intelligence</keyword>
                                         
            
            </keywordGroup>
                                 
            
            <abstractGroup>
                                            
                
                <abstract type="main">
                                                       
                    
                    <title type="main">Summary</title>
                                                       
                    
                    <p>Industry 4.0 industries are experiencing extensive changes pushed by way of statistics‐pushed choices, new technologies, and connectivity. This looks at and explores how the complexity of Industry 4.0 is typically driven by business intelligence (BI) and large records analytics. We live in a generation packed with large amounts of dynamic and diverse statistics because of the convergence of cyberbodily systems, smart devices, and the net of factors (IoT). For organizations to efficaciously leverage those large quantities of information, commercial business intelligence (BI) and statistics analytics are essential technologies. Business intelligence normally entails the collection, evaluation, and presentation of corporation information, forming the premise for knowledgeable selection‐making. Business intelligence (BI) in Industry 4.0 consists of real‐time analytics and predictive insights that move beyond widespread reporting. To this leap forward, agencies can now leverage insights gleaned from the considerable amounts of statistics generated by using connected devices and processes. Huge statistical analytics, however, is essential to studying large amounts of data and finding interesting patterns. Due to the volume, velocity, and style of data produced through Industry 4.0, advanced analytical methods which include machine‐gaining knowledge of artificial intelligence are required. By the usage of these strategies, corporations can expect new traits, locate previously ignored connections, and significantly enhance their operations.</p>
                                                    
                
                </abstract>
                                         
            
            </abstractGroup>
                              
        
        </contentMeta>
                   
    
    </header>
           
    
    
        

</component>