<?xml version="1.0" encoding="UTF-8"?><component xmlns="http://www.wiley.com/namespaces/wiley" xmlns:wiley="http://www.wiley.com/namespaces/wiley/wiley" type="bookChapter" version="2.0" xml:id="w9781394275045c3" xml:lang="en">
           
    
    <header>
                      
        
        <publicationMeta level="product">
                                 
            
            <publisherInfo>
                                            
                
                <publisherName>John Wiley &amp; Sons, Inc.</publisherName>
                                            
                
                <publisherLoc>Hoboken, NJ, USA</publisherLoc>
                                         
            
            </publisherInfo>
                                 
            
            <doi origin="wiley" registered="yes">10.1002/9781394275076</doi>
                                 
            
            <isbn type="online-13">9781394275076</isbn>
                                 
            
            <isbn type="printCloth-13">9781394275045</isbn>
                                 
            
            <idGroup>
                                            
                
                <id type="product" value="N9781394275076"/>
                                         
            
            </idGroup>
                                 
            
            <titleGroup>
                                            
                
                <title sort="ARTIFICIAL INTELLIGENCE AND MACHINE LEARNING FOR INDUSTRY 4.0" type="main">Artificial Intelligence and Machine Learning for Industry 4.0</title>
                                            
                
                <title type="tocForm">Artificial Intelligence and Machine Learning for Industry 4.0</title>
                                         
            
            </titleGroup>
                                 
            
            <copyright ownership="thirdParty">© 2025 Scrivener Publishing LLC</copyright>
                                 
            
            <eventGroup>
                                            
                
                <event date="2025-06-23" type="publishedPrint"/>
                                         
            
            </eventGroup>
                                 
            
            <creators>
                                            
                
                <creator creatorRole="editor" xml:id="cr-0001">
                                                       
                    
                    <personName>
                                                                  
                        
                        <givenNames>M.</givenNames>
                                                                  
                        
                        <familyName>Thirunavukkarasan</familyName>
                                                               
                    
                    </personName>
                                                    
                
                </creator>
                                            
                
                <creator creatorRole="editor" xml:id="cr-0002">
                                                       
                    
                    <personName>
                                                                  
                        
                        <givenNames>S. A.</givenNames>
                                                                  
                        
                        <familyName>Sahaaya Arul Mary</familyName>
                                                               
                    
                    </personName>
                                                    
                
                </creator>
                                            
                
                <creator creatorRole="editor" xml:id="cr-0003">
                                                       
                    
                    <personName>
                                                                  
                        
                        <givenNames>R</givenNames>
                                                                  
                        
                        <familyName>Sathiyaraj</familyName>
                                                               
                    
                    </personName>
                                                    
                
                </creator>
                                            
                
                <creator creatorRole="editor" xml:id="cr-0004">
                                                       
                    
                    <personName>
                                                                  
                        
                        <givenNames>G. S.</givenNames>
                                                                  
                        
                        <familyName>Pradeep Ghantasala</familyName>
                                                               
                    
                    </personName>
                                                    
                
                </creator>
                                            
                
                <creator creatorRole="editor" xml:id="cr-0005">
                                                       
                    
                    <personName>
                                                                  
                        
                        <givenNames>Mudassir</givenNames>
                                                                  
                        
                        <familyName>Khan</familyName>
                                                               
                    
                    </personName>
                                                    
                
                </creator>
                                         
            
            </creators>
                              
        
        </publicationMeta>
                      
        
        <publicationMeta level="unit" position="40" type="chapter">
                                 
            
            <doi origin="wiley" registered="yes">10.1002/9781394275076.ch3</doi>
                                 
            
            <idGroup>
                                            
                
                <id type="unit" value="ch3"/>
                                            
                
                <id type="file" value="ch3"/>
                                         
            
            </idGroup>
                                 
            
            <countGroup>
                                            
                
                <count number="31" type="pageTotal"/>
                                         
            
            </countGroup>
                                 
            
            <copyright ownership="thirdParty">© 2025 Scrivener Publishing LLC</copyright>
                                 
            
            <eventGroup><event agent="SPi Global" date="2025-06-06" type="xmlCreated"/><event date="2025-06-07" type="publishedOnlineFinalForm"/><event date="2025-06-07" type="firstOnline"/><event type="xmlConverted" agent="Converter:WML3G_To_WML3G version:1.9.3 mode:Header,remove_FC" date="2025-06-07"/></eventGroup>
                                 
            
            <numberingGroup>
                                            
                
                <numbering type="main">3</numbering>
                                            
                
                <numbering type="pageFirst">55</numbering>
                                            
                
                <numbering type="pageLast">85</numbering>
                                         
            
            </numberingGroup>
                                 
            
            <linkGroup>
                                            
                
                <link href="file:ch3.pdf" type="toTypesetVersion"/>
                                         
            
            </linkGroup>
                              
        
        </publicationMeta>
                      
        
        <contentMeta>
                                 
            
            <countGroup>
                                            
                
                <count number="3" type="figureTotal"/>
                                            
                
                <count number="1" type="tableTotal"/>
                                            
                
                <count number="57" type="referenceTotal"/>
                                         
            
            </countGroup>
                                 
            
            <titleGroup>
                                            
                
                <title type="main">“AI‐Powered Mental Health Innovations”</title>
                                            
                
                <title type="subtitle">Handling the Effects of Industry 4.0 on Health</title>
                                            
                
                <title type="tocForm">“AI‐Powered Mental Health Innovations”: Handling the Effects of Industry 4.0 on Health</title>
                                         
            
            </titleGroup>
                                 
            
            <creators>
                                            
                
                <creator affiliationRef="#c3-aff-0001" corresponding="yes" creatorRole="author" xml:id="c3-cr-0001">
                                                       
                    
                    <personName>
                                                                  
                        
                        <givenNames>U</givenNames>
                                                                  
                        
                        <familyName>Ananthanagu</familyName>
                                                               
                    
                    </personName>
                                                    
                
                </creator>
                                            
                
                <creator affiliationRef="#c3-aff-0001" creatorRole="author" xml:id="c3-cr-0002">
                                                       
                    
                    <personName>
                                                                  
                        
                        <givenNames>Pooja</givenNames>
                                                                  
                        
                        <familyName>Agarwal</familyName>
                                                               
                    
                    </personName>
                                                    
                
                </creator>
                                         
            
            </creators>
                                 
            
            <affiliationGroup>
                                            
                
                <affiliation countryCode="IN" type="organization" xml:id="c3-aff-0001">
                                                       
                    
                    <orgDiv>Department of Computer Science and Engineering</orgDiv>
                                                       
                    
                    <orgName>PES University</orgName>
                                                       
                    
                    <address>
                                                                  
                        
                        <city>Bengaluru</city>
                                                                  
                        
                        <country>India</country>
                                                               
                    
                    </address>
                                                    
                
                </affiliation>
                                         
            
            </affiliationGroup>
                                 
            
            <keywordGroup type="author">
                                            
                
                <keyword xml:id="kwd-0001">AI‐artificial intelligence</keyword>
                                            
                
                <keyword xml:id="kwd-0002">Industry 4.0</keyword>
                                            
                
                <keyword xml:id="kwd-0003">and information and communication technology (ICT)</keyword>
                                            
                
                <keyword xml:id="kwd-0004">mental health</keyword>
                                         
            
            </keywordGroup>
                                 
            
            <abstractGroup>
                                            
                
                <abstract type="main">
                                                       
                    
                    <title type="main">Summary</title>
                                                       
                    
                    <p>Industry 4.0 innovations—which include the use of digitalization, artificial intelligence (AI), customer response data, and cutting‐edge technologies—are causing a revolution in the medical services sector. By using proactive therapy, especially for early disease identification and control, this change seeks to improve patient comfort. Healthcare delivery is being revolutionized by technologies like VR‐ Virtual Reality, AI, IoT‐Internet of Things and Big Data. The current epidemic has brought even more attention to the problems facing the mental health systems of today, including a lack of psychiatrists, lengthy wait periods, and stigma. These issues underline the necessity for digital change. AI's ability to improve mental health has been proved by the growth of online treatment, which has also made distant therapy more practical. Information and communication technology (ICT) applications for mental therapy and different medical diagnoses. The basis of Industry 4.0, which includes IoT, cloud computing, big data, remote internet, 5G, augmented/virtual reality, and AI, offers an intelligent, patient‐centered healthcare system that is more sustainable and efficient overall. The chapter examines how new technologies, by providing creative answers to contemporary problems, can transform mental health care.</p>
                                                    
                
                </abstract>
                                         
            
            </abstractGroup>
                              
        
        </contentMeta>
                   
    
    </header>
           
    
    
        

</component>