<?xml version="1.0" encoding="UTF-8"?><component xmlns="http://www.wiley.com/namespaces/wiley" xmlns:wiley="http://www.wiley.com/namespaces/wiley/wiley" type="bookChapter" version="2.0" xml:id="w9781394275045c4" xml:lang="en">
           
    
    <header>
                      
        
        <publicationMeta level="product">
                                 
            
            <publisherInfo>
                                            
                
                <publisherName>John Wiley &amp; Sons, Inc.</publisherName>
                                            
                
                <publisherLoc>Hoboken, NJ, USA</publisherLoc>
                                         
            
            </publisherInfo>
                                 
            
            <doi origin="wiley" registered="yes">10.1002/9781394275076</doi>
                                 
            
            <isbn type="online-13">9781394275076</isbn>
                                 
            
            <isbn type="printCloth-13">9781394275045</isbn>
                                 
            
            <idGroup>
                                            
                
                <id type="product" value="N9781394275076"/>
                                         
            
            </idGroup>
                                 
            
            <titleGroup>
                                            
                
                <title sort="ARTIFICIAL INTELLIGENCE AND MACHINE LEARNING FOR INDUSTRY 4.0" type="main">Artificial Intelligence and Machine Learning for Industry 4.0</title>
                                            
                
                <title type="tocForm">Artificial Intelligence and Machine Learning for Industry 4.0</title>
                                         
            
            </titleGroup>
                                 
            
            <copyright ownership="thirdParty">© 2025 Scrivener Publishing LLC</copyright>
                                 
            
            <eventGroup>
                                            
                
                <event date="2025-06-23" type="publishedPrint"/>
                                         
            
            </eventGroup>
                                 
            
            <creators>
                                            
                
                <creator creatorRole="editor" xml:id="cr-0001">
                                                       
                    
                    <personName>
                                                                  
                        
                        <givenNames>M.</givenNames>
                                                                  
                        
                        <familyName>Thirunavukkarasan</familyName>
                                                               
                    
                    </personName>
                                                    
                
                </creator>
                                            
                
                <creator creatorRole="editor" xml:id="cr-0002">
                                                       
                    
                    <personName>
                                                                  
                        
                        <givenNames>S. A.</givenNames>
                                                                  
                        
                        <familyName>Sahaaya Arul Mary</familyName>
                                                               
                    
                    </personName>
                                                    
                
                </creator>
                                            
                
                <creator creatorRole="editor" xml:id="cr-0003">
                                                       
                    
                    <personName>
                                                                  
                        
                        <givenNames>R</givenNames>
                                                                  
                        
                        <familyName>Sathiyaraj</familyName>
                                                               
                    
                    </personName>
                                                    
                
                </creator>
                                            
                
                <creator creatorRole="editor" xml:id="cr-0004">
                                                       
                    
                    <personName>
                                                                  
                        
                        <givenNames>G. S.</givenNames>
                                                                  
                        
                        <familyName>Pradeep Ghantasala</familyName>
                                                               
                    
                    </personName>
                                                    
                
                </creator>
                                            
                
                <creator creatorRole="editor" xml:id="cr-0005">
                                                       
                    
                    <personName>
                                                                  
                        
                        <givenNames>Mudassir</givenNames>
                                                                  
                        
                        <familyName>Khan</familyName>
                                                               
                    
                    </personName>
                                                    
                
                </creator>
                                         
            
            </creators>
                              
        
        </publicationMeta>
                      
        
        <publicationMeta level="unit" position="50" type="chapter">
                                 
            
            <doi origin="wiley" registered="yes">10.1002/9781394275076.ch4</doi>
                                 
            
            <idGroup>
                                            
                
                <id type="unit" value="ch4"/>
                                            
                
                <id type="file" value="ch4"/>
                                         
            
            </idGroup>
                                 
            
            <countGroup>
                                            
                
                <count number="19" type="pageTotal"/>
                                         
            
            </countGroup>
                                 
            
            <copyright ownership="thirdParty">© 2025 Scrivener Publishing LLC</copyright>
                                 
            
            <eventGroup><event agent="SPi Global" date="2025-06-06" type="xmlCreated"/><event date="2025-06-07" type="publishedOnlineFinalForm"/><event date="2025-06-07" type="firstOnline"/><event type="xmlConverted" agent="Converter:WML3G_To_WML3G version:1.9.3 mode:Header,remove_FC" date="2025-06-07"/></eventGroup>
                                 
            
            <numberingGroup>
                                            
                
                <numbering type="main">4</numbering>
                                            
                
                <numbering type="pageFirst">87</numbering>
                                            
                
                <numbering type="pageLast">105</numbering>
                                         
            
            </numberingGroup>
                                 
            
            <linkGroup>
                                            
                
                <link href="file:ch4.pdf" type="toTypesetVersion"/>
                                         
            
            </linkGroup>
                              
        
        </publicationMeta>
                      
        
        <contentMeta>
                                 
            
            <countGroup>
                                            
                
                <count number="13" type="figureTotal"/>
                                            
                
                <count number="28" type="referenceTotal"/>
                                         
            
            </countGroup>
                                 
            
            <titleGroup>
                                            
                
                <title type="main">AI ML Empowered Smart Buildings and Factories</title>
                                         
            
            </titleGroup>
                                 
            
            <creators>
                                            
                
                <creator affiliationRef="#c4-aff-0001" corresponding="yes" creatorRole="author" xml:id="c4-cr-0001">
                                                       
                    
                    <personName>
                                                                  
                        
                        <givenNames>Akey</givenNames>
                                                                  
                        
                        <familyName>Sungheetha</familyName>
                                                               
                    
                    </personName>
                                                    
                
                </creator>
                                            
                
                <creator affiliationRef="#c4-aff-0001" creatorRole="author" xml:id="c4-cr-0002">
                                                       
                    
                    <personName>
                                                                  
                        
                        <givenNames>R.</givenNames>
                                                                  
                        
                        <familyName>Rajesh Sharma</familyName>
                                                               
                    
                    </personName>
                                                    
                
                </creator>
                                            
                
                <creator affiliationRef="#c4-aff-0002" creatorRole="author" xml:id="c4-cr-0003">
                                                       
                    
                    <personName>
                                                                  
                        
                        <givenNames>R.</givenNames>
                                                                  
                        
                        <familyName>Chinnaiyan</familyName>
                                                               
                    
                    </personName>
                                                    
                
                </creator>
                                            
                
                <creator affiliationRef="#c4-aff-0001" creatorRole="author" xml:id="c4-cr-0004">
                                                       
                    
                    <personName>
                                                                  
                        
                        <givenNames>G. S. Pradeep</givenNames>
                                                                  
                        
                        <familyName>Ghantasala</familyName>
                                                               
                    
                    </personName>
                                                    
                
                </creator>
                                         
            
            </creators>
                                 
            
            <affiliationGroup>
                                            
                
                <affiliation countryCode="IN" type="organization" xml:id="c4-aff-0001">
                                                       
                    
                    <orgDiv>Department of Computer Science and Engineering</orgDiv>
                                                       
                    
                    <orgName>Alliance University</orgName>
                                                       
                    
                    <address>
                                                                  
                        
                        <city>Bangalore</city>
                                                                  
                        
                        <country>India</country>
                                                               
                    
                    </address>
                                                    
                
                </affiliation>
                                            
                
                <affiliation countryCode="IN" type="organization" xml:id="c4-aff-0002">
                                                       
                    
                    <orgDiv>Department of Computer Science and Engineering</orgDiv>
                                                       
                    
                    <orgName>Lingayas Vidyapeeth University</orgName>
                                                       
                    
                    <address>
                                                                  
                        
                        <city>Faridabad</city>
                                                                  
                        
                        <countryPart>Haryana</countryPart>
                                                                  
                        
                        <country>India</country>
                                                               
                    
                    </address>
                                                    
                
                </affiliation>
                                         
            
            </affiliationGroup>
                                 
            
            <keywordGroup type="author">
                                            
                
                <keyword xml:id="kwd-0001">IoT</keyword>
                                            
                
                <keyword xml:id="kwd-0002">sensors</keyword>
                                            
                
                <keyword xml:id="kwd-0003">data</keyword>
                                            
                
                <keyword xml:id="kwd-0004">energy</keyword>
                                            
                
                <keyword xml:id="kwd-0005">smart buildings</keyword>
                                         
            
            </keywordGroup>
                                 
            
            <abstractGroup>
                                            
                
                <abstract type="main">
                                                       
                    
                    <title type="main">Summary</title>
                                                       
                    
                    <p>This chapter examines machine learning's important role in automating numerous tasks. In “intelligent” buildings, the use of mobile devices and computers may greatly simplify tasks like monitoring security, regulating the interior climate, and carrying out routine maintenance. The World Wide Web or Internet of Things is used by intelligent buildings to create connections between the various parts that comprise the building. The chapter also covers the development of artificial intelligence at smart buildings, with a focus on global issues. Specifically, energy conservation and consumption pose the biggest obstacles for all industries, but particularly for the home and industrial sectors. The foundation of Production 4.0 is founded by an innovative knowledge termed the internet of everything (IoeT). The IoT makes it possible for mechanisms and devices to communicate seamlessly.</p>
                                                       
                    
                    <p>In the context of building engineering and construction industry 4.0, the chapter explores in detail the claims made by the domains of computing (artificial intelligence), informed machine learning techniques (ML), as well as deep learning algorithms (DL). It also looks at the idea of intelligent manufacturing for smart cities. These applications comprise architectural enterprise besides picturing, structural analysis and plan, material design in addition to optimization, off‐site manufacturing while automation, construction supervision and progress tracking, longevity, life cycle assessment, smart functioning, building administration, and the circular economy are all included. Insights into the Smart building technology is based on the integration of devices, large information, with AI. To support smart building applications, a thorough examination and categorization of machine learning approaches are provided. A new era in city energy efficiency may result from this. Artificial intelligence (AI) can be used in intelligent structures to improve control, automation, and dependability—all of which will lead to a decrease in energy usage.</p>
                                                       
                    
                    <p>Within the broader architecture, technology, and construction sector, the chapter highlights how IoT, big data, through artificial intelligence have become more integrated; thanks to the quick advancement of technology, which has been fueled by machine learning as well as IoT. Innovation besides technological advancement in the manufacturing have accelerated due to this convergence. This book chapter gives a thorough overview of how “smart” manufacturing is becoming the norm and how the traditional production‐oriented manufacturing environment is soon to give way to one that is more data‐oriented, automated, and smart.</p>
                                                    
                
                </abstract>
                                         
            
            </abstractGroup>
                              
        
        </contentMeta>
                   
    
    </header>
           
    
    
        

</component>