<?xml version="1.0" encoding="UTF-8"?><component xmlns="http://www.wiley.com/namespaces/wiley" xmlns:wiley="http://www.wiley.com/namespaces/wiley/wiley" type="bookChapter" version="2.0" xml:id="w9781394275045c5" xml:lang="en">
           
    
    <header>
                      
        
        <publicationMeta level="product">
                                 
            
            <publisherInfo>
                                            
                
                <publisherName>John Wiley &amp; Sons, Inc.</publisherName>
                                            
                
                <publisherLoc>Hoboken, NJ, USA</publisherLoc>
                                         
            
            </publisherInfo>
                                 
            
            <doi origin="wiley" registered="yes">10.1002/9781394275076</doi>
                                 
            
            <isbn type="online-13">9781394275076</isbn>
                                 
            
            <isbn type="printCloth-13">9781394275045</isbn>
                                 
            
            <idGroup>
                                            
                
                <id type="product" value="N9781394275076"/>
                                         
            
            </idGroup>
                                 
            
            <titleGroup>
                                            
                
                <title sort="ARTIFICIAL INTELLIGENCE AND MACHINE LEARNING FOR INDUSTRY 4.0" type="main">Artificial Intelligence and Machine Learning for Industry 4.0</title>
                                            
                
                <title type="tocForm">Artificial Intelligence and Machine Learning for Industry 4.0</title>
                                         
            
            </titleGroup>
                                 
            
            <copyright ownership="thirdParty">© 2025 Scrivener Publishing LLC</copyright>
                                 
            
            <eventGroup>
                                            
                
                <event date="2025-06-23" type="publishedPrint"/>
                                         
            
            </eventGroup>
                                 
            
            <creators>
                                            
                
                <creator creatorRole="editor" xml:id="cr-0001">
                                                       
                    
                    <personName>
                                                                  
                        
                        <givenNames>M.</givenNames>
                                                                  
                        
                        <familyName>Thirunavukkarasan</familyName>
                                                               
                    
                    </personName>
                                                    
                
                </creator>
                                            
                
                <creator creatorRole="editor" xml:id="cr-0002">
                                                       
                    
                    <personName>
                                                                  
                        
                        <givenNames>S. A.</givenNames>
                                                                  
                        
                        <familyName>Sahaaya Arul Mary</familyName>
                                                               
                    
                    </personName>
                                                    
                
                </creator>
                                            
                
                <creator creatorRole="editor" xml:id="cr-0003">
                                                       
                    
                    <personName>
                                                                  
                        
                        <givenNames>R</givenNames>
                                                                  
                        
                        <familyName>Sathiyaraj</familyName>
                                                               
                    
                    </personName>
                                                    
                
                </creator>
                                            
                
                <creator creatorRole="editor" xml:id="cr-0004">
                                                       
                    
                    <personName>
                                                                  
                        
                        <givenNames>G. S.</givenNames>
                                                                  
                        
                        <familyName>Pradeep Ghantasala</familyName>
                                                               
                    
                    </personName>
                                                    
                
                </creator>
                                            
                
                <creator creatorRole="editor" xml:id="cr-0005">
                                                       
                    
                    <personName>
                                                                  
                        
                        <givenNames>Mudassir</givenNames>
                                                                  
                        
                        <familyName>Khan</familyName>
                                                               
                    
                    </personName>
                                                    
                
                </creator>
                                         
            
            </creators>
                              
        
        </publicationMeta>
                      
        
        <publicationMeta level="unit" position="60" type="chapter">
                                 
            
            <doi origin="wiley" registered="yes">10.1002/9781394275076.ch5</doi>
                                 
            
            <idGroup>
                                            
                
                <id type="unit" value="ch5"/>
                                            
                
                <id type="file" value="ch5"/>
                                         
            
            </idGroup>
                                 
            
            <countGroup>
                                            
                
                <count number="37" type="pageTotal"/>
                                         
            
            </countGroup>
                                 
            
            <copyright ownership="thirdParty">© 2025 Scrivener Publishing LLC</copyright>
                                 
            
            <eventGroup><event agent="SPi Global" date="2025-06-06" type="xmlCreated"/><event date="2025-06-07" type="publishedOnlineFinalForm"/><event date="2025-06-07" type="firstOnline"/><event type="xmlConverted" agent="Converter:WML3G_To_WML3G version:1.9.3 mode:Header,remove_FC" date="2025-06-07"/></eventGroup>
                                 
            
            <numberingGroup>
                                            
                
                <numbering type="main">5</numbering>
                                            
                
                <numbering type="pageFirst">107</numbering>
                                            
                
                <numbering type="pageLast">143</numbering>
                                         
            
            </numberingGroup>
                                 
            
            <linkGroup>
                                            
                
                <link href="file:ch5.pdf" type="toTypesetVersion"/>
                                         
            
            </linkGroup>
                              
        
        </publicationMeta>
                      
        
        <contentMeta>
                                 
            
            <countGroup>
                                            
                
                <count number="8" type="figureTotal"/>
                                            
                
                <count number="89" type="referenceTotal"/>
                                         
            
            </countGroup>
                                 
            
            <titleGroup>
                                            
                
                <title type="main">Applications of Artificial Intelligence and Machine Learning in Industry 4.0</title>
                                         
            
            </titleGroup>
                                 
            
            <creators>
                                            
                
                <creator affiliationRef="#c5-aff-0001" creatorRole="author" xml:id="c5-cr-0001">
                                                       
                    
                    <personName>
                                                                  
                        
                        <givenNames>Tina</givenNames>
                                                                  
                        
                        <familyName>Babu</familyName>
                                                               
                    
                    </personName>
                                                    
                
                </creator>
                                            
                
                <creator affiliationRef="#c5-aff-0001" creatorRole="author" xml:id="c5-cr-0002">
                                                       
                    
                    <personName>
                                                                  
                        
                        <givenNames>Rekha R.</givenNames>
                                                                  
                        
                        <familyName>Nair</familyName>
                                                               
                    
                    </personName>
                                                    
                
                </creator>
                                            
                
                <creator affiliationRef="#c5-aff-0002" creatorRole="author" xml:id="c5-cr-0003">
                                                       
                    
                    <personName>
                                                                  
                        
                        <givenNames>S.</givenNames>
                                                                  
                        
                        <familyName>Kishore</familyName>
                                                               
                    
                    </personName>
                                                    
                
                </creator>
                                         
            
            </creators>
                                 
            
            <affiliationGroup>
                                            
                
                <affiliation countryCode="IN" type="organization" xml:id="c5-aff-0001">
                                                       
                    
                    <orgDiv>Department of Computer Science and Engineering</orgDiv>
                                                       
                    
                    <orgName>Alliance College of Engineering and Design Alliance University</orgName>
                                                       
                    
                    <address>
                                                                  
                        
                        <city>Bengaluru</city>
                                                                  
                        
                        <country>India</country>
                                                               
                    
                    </address>
                                                    
                
                </affiliation>
                                            
                
                <affiliation countryCode="IN" type="organization" xml:id="c5-aff-0002">
                                                       
                    
                    <orgDiv>Department of Computer Applications, Nitte Institute of Professional Education</orgDiv>
                                                       
                    
                    <orgName>Nitte University</orgName>
                                                       
                    
                    <address>
                                                                  
                        
                        <city>Mangalore</city>
                                                                  
                        
                        <country>India</country>
                                                               
                    
                    </address>
                                                    
                
                </affiliation>
                                         
            
            </affiliationGroup>
                                 
            
            <keywordGroup type="author">
                                            
                
                <keyword xml:id="kwd-0001">Industry 4.0</keyword>
                                            
                
                <keyword xml:id="kwd-0002">artificial intelligence</keyword>
                                            
                
                <keyword xml:id="kwd-0003">machine learning</keyword>
                                            
                
                <keyword xml:id="kwd-0004">smart manufacturing</keyword>
                                            
                
                <keyword xml:id="kwd-0005">predictive maintenance</keyword>
                                            
                
                <keyword xml:id="kwd-0006">sustainable practices</keyword>
                                         
            
            </keywordGroup>
                                 
            
            <abstractGroup>
                                            
                
                <abstract type="main">
                                                       
                    
                    <title type="main">Summary</title>
                                                       
                    
                    <p>Industry 4.0, sometimes referred to as the fourth industrial revolution, has brought about a major transformation in the manufacturing processes through the use of smart technologies for innovation, including artificial intelligence, machine learning, and the internet of things. This chapter covers various aspects of using AI and ML in managing complex and reformed operations with emphasis on smart manufacturing, prediction in maintenance, supply chain, quality, robotics and automation, data analytics, cybersecurity, human centric operations and energy efficiency as well as sustainable industry 4.0. The chapter also looks at the application of these technologies in synergy where the convergence of the technologies leads to predictive maintenance, proper planning of production, identification of flaws and moreover the formulation of intelligent decision support systems. The chapter also explores future developments and innovation areas that can apprehend AI and ML in AM, digital twin, and cyber‐security. In addition, it stresses the imperative to adopt the sustainable principles in Industry 4. For its part, the IT industry considers zero value parts of frameworks, such as energy efficiency, renewable energy integration, and circular economy principles. In conclusion, this chapter seems to offer valuable pieces of knowledge about the use of AI and ML in industry, potential changes in its functions, increased efficiency, and environmentally friendly endeavors within the paradigm of Industry 4.0.</p>
                                                    
                
                </abstract>
                                         
            
            </abstractGroup>
                              
        
        </contentMeta>
                   
    
    </header>
           
    
    
        

</component>