<?xml version="1.0" encoding="UTF-8"?><component xmlns="http://www.wiley.com/namespaces/wiley" xmlns:wiley="http://www.wiley.com/namespaces/wiley/wiley" type="bookChapter" version="2.0" xml:id="w9781394275045c6" xml:lang="en">
           
    
    <header>
                      
        
        <publicationMeta level="product">
                                 
            
            <publisherInfo>
                                            
                
                <publisherName>John Wiley &amp; Sons, Inc.</publisherName>
                                            
                
                <publisherLoc>Hoboken, NJ, USA</publisherLoc>
                                         
            
            </publisherInfo>
                                 
            
            <doi origin="wiley" registered="yes">10.1002/9781394275076</doi>
                                 
            
            <isbn type="online-13">9781394275076</isbn>
                                 
            
            <isbn type="printCloth-13">9781394275045</isbn>
                                 
            
            <idGroup>
                                            
                
                <id type="product" value="N9781394275076"/>
                                         
            
            </idGroup>
                                 
            
            <titleGroup>
                                            
                
                <title sort="ARTIFICIAL INTELLIGENCE AND MACHINE LEARNING FOR INDUSTRY 4.0" type="main">Artificial Intelligence and Machine Learning for Industry 4.0</title>
                                            
                
                <title type="tocForm">Artificial Intelligence and Machine Learning for Industry 4.0</title>
                                         
            
            </titleGroup>
                                 
            
            <copyright ownership="thirdParty">© 2025 Scrivener Publishing LLC</copyright>
                                 
            
            <eventGroup>
                                            
                
                <event date="2025-06-23" type="publishedPrint"/>
                                         
            
            </eventGroup>
                                 
            
            <creators>
                                            
                
                <creator creatorRole="editor" xml:id="cr-0001">
                                                       
                    
                    <personName>
                                                                  
                        
                        <givenNames>M.</givenNames>
                                                                  
                        
                        <familyName>Thirunavukkarasan</familyName>
                                                               
                    
                    </personName>
                                                    
                
                </creator>
                                            
                
                <creator creatorRole="editor" xml:id="cr-0002">
                                                       
                    
                    <personName>
                                                                  
                        
                        <givenNames>S. A.</givenNames>
                                                                  
                        
                        <familyName>Sahaaya Arul Mary</familyName>
                                                               
                    
                    </personName>
                                                    
                
                </creator>
                                            
                
                <creator creatorRole="editor" xml:id="cr-0003">
                                                       
                    
                    <personName>
                                                                  
                        
                        <givenNames>R</givenNames>
                                                                  
                        
                        <familyName>Sathiyaraj</familyName>
                                                               
                    
                    </personName>
                                                    
                
                </creator>
                                            
                
                <creator creatorRole="editor" xml:id="cr-0004">
                                                       
                    
                    <personName>
                                                                  
                        
                        <givenNames>G. S.</givenNames>
                                                                  
                        
                        <familyName>Pradeep Ghantasala</familyName>
                                                               
                    
                    </personName>
                                                    
                
                </creator>
                                            
                
                <creator creatorRole="editor" xml:id="cr-0005">
                                                       
                    
                    <personName>
                                                                  
                        
                        <givenNames>Mudassir</givenNames>
                                                                  
                        
                        <familyName>Khan</familyName>
                                                               
                    
                    </personName>
                                                    
                
                </creator>
                                         
            
            </creators>
                              
        
        </publicationMeta>
                      
        
        <publicationMeta level="unit" position="70" type="chapter">
                                 
            
            <doi origin="wiley" registered="yes">10.1002/9781394275076.ch6</doi>
                                 
            
            <idGroup>
                                            
                
                <id type="unit" value="ch6"/>
                                            
                
                <id type="file" value="ch6"/>
                                         
            
            </idGroup>
                                 
            
            <countGroup>
                                            
                
                <count number="23" type="pageTotal"/>
                                         
            
            </countGroup>
                                 
            
            <copyright ownership="thirdParty">© 2025 Scrivener Publishing LLC</copyright>
                                 
            
            <eventGroup><event agent="SPi Global" date="2025-06-06" type="xmlCreated"/><event date="2025-06-07" type="publishedOnlineFinalForm"/><event date="2025-06-07" type="firstOnline"/><event type="xmlConverted" agent="Converter:WML3G_To_WML3G version:1.9.3 mode:Header,remove_FC" date="2025-06-07"/></eventGroup>
                                 
            
            <numberingGroup>
                                            
                
                <numbering type="main">6</numbering>
                                            
                
                <numbering type="pageFirst">145</numbering>
                                            
                
                <numbering type="pageLast">167</numbering>
                                         
            
            </numberingGroup>
                                 
            
            <linkGroup>
                                            
                
                <link href="file:ch6.pdf" type="toTypesetVersion"/>
                                         
            
            </linkGroup>
                              
        
        </publicationMeta>
                      
        
        <contentMeta>
                                 
            
            <countGroup>
                                            
                
                <count number="7" type="figureTotal"/>
                                            
                
                <count number="7" type="tableTotal"/>
                                            
                
                <count number="24" type="referenceTotal"/>
                                         
            
            </countGroup>
                                 
            
            <titleGroup>
                                            
                
                <title type="main">Application of Machine Learning in Moisture Content Prediction of Coffee Drying Process</title>
                                         
            
            </titleGroup>
                                 
            
            <creators>
                                            
                
                <creator affiliationRef="#c6-aff-0001" creatorRole="author" xml:id="c6-cr-0001">
                                                       
                    
                    <personName>
                                                                  
                        
                        <givenNames>Tuan M.</givenNames>
                                                                  
                        
                        <familyName>Le</familyName>
                                                               
                    
                    </personName>
                                                    
                
                </creator>
                                            
                
                <creator affiliationRef="#c6-aff-0001" creatorRole="author" xml:id="c6-cr-0002">
                                                       
                    
                    <personName>
                                                                  
                        
                        <givenNames>Thuy T.</givenNames>
                                                                  
                        
                        <familyName>Tran</familyName>
                                                               
                    
                    </personName>
                                                    
                
                </creator>
                                            
                
                <creator affiliationRef="#c6-aff-0001" creatorRole="author" xml:id="c6-cr-0003">
                                                       
                    
                    <personName>
                                                                  
                        
                        <givenNames>Hieu M.</givenNames>
                                                                  
                        
                        <familyName>Tran</familyName>
                                                               
                    
                    </personName>
                                                    
                
                </creator>
                                            
                
                <creator affiliationRef="#c6-aff-0001 #c6-aff-0002" creatorRole="author" xml:id="c6-cr-0004">
                                                       
                    
                    <personName>
                                                                  
                        
                        <givenNames>Son V.T.</givenNames>
                                                                  
                        
                        <familyName>Dao</familyName>
                                                               
                    
                    </personName>
                                                    
                
                </creator>
                                         
            
            </creators>
                                 
            
            <affiliationGroup>
                                            
                
                <affiliation countryCode="VN" type="organization" xml:id="c6-aff-0001">
                                                       
                    
                    <orgDiv>School of Electrical Engineering, International University</orgDiv>
                                                       
                    
                    <orgName>Vietnam National University Ho Chi Minh City</orgName>
                                                       
                    
                    <address>
                                                                  
                        
                        <city>HCMC</city>
                                                                  
                        
                        <country>Vietnam</country>
                                                               
                    
                    </address>
                                                    
                
                </affiliation>
                                            
                
                <affiliation countryCode="VN" type="organization" xml:id="c6-aff-0002">
                                                       
                    
                    <orgDiv>School of Science, Engineering and Technology</orgDiv>
                                                       
                    
                    <orgName>RMIT University Vietnam</orgName>
                                                       
                    
                    <address>
                                                                  
                        
                        <city>Ho Chi Minh City</city>
                                                                  
                        
                        <country>Vietnam</country>
                                                               
                    
                    </address>
                                                    
                
                </affiliation>
                                         
            
            </affiliationGroup>
                                 
            
            <keywordGroup type="author">
                                            
                
                <keyword xml:id="kwd-0001">Drying technology</keyword>
                                            
                
                <keyword xml:id="kwd-0002">moisture prediction</keyword>
                                            
                
                <keyword xml:id="kwd-0003">ANFIS</keyword>
                                            
                
                <keyword xml:id="kwd-0004">feature selection</keyword>
                                            
                
                <keyword xml:id="kwd-0005">cross validation</keyword>
                                         
            
            </keywordGroup>
                                 
            
            <abstractGroup>
                                            
                
                <abstract type="main">
                                                       
                    
                    <title type="main">Summary</title>
                                                       
                    
                    <p>Predicting humidity is not only essential for preserving product quality and shelf life, but it also presents a chance to reduce steam and energy consumption in drying technologies. Determining the predictive efficacy of machine learning (ML) approaches in the coffee production process is the aim of this research. The beverage company that specialized in coffee drying techniques provided the practical data for this research. Although they have invested a lot in their database, it has not yet been fully utilized in the investigation of the relationship between process parameters and moisture prediction. There are two supervised ML techniques: the Artificial Neural Network (ANN) and the Adaptive Network‐based Fuzzy System (ANFIS) that are conducted, two transformation data techniques (Normalization and Standardization), two evaluation metrics Root Mean Square (RMSE) and Mean Absolute Error (MAE), and two feature selection techniques Mutual Information and Correlation. As a result, the ANFIS method shows a better performance in predictive food drying techniques.</p>
                                                    
                
                </abstract>
                                         
            
            </abstractGroup>
                              
        
        </contentMeta>
                   
    
    </header>
           
    
    
        

</component>