<?xml version="1.0" encoding="UTF-8"?><component xmlns="http://www.wiley.com/namespaces/wiley" xmlns:wiley="http://www.wiley.com/namespaces/wiley/wiley" type="bookChapter" version="2.0" xml:id="w9781394275045c7" xml:lang="en">
           
    
    <header>
                      
        
        <publicationMeta level="product">
                                 
            
            <publisherInfo>
                                            
                
                <publisherName>John Wiley &amp; Sons, Inc.</publisherName>
                                            
                
                <publisherLoc>Hoboken, NJ, USA</publisherLoc>
                                         
            
            </publisherInfo>
                                 
            
            <doi origin="wiley" registered="yes">10.1002/9781394275076</doi>
                                 
            
            <isbn type="online-13">9781394275076</isbn>
                                 
            
            <isbn type="printCloth-13">9781394275045</isbn>
                                 
            
            <idGroup>
                                            
                
                <id type="product" value="N9781394275076"/>
                                         
            
            </idGroup>
                                 
            
            <titleGroup>
                                            
                
                <title sort="ARTIFICIAL INTELLIGENCE AND MACHINE LEARNING FOR INDUSTRY 4.0" type="main">Artificial Intelligence and Machine Learning for Industry 4.0</title>
                                            
                
                <title type="tocForm">Artificial Intelligence and Machine Learning for Industry 4.0</title>
                                         
            
            </titleGroup>
                                 
            
            <copyright ownership="thirdParty">© 2025 Scrivener Publishing LLC</copyright>
                                 
            
            <eventGroup>
                                            
                
                <event date="2025-06-23" type="publishedPrint"/>
                                         
            
            </eventGroup>
                                 
            
            <creators>
                                            
                
                <creator creatorRole="editor" xml:id="cr-0001">
                                                       
                    
                    <personName>
                                                                  
                        
                        <givenNames>M.</givenNames>
                                                                  
                        
                        <familyName>Thirunavukkarasan</familyName>
                                                               
                    
                    </personName>
                                                    
                
                </creator>
                                            
                
                <creator creatorRole="editor" xml:id="cr-0002">
                                                       
                    
                    <personName>
                                                                  
                        
                        <givenNames>S. A.</givenNames>
                                                                  
                        
                        <familyName>Sahaaya Arul Mary</familyName>
                                                               
                    
                    </personName>
                                                    
                
                </creator>
                                            
                
                <creator creatorRole="editor" xml:id="cr-0003">
                                                       
                    
                    <personName>
                                                                  
                        
                        <givenNames>R</givenNames>
                                                                  
                        
                        <familyName>Sathiyaraj</familyName>
                                                               
                    
                    </personName>
                                                    
                
                </creator>
                                            
                
                <creator creatorRole="editor" xml:id="cr-0004">
                                                       
                    
                    <personName>
                                                                  
                        
                        <givenNames>G. S.</givenNames>
                                                                  
                        
                        <familyName>Pradeep Ghantasala</familyName>
                                                               
                    
                    </personName>
                                                    
                
                </creator>
                                            
                
                <creator creatorRole="editor" xml:id="cr-0005">
                                                       
                    
                    <personName>
                                                                  
                        
                        <givenNames>Mudassir</givenNames>
                                                                  
                        
                        <familyName>Khan</familyName>
                                                               
                    
                    </personName>
                                                    
                
                </creator>
                                         
            
            </creators>
                              
        
        </publicationMeta>
                      
        
        <publicationMeta level="unit" position="80" type="chapter">
                                 
            
            <doi origin="wiley" registered="yes">10.1002/9781394275076.ch7</doi>
                                 
            
            <idGroup>
                                            
                
                <id type="unit" value="ch7"/>
                                            
                
                <id type="file" value="ch7"/>
                                         
            
            </idGroup>
                                 
            
            <countGroup>
                                            
                
                <count number="28" type="pageTotal"/>
                                         
            
            </countGroup>
                                 
            
            <copyright ownership="thirdParty">© 2025 Scrivener Publishing LLC</copyright>
                                 
            
            <eventGroup><event agent="SPi Global" date="2025-06-06" type="xmlCreated"/><event date="2025-06-07" type="publishedOnlineFinalForm"/><event date="2025-06-07" type="firstOnline"/><event type="xmlConverted" agent="Converter:WML3G_To_WML3G version:1.9.3 mode:Header,remove_FC" date="2025-06-07"/></eventGroup>
                                 
            
            <numberingGroup>
                                            
                
                <numbering type="main">7</numbering>
                                            
                
                <numbering type="pageFirst">169</numbering>
                                            
                
                <numbering type="pageLast">196</numbering>
                                         
            
            </numberingGroup>
                                 
            
            <linkGroup>
                                            
                
                <link href="file:ch7.pdf" type="toTypesetVersion"/>
                                         
            
            </linkGroup>
                              
        
        </publicationMeta>
                      
        
        <contentMeta>
                                 
            
            <countGroup>
                                            
                
                <count number="5" type="figureTotal"/>
                                            
                
                <count number="38" type="referenceTotal"/>
                                         
            
            </countGroup>
                                 
            
            <titleGroup>
                                            
                
                <title type="main">Survivable AI for Defense Strategies in Industry 4.0</title>
                                         
            
            </titleGroup>
                                 
            
            <creators>
                                            
                
                <creator affiliationRef="#c7-aff-0001" creatorRole="author" xml:id="c7-cr-0001">
                                                       
                    
                    <personName>
                                                                  
                        
                        <givenNames>Anuradha</givenNames>
                                                                  
                        
                        <familyName>Reddy</familyName>
                                                               
                    
                    </personName>
                                                    
                
                </creator>
                                            
                
                <creator affiliationRef="#c7-aff-0002" creatorRole="author" xml:id="c7-cr-0002">
                                                       
                    
                    <personName>
                                                                  
                        
                        <givenNames>G. S. Pradeep</givenNames>
                                                                  
                        
                        <familyName>Ghantasala</familyName>
                                                               
                    
                    </personName>
                                                    
                
                </creator>
                                            
                
                <creator affiliationRef="#c7-aff-0003" creatorRole="author" xml:id="c7-cr-0003">
                                                       
                    
                    <personName>
                                                                  
                        
                        <givenNames>Ochin</givenNames>
                                                                  
                        
                        <familyName>Sharma</familyName>
                                                               
                    
                    </personName>
                                                    
                
                </creator>
                                            
                
                <creator affiliationRef="#c7-aff-0001" creatorRole="author" xml:id="c7-cr-0004">
                                                       
                    
                    <personName>
                                                                  
                        
                        <givenNames>Mamatha</givenNames>
                                                                  
                        
                        <familyName>Kurra</familyName>
                                                               
                    
                    </personName>
                                                    
                
                </creator>
                                            
                
                <creator affiliationRef="#c7-aff-0002" creatorRole="author" xml:id="c7-cr-0005">
                                                       
                    
                    <personName>
                                                                  
                        
                        <givenNames>Kumar</givenNames>
                                                                  
                        
                        <familyName>Dilip</familyName>
                                                               
                    
                    </personName>
                                                    
                
                </creator>
                                            
                
                <creator affiliationRef="#c7-aff-0004" creatorRole="author" xml:id="c7-cr-0006">
                                                       
                    
                    <personName>
                                                                  
                        
                        <givenNames>Pellakuri</givenNames>
                                                                  
                        
                        <familyName>Vidyullatha</familyName>
                                                               
                    
                    </personName>
                                                    
                
                </creator>
                                         
            
            </creators>
                                 
            
            <affiliationGroup>
                                            
                
                <affiliation countryCode="IN" type="organization" xml:id="c7-aff-0001">
                                                       
                    
                    <orgDiv>Department of Computer Science and Engineering</orgDiv>
                                                       
                    
                    <orgName>Malla Reddy Institute of Technology &amp; Science</orgName>
                                                       
                    
                    <address>
                                                                  
                        
                        <street>Maisammaguda</street>
                                                                  
                        
                        <city>Secunderabad</city>
                                                                  
                        
                        <countryPart>Telangana</countryPart>
                                                                  
                        
                        <country>India</country>
                                                               
                    
                    </address>
                                                    
                
                </affiliation>
                                            
                
                <affiliation countryCode="IN" type="organization" xml:id="c7-aff-0002">
                                                       
                    
                    <orgDiv>Department of Computer Science and Engineering, Alliance College of Engineering and Design</orgDiv>
                                                       
                    
                    <orgName>Alliance University</orgName>
                                                       
                    
                    <address>
                                                                  
                        
                        <city>Bangalore</city>
                                                                  
                        
                        <countryPart>Karnataka</countryPart>
                                                                  
                        
                        <country>India</country>
                                                               
                    
                    </address>
                                                    
                
                </affiliation>
                                            
                
                <affiliation countryCode="IN" type="organization" xml:id="c7-aff-0003">
                                                       
                    
                    <orgDiv>Department of Computer Science and Engineering, Chitkara Institute of Engineering and Technology</orgDiv>
                                                       
                    
                    <orgName>Chitkara University</orgName>
                                                       
                    
                    <address>
                                                                  
                        
                        <city>Rajpura</city>
                                                                  
                        
                        <countryPart>Punjab</countryPart>
                                                                  
                        
                        <country>India</country>
                                                               
                    
                    </address>
                                                    
                
                </affiliation>
                                            
                
                <affiliation countryCode="IN" type="organization" xml:id="c7-aff-0004">
                                                       
                    
                    <orgName>Department of Computer Science and Engineering, Koneru Lakshmaiah Education Foundation, Vaddeswaram</orgName>
                                                       
                    
                    <address>
                                                                  
                        
                        <city>Guntur</city>
                                                                  
                        
                        <countryPart>Andhra Pradesh</countryPart>
                                                                  
                        
                        <country>India</country>
                                                               
                    
                    </address>
                                                    
                
                </affiliation>
                                         
            
            </affiliationGroup>
                                 
            
            <keywordGroup type="author">
                                            
                
                <keyword xml:id="kwd-0001">Artificial intelligence (AI)</keyword>
                                            
                
                <keyword xml:id="kwd-0002">machine learning (ML)</keyword>
                                            
                
                <keyword xml:id="kwd-0003">industry 4.0</keyword>
                                            
                
                <keyword xml:id="kwd-0004">industrial automation</keyword>
                                            
                
                <keyword xml:id="kwd-0005">smart manufacturing</keyword>
                                            
                
                <keyword xml:id="kwd-0006">industrial IoT (I IoT)</keyword>
                                            
                
                <keyword xml:id="kwd-0007">predictive maintenance</keyword>
                                            
                
                <keyword xml:id="kwd-0008">cyber‐physical systems</keyword>
                                         
            
            </keywordGroup>
                                 
            
            <abstractGroup>
                                            
                
                <abstract type="main">
                                                       
                    
                    <title type="main">Summary</title>
                                                       
                    
                    <p>The rapid progression of Industry 4.0 brings forth new opportunities and defies the defense segment, dictating the expansion of survivable artificial intelligence (AI) schemes. These systems play a vital role in preserving security, protecting precarious infrastructure, and improving the adeptness and efficacy of defense operations. This chapter discusses the key considerations for building survivable AI schemes that can endure and adapt to various threats and disruptions within the defense strategies of Industry 4.0. Mobility stands as an essential quality of survivable AI systems, requiring the depiction of discharged contraptions, fault‐tolerant designs, and dispersed contrivances to lower predilections and reduce the likelihood of errors. Security measures, including encryption, access control, and invasion recognition, are essential in preventing unauthorized access, tampering, and manipulation. Provocative heftiness is vital for protecting AI systems against malicious attacks. Practices such as refining training data and implementing anomaly detection help in fortifying AI models against adversarial tactics. Moreover, examination and situational attentiveness abilities are essential, authorizing unremitting valuation of device portrayal, real‐time hitch recognition, and human clench of the device's enactment. Survivable AI arrangements should preserve the capability for ceaseless facts and change to revolve the self‐encouraged nature of Industry 4.0 environs. This enmeshed leveraging reinforcement learning approaches, ceaseless learning agreements, and data‐driven decision‐making practices to acquaint imitations and approaches based mostly on developing instances.</p>
                                                       
                    
                    <p>Virtuous observations are prevailing, protection clarity; explicate skill, and detachment in AI decision‐making. Mitigating preconceptions and discrimination, regarding isolation and records safety concords, and conforming to virtuous philosophies and actual instances are dangerous for responsible AI temperament. Severance and gridlock classifications play a massive role in making sure decisions of operations throughout gadget calamities, cyberattacks, or interruptions. Retentive discharged modules, dispersed strategies, and failover devices permit backup competencies and structure flexibility. The elaboration of survivable AI for safety strategies in Industry 4.0 compels interdisciplinary collaboration among AI specialists, cybersecurity experts, safety professionals, and ethicists. Together, they can address the progressing challenges and safeguard responsible and effective use of AI in security applications.</p>
                                                    
                
                </abstract>
                                         
            
            </abstractGroup>
                              
        
        </contentMeta>
                   
    
    </header>
           
    
    
        

</component>