<?xml version="1.0" encoding="UTF-8"?><component xmlns="http://www.wiley.com/namespaces/wiley" xmlns:wiley="http://www.wiley.com/namespaces/wiley/wiley" type="bookChapter" version="2.0" xml:id="w9781394275045c8" xml:lang="en">
           
    
    <header>
                      
        
        <publicationMeta level="product">
                                 
            
            <publisherInfo>
                                            
                
                <publisherName>John Wiley &amp; Sons, Inc.</publisherName>
                                            
                
                <publisherLoc>Hoboken, NJ, USA</publisherLoc>
                                         
            
            </publisherInfo>
                                 
            
            <doi origin="wiley" registered="yes">10.1002/9781394275076</doi>
                                 
            
            <isbn type="online-13">9781394275076</isbn>
                                 
            
            <isbn type="printCloth-13">9781394275045</isbn>
                                 
            
            <idGroup>
                                            
                
                <id type="product" value="N9781394275076"/>
                                         
            
            </idGroup>
                                 
            
            <titleGroup>
                                            
                
                <title sort="ARTIFICIAL INTELLIGENCE AND MACHINE LEARNING FOR INDUSTRY 4.0" type="main">Artificial Intelligence and Machine Learning for Industry 4.0</title>
                                            
                
                <title type="tocForm">Artificial Intelligence and Machine Learning for Industry 4.0</title>
                                         
            
            </titleGroup>
                                 
            
            <copyright ownership="thirdParty">© 2025 Scrivener Publishing LLC</copyright>
                                 
            
            <eventGroup>
                                            
                
                <event date="2025-06-23" type="publishedPrint"/>
                                         
            
            </eventGroup>
                                 
            
            <creators>
                                            
                
                <creator creatorRole="editor" xml:id="cr-0001">
                                                       
                    
                    <personName>
                                                                  
                        
                        <givenNames>M.</givenNames>
                                                                  
                        
                        <familyName>Thirunavukkarasan</familyName>
                                                               
                    
                    </personName>
                                                    
                
                </creator>
                                            
                
                <creator creatorRole="editor" xml:id="cr-0002">
                                                       
                    
                    <personName>
                                                                  
                        
                        <givenNames>S. A.</givenNames>
                                                                  
                        
                        <familyName>Sahaaya Arul Mary</familyName>
                                                               
                    
                    </personName>
                                                    
                
                </creator>
                                            
                
                <creator creatorRole="editor" xml:id="cr-0003">
                                                       
                    
                    <personName>
                                                                  
                        
                        <givenNames>R</givenNames>
                                                                  
                        
                        <familyName>Sathiyaraj</familyName>
                                                               
                    
                    </personName>
                                                    
                
                </creator>
                                            
                
                <creator creatorRole="editor" xml:id="cr-0004">
                                                       
                    
                    <personName>
                                                                  
                        
                        <givenNames>G. S.</givenNames>
                                                                  
                        
                        <familyName>Pradeep Ghantasala</familyName>
                                                               
                    
                    </personName>
                                                    
                
                </creator>
                                            
                
                <creator creatorRole="editor" xml:id="cr-0005">
                                                       
                    
                    <personName>
                                                                  
                        
                        <givenNames>Mudassir</givenNames>
                                                                  
                        
                        <familyName>Khan</familyName>
                                                               
                    
                    </personName>
                                                    
                
                </creator>
                                         
            
            </creators>
                              
        
        </publicationMeta>
                      
        
        <publicationMeta level="unit" position="90" type="chapter">
                                 
            
            <doi origin="wiley" registered="yes">10.1002/9781394275076.ch8</doi>
                                 
            
            <idGroup>
                                            
                
                <id type="unit" value="ch8"/>
                                            
                
                <id type="file" value="ch8"/>
                                         
            
            </idGroup>
                                 
            
            <countGroup>
                                            
                
                <count number="26" type="pageTotal"/>
                                         
            
            </countGroup>
                                 
            
            <copyright ownership="thirdParty">© 2025 Scrivener Publishing LLC</copyright>
                                 
            
            <eventGroup><event agent="SPi Global" date="2025-06-06" type="xmlCreated"/><event date="2025-06-07" type="publishedOnlineFinalForm"/><event date="2025-06-07" type="firstOnline"/><event type="xmlConverted" agent="Converter:WML3G_To_WML3G version:1.9.3 mode:Header,remove_FC" date="2025-06-07"/></eventGroup>
                                 
            
            <numberingGroup>
                                            
                
                <numbering type="main">8</numbering>
                                            
                
                <numbering type="pageFirst">197</numbering>
                                            
                
                <numbering type="pageLast">222</numbering>
                                         
            
            </numberingGroup>
                                 
            
            <linkGroup>
                                            
                
                <link href="file:ch8.pdf" type="toTypesetVersion"/>
                                         
            
            </linkGroup>
                              
        
        </publicationMeta>
                      
        
        <contentMeta>
                                 
            
            <countGroup>
                                            
                
                <count number="10" type="figureTotal"/>
                                            
                
                <count number="39" type="referenceTotal"/>
                                         
            
            </countGroup>
                                 
            
            <titleGroup>
                                            
                
                <title type="main">Industry 4.0 Based Turbofan Performance Prediction</title>
                                         
            
            </titleGroup>
                                 
            
            <creators>
                                            
                
                <creator affiliationRef="#c8-aff-0001" creatorRole="author" xml:id="c8-cr-0001">
                                                       
                    
                    <personName>
                                                                  
                        
                        <givenNames>M. Sai</givenNames>
                                                                  
                        
                        <familyName>Narayan</familyName>
                                                               
                    
                    </personName>
                                                    
                
                </creator>
                                            
                
                <creator affiliationRef="#c8-aff-0002" creatorRole="author" xml:id="c8-cr-0002">
                                                       
                    
                    <personName>
                                                                  
                        
                        <givenNames>Prajakta P.</givenNames>
                                                                  
                        
                        <familyName>Nandanwar</familyName>
                                                               
                    
                    </personName>
                                                    
                
                </creator>
                                            
                
                <creator affiliationRef="#c8-aff-0001" creatorRole="author" xml:id="c8-cr-0003">
                                                       
                    
                    <personName>
                                                                  
                        
                        <givenNames>Annabathini</givenNames>
                                                                  
                        
                        <familyName>Lokesh</familyName>
                                                               
                    
                    </personName>
                                                    
                
                </creator>
                                            
                
                <creator affiliationRef="#c8-aff-0001" creatorRole="author" xml:id="c8-cr-0004">
                                                       
                    
                    <personName>
                                                                  
                        
                        <givenNames>Bathula Lakshmi</givenNames>
                                                                  
                        
                        <familyName>Narayana</familyName>
                                                               
                    
                    </personName>
                                                    
                
                </creator>
                                            
                
                <creator affiliationRef="#c8-aff-0003" creatorRole="author" xml:id="c8-cr-0005">
                                                       
                    
                    <personName>
                                                                  
                        
                        <givenNames>Varun</givenNames>
                                                                  
                        
                        <familyName>Revadigar</familyName>
                                                               
                    
                    </personName>
                                                    
                
                </creator>
                                            
                
                <creator affiliationRef="#c8-aff-0001" creatorRole="author" xml:id="c8-cr-0006">
                                                       
                    
                    <personName>
                                                                  
                        
                        <givenNames>J.</givenNames>
                                                                  
                        
                        <familyName>Judeson Antony Kovilpillai</familyName>
                                                               
                    
                    </personName>
                                                    
                
                </creator>
                                            
                
                <creator affiliationRef="#c8-aff-0004" creatorRole="author" xml:id="c8-cr-0007">
                                                       
                    
                    <personName>
                                                                  
                        
                        <givenNames>Neelapala Anil</givenNames>
                                                                  
                        
                        <familyName>Kumar</familyName>
                                                               
                    
                    </personName>
                                                    
                
                </creator>
                                            
                
                <creator affiliationRef="#c8-aff-0001" creatorRole="author" xml:id="c8-cr-0008">
                                                       
                    
                    <personName>
                                                                  
                        
                        <givenNames>D.M. Deepak</givenNames>
                                                                  
                        
                        <familyName>Raj</familyName>
                                                               
                    
                    </personName>
                                                    
                
                </creator>
                                         
            
            </creators>
                                 
            
            <affiliationGroup>
                                            
                
                <affiliation countryCode="IN" type="organization" xml:id="c8-aff-0001">
                                                       
                    
                    <orgDiv>Department of Computer Science Engineering</orgDiv>
                                                       
                    
                    <orgName>Alliance University</orgName>
                                                       
                    
                    <address>
                                                                  
                        
                        <city>Bangalore</city>
                                                                  
                        
                        <country>India</country>
                                                               
                    
                    </address>
                                                    
                
                </affiliation>
                                            
                
                <affiliation countryCode="IN" type="organization" xml:id="c8-aff-0002">
                                                       
                    
                    <orgDiv>Department of Aerospace Engineering</orgDiv>
                                                       
                    
                    <orgName>Alliance University</orgName>
                                                       
                    
                    <address>
                                                                  
                        
                        <city>Bangalore</city>
                                                                  
                        
                        <country>India</country>
                                                               
                    
                    </address>
                                                    
                
                </affiliation>
                                            
                
                <affiliation countryCode="IN" type="organization" xml:id="c8-aff-0003">
                                                       
                    
                    <orgDiv>Department of Information Technology</orgDiv>
                                                       
                    
                    <orgName>Alliance University</orgName>
                                                       
                    
                    <address>
                                                                  
                        
                        <city>Bangalore</city>
                                                                  
                        
                        <country>India</country>
                                                               
                    
                    </address>
                                                    
                
                </affiliation>
                                            
                
                <affiliation countryCode="IN" type="organization" xml:id="c8-aff-0004">
                                                       
                    
                    <orgDiv>Department of Electronics and Communication Engineering</orgDiv>
                                                       
                    
                    <orgName>Alliance University</orgName>
                                                       
                    
                    <address>
                                                                  
                        
                        <city>Bangalore</city>
                                                                  
                        
                        <country>India</country>
                                                               
                    
                    </address>
                                                    
                
                </affiliation>
                                         
            
            </affiliationGroup>
                                 
            
            <keywordGroup type="author">
                                            
                
                <keyword xml:id="kwd-0001">Turbofan engine</keyword>
                                            
                
                <keyword xml:id="kwd-0002">remaining usable life (RUL)</keyword>
                                            
                
                <keyword xml:id="kwd-0003">predictive maintenance</keyword>
                                            
                
                <keyword xml:id="kwd-0004">deep learning</keyword>
                                            
                
                <keyword xml:id="kwd-0005">aerospace</keyword>
                                         
            
            </keywordGroup>
                                 
            
            <abstractGroup>
                                            
                
                <abstract type="main">
                                                       
                    
                    <title type="main">Summary</title>
                                                       
                    
                    <p>The turbofan engine is part of the critical fleet components driving its airlift aircraft. A stated design requirement for this engine provides thrust to perform various tasks, from astronaut training to scientific research missions. This engine requires periodic maintenance for safe and optimum operations. In this chapter, data science methods and machine learning algorithms are used for the accurate prediction of maintenance needs; and thus, the estimation of remaining useful life related to a turbofan engine. This chapter will cover an in‐depth exploration of different measures of performance of machine learning models and random search to tune the parameters of the model until we find the best fit. Stream Lit will be used to deploy as an application. The ultimate result includes a.csv file along with the model's loss and accuracy by providing the outcomes of the prediction done by the model.</p>
                                                       
                    
                    <p>Many studies propose sophisticated planning models for predictive maintenance but assume general deterioration of the systems or components with fixed parameters instead of using component‐specific data‐driven RUL prognostics. This paper evaluates different techniques of feature extraction and activation function optimization to enhance the accuracy of the proposed predictive maintenance model. The paper will investigate the efficacy of convolutional neural networks and recurrent neural networks in detecting a pattern indicative of an engine breakdown by analysis of historical operational data. This robust deep‐learning programs optimizes the scheduling preventive maintenance for enhanced effectiveness in aerospace systems’ operations.</p>
                                                       
                    
                    <p>This research has the potential to significantly enhance the efficiency of aerospace system operations by scheduling preventative maintenance based on actual engine health and reducing breakdowns in‐flight while optimizing maintenance costs. The best‐performing model is deployed, and users are allowed to estimate engine RUL and study model performance parameters like loss and accuracy via downloadable .csv files.</p>
                                                    
                
                </abstract>
                                         
            
            </abstractGroup>
                              
        
        </contentMeta>
                   
    
    </header>
           
    
    
        

</component>