<?xml version="1.0" encoding="UTF-8"?><component xmlns="http://www.wiley.com/namespaces/wiley" xmlns:wiley="http://www.wiley.com/namespaces/wiley/wiley" type="bookChapter" version="2.0" xml:id="w9781394275045c9" xml:lang="en">
           
    
    <header>
                      
        
        <publicationMeta level="product">
                                 
            
            <publisherInfo>
                                            
                
                <publisherName>John Wiley &amp; Sons, Inc.</publisherName>
                                            
                
                <publisherLoc>Hoboken, NJ, USA</publisherLoc>
                                         
            
            </publisherInfo>
                                 
            
            <doi origin="wiley" registered="yes">10.1002/9781394275076</doi>
                                 
            
            <isbn type="online-13">9781394275076</isbn>
                                 
            
            <isbn type="printCloth-13">9781394275045</isbn>
                                 
            
            <idGroup>
                                            
                
                <id type="product" value="N9781394275076"/>
                                         
            
            </idGroup>
                                 
            
            <titleGroup>
                                            
                
                <title sort="ARTIFICIAL INTELLIGENCE AND MACHINE LEARNING FOR INDUSTRY 4.0" type="main">Artificial Intelligence and Machine Learning for Industry 4.0</title>
                                            
                
                <title type="tocForm">Artificial Intelligence and Machine Learning for Industry 4.0</title>
                                         
            
            </titleGroup>
                                 
            
            <copyright ownership="thirdParty">© 2025 Scrivener Publishing LLC</copyright>
                                 
            
            <eventGroup>
                                            
                
                <event date="2025-06-23" type="publishedPrint"/>
                                         
            
            </eventGroup>
                                 
            
            <creators>
                                            
                
                <creator creatorRole="editor" xml:id="cr-0001">
                                                       
                    
                    <personName>
                                                                  
                        
                        <givenNames>M.</givenNames>
                                                                  
                        
                        <familyName>Thirunavukkarasan</familyName>
                                                               
                    
                    </personName>
                                                    
                
                </creator>
                                            
                
                <creator creatorRole="editor" xml:id="cr-0002">
                                                       
                    
                    <personName>
                                                                  
                        
                        <givenNames>S. A.</givenNames>
                                                                  
                        
                        <familyName>Sahaaya Arul Mary</familyName>
                                                               
                    
                    </personName>
                                                    
                
                </creator>
                                            
                
                <creator creatorRole="editor" xml:id="cr-0003">
                                                       
                    
                    <personName>
                                                                  
                        
                        <givenNames>R</givenNames>
                                                                  
                        
                        <familyName>Sathiyaraj</familyName>
                                                               
                    
                    </personName>
                                                    
                
                </creator>
                                            
                
                <creator creatorRole="editor" xml:id="cr-0004">
                                                       
                    
                    <personName>
                                                                  
                        
                        <givenNames>G. S.</givenNames>
                                                                  
                        
                        <familyName>Pradeep Ghantasala</familyName>
                                                               
                    
                    </personName>
                                                    
                
                </creator>
                                            
                
                <creator creatorRole="editor" xml:id="cr-0005">
                                                       
                    
                    <personName>
                                                                  
                        
                        <givenNames>Mudassir</givenNames>
                                                                  
                        
                        <familyName>Khan</familyName>
                                                               
                    
                    </personName>
                                                    
                
                </creator>
                                         
            
            </creators>
                              
        
        </publicationMeta>
                      
        
        <publicationMeta level="unit" position="100" type="chapter">
                                 
            
            <doi origin="wiley" registered="yes">10.1002/9781394275076.ch9</doi>
                                 
            
            <idGroup>
                                            
                
                <id type="unit" value="ch9"/>
                                            
                
                <id type="file" value="ch9"/>
                                         
            
            </idGroup>
                                 
            
            <countGroup>
                                            
                
                <count number="24" type="pageTotal"/>
                                         
            
            </countGroup>
                                 
            
            <copyright ownership="thirdParty">© 2025 Scrivener Publishing LLC</copyright>
                                 
            
            <eventGroup><event agent="SPi Global" date="2025-06-06" type="xmlCreated"/><event date="2025-06-07" type="publishedOnlineFinalForm"/><event date="2025-06-07" type="firstOnline"/><event type="xmlConverted" agent="Converter:WML3G_To_WML3G version:1.9.3 mode:Header,remove_FC" date="2025-06-07"/></eventGroup>
                                 
            
            <numberingGroup>
                                            
                
                <numbering type="main">9</numbering>
                                            
                
                <numbering type="pageFirst">223</numbering>
                                            
                
                <numbering type="pageLast">246</numbering>
                                         
            
            </numberingGroup>
                                 
            
            <linkGroup>
                                            
                
                <link href="file:ch9.pdf" type="toTypesetVersion"/>
                                         
            
            </linkGroup>
                              
        
        </publicationMeta>
                      
        
        <contentMeta>
                                 
            
            <countGroup>
                                            
                
                <count number="5" type="figureTotal"/>
                                            
                
                <count number="2" type="tableTotal"/>
                                            
                
                <count number="43" type="referenceTotal"/>
                                         
            
            </countGroup>
                                 
            
            <titleGroup>
                                            
                
                <title type="main">Industrial Predictive Maintenance for Sustainable Manufacturing</title>
                                         
            
            </titleGroup>
                                 
            
            <creators>
                                            
                
                <creator affiliationRef="#c9-aff-0001" creatorRole="author" xml:id="c9-cr-0001">
                                                       
                    
                    <personName>
                                                                  
                        
                        <givenNames>Mohammed</givenNames>
                                                                  
                        
                        <familyName>Rihan</familyName>
                                                               
                    
                    </personName>
                                                    
                
                </creator>
                                            
                
                <creator affiliationRef="#c9-aff-0001" creatorRole="author" xml:id="c9-cr-0002">
                                                       
                    
                    <personName>
                                                                  
                        
                        <givenNames>Ethiswar</givenNames>
                                                                  
                        
                        <familyName>Muchherla</familyName>
                                                               
                    
                    </personName>
                                                    
                
                </creator>
                                            
                
                <creator affiliationRef="#c9-aff-0001" creatorRole="author" xml:id="c9-cr-0003">
                                                       
                    
                    <personName>
                                                                  
                        
                        <givenNames>Shwejit</givenNames>
                                                                  
                        
                        <familyName>Shri</familyName>
                                                               
                    
                    </personName>
                                                    
                
                </creator>
                                            
                
                <creator affiliationRef="#c9-aff-0001" creatorRole="author" xml:id="c9-cr-0004">
                                                       
                    
                    <personName>
                                                                  
                        
                        <givenNames>Kushagra</givenNames>
                                                                  
                        
                        <familyName>Jasoria</familyName>
                                                               
                    
                    </personName>
                                                    
                
                </creator>
                                            
                
                <creator affiliationRef="#c9-aff-0001" creatorRole="author" xml:id="c9-cr-0005">
                                                       
                    
                    <personName>
                                                                  
                        
                        <givenNames>J.</givenNames>
                                                                  
                        
                        <familyName>Judeson Antony Kovilpillai</familyName>
                                                               
                    
                    </personName>
                                                    
                
                </creator>
                                            
                
                <creator affiliationRef="#c9-aff-0001" creatorRole="author" xml:id="c9-cr-0006">
                                                       
                    
                    <personName>
                                                                  
                        
                        <givenNames>G. S. Pradeep</givenNames>
                                                                  
                        
                        <familyName>Ghantasala</familyName>
                                                               
                    
                    </personName>
                                                    
                
                </creator>
                                         
            
            </creators>
                                 
            
            <affiliationGroup>
                                            
                
                <affiliation countryCode="IN" type="organization" xml:id="c9-aff-0001">
                                                       
                    
                    <orgDiv>Department of Computer Science and Engineering</orgDiv>
                                                       
                    
                    <orgName>Alliance University</orgName>
                                                       
                    
                    <address>
                                                                  
                        
                        <city>Bangalore</city>
                                                                  
                        
                        <country>India</country>
                                                               
                    
                    </address>
                                                    
                
                </affiliation>
                                         
            
            </affiliationGroup>
                                 
            
            <keywordGroup type="author">
                                            
                
                <keyword xml:id="kwd-0001">Predictive maintenance</keyword>
                                            
                
                <keyword xml:id="kwd-0002">condition monitoring</keyword>
                                            
                
                <keyword xml:id="kwd-0003">IoT sensors</keyword>
                                            
                
                <keyword xml:id="kwd-0004">machine learning models</keyword>
                                            
                
                <keyword xml:id="kwd-0005">operational efficiency</keyword>
                                            
                
                <keyword xml:id="kwd-0006">sustainable manufacturing</keyword>
                                         
            
            </keywordGroup>
                                 
            
            <abstractGroup>
                                            
                
                <abstract type="main">
                                                       
                    
                    <title type="main">Summary</title>
                                                       
                    
                    <p>As industries have moved towards growth, the incorporation of advanced technologies is very crucial. One of the most important benefits of these technologies is the possibility of using them for scheduling, in particular, for the prediction of failures and the optimal planning of maintenance work. This chapter focuses on the impact of predictive maintenance in a variety of industries, and its value in reducing or avoiding costly breakdowns, increasing the profitability of the business, and increasing the overall performance indicator of industrial processes. Compared with traditional strategies, predictive maintenance is a completely different approach to perform maintenance.</p>
                                                       
                    
                    <p>Condition monitoring of equipment is done continuously to check on the equipment's state and if it is operating differently from the usual state, then it is time for equipment maintenance. After a particular equipment has been identified as likely to fail in the near future, it is possible to plan the maintenance at the best time that will not interrupt the production process while at the same time making the best use of the maintenance resources available.</p>
                                                       
                    
                    <p>A comparative analysis of different research works is also done to show the efficiency of predictive maintenance in various fields. Within manufacturing, one example showed a 30% improvement of the effective use of machines by applying IoT sensors and using machine learning models to anticipate the failure of key machines. The use of predictive maintenance has been implemented in the energy sector specifically in wind turbines, where it has cut the cost of maintenance by a quarter, besides increasing the lifespan of the turbines. Automotive manufacturing has also been positively impacted as predictive maintenance has helped in detecting possible failures in robotic arms and other components; this has realized a 20% improvement in the overall equipment effectiveness (OEE) and cost savings. However, as is often the case with new methodologies, the introduction of predictive maintenance is not without its challenges.</p>
                                                       
                    
                    <p>Some challenges include high initial costs associated with the installation of IoT devices and sensors, integration of the predictive maintenance systems and architectures with the current system architecture, and the need for skilled personnel to manage as well as to analyze data from the systems. The chapter also describes the application and examples of using the predictive maintenance in practice and other industries, showing that this approach can provide tangible benefits and bring considerable improvements in companies’ performance. The automotive industry has been able to use predictive maintenance in improving the operational efficiency of production lines and minimize equipment failure.</p>
                                                    
                
                </abstract>
                                         
            
            </abstractGroup>
                              
        
        </contentMeta>
                   
    
    </header>
           
    
    
        

</component>